OrderID,OrderDate,CustomerID,CustomerSegment,Region,Category,Product,UnitPrice,Quantity,DiscountPct,GrossRevenue,DiscountAmount,NetRevenue,PaymentMethod,IsReturned
ORD104162,2023-01-01,CUST03586,Returning,West,Electronics,Wireless Earbuds,30.21,6,0,181.26,0.0,181.26,Debit Card,0
ORD100755,2023-01-01,CUST02240,VIP,West,Electronics,Smart Watch,90.31,3,0,270.93,0.0,270.93,UPI,0
ORD103556,2023-01-01,CUST03258,VIP,South,Home & Kitchen,Vacuum Cleaner,103.98,5,5,519.9,26.0,493.9,Debit Card,0
ORD105177,2023-01-01,CUST02881,VIP,East,Apparel,Denim Jacket,91.75,4,0,367.0,0.0,367.0,UPI,0
ORD100648,2023-01-01,CUST02409,Returning,South,Beauty & Personal Care,Skincare Kit,72.36,3,0,217.08,0.0,217.08,Credit Card,0
ORD103250,2023-01-01,CUST02435,New,Central,Electronics,Wireless Earbuds,33.31,5,15,166.55,24.98,141.57,UPI,0
ORD103051,2023-01-01,CUST02282,Returning,South,Apparel,Yoga Pants,105.62,1,0,105.62,0.0,105.62,UPI,0
ORD102034,2023-01-01,CUST02475,VIP,Central,Apparel,Running Shoes,20.12,3,0,60.36,0.0,60.36,Debit Card,0
ORD100979,2023-01-01,CUST02458,Returning,South,Home & Kitchen,Coffee Maker,25.79,2,0,51.58,0.0,51.58,Cash on Delivery,0
ORD101137,2023-01-01,CUST02360,Returning,South,Beauty & Personal Care,Hair Dryer,52.66,2,0,105.32,0.0,105.32,Credit Card,0
ORD101977,2023-01-01,CUST03882,New,West,Apparel,Denim Jacket,69.67,2,0,139.34,0.0,139.34,Credit Card,0
ORD100068,2023-01-02,CUST01529,New,North,Sports & Outdoors,Yoga Mat,168.16,2,0,336.32,0.0,336.32,Credit Card,0
ORD100268,2023-01-02,CUST03901,New,West,Sports & Outdoors,Yoga Mat,143.16,6,0,858.96,0.0,858.96,Net Banking,0
ORD101915,2023-01-02,CUST04083,New,South,Electronics,Smartphone Case,130.51,4,10,522.04,52.2,469.84,Net Banking,0
ORD105145,2023-01-02,CUST02175,Returning,Central,Beauty & Personal Care,Hair Dryer,72.19,5,0,360.95,0.0,360.95,Debit Card,0
ORD101801,2023-01-02,CUST01503,New,East,Electronics,Wireless Earbuds,237.63,2,0,475.26,0.0,475.26,UPI,0
ORD102135,2023-01-02,CUST01112,Returning,West,Home & Kitchen,Coffee Maker,79.11,2,5,158.22,7.91,150.31,Cash on Delivery,0
ORD100212,2023-01-02,CUST02561,New,North,Apparel,Cotton T-Shirt,40.27,3,15,120.81,18.12,102.69,UPI,1
ORD102089,2023-01-03,CUST02235,Returning,North,Electronics,Smartphone Case,95.06,5,10,475.3,47.53,427.77,UPI,0
ORD103741,2023-01-03,CUST02817,Returning,Central,Electronics,Wireless Earbuds,145.88,2,0,291.76,0.0,291.76,Credit Card,0
ORD100883,2023-01-03,CUST02016,Returning,South,Home & Kitchen,Coffee Maker,68.56,3,0,205.68,0.0,205.68,Debit Card,0
ORD101492,2023-01-03,CUST02358,New,West,Electronics,Power Bank,156.78,4,15,627.12,94.07,533.05,UPI,1
ORD104476,2023-01-03,CUST03772,Returning,South,Apparel,Running Shoes,48.09,5,10,240.45,24.04,216.41,Debit Card,0
ORD103909,2023-01-03,CUST02738,New,South,Home & Kitchen,Vacuum Cleaner,170.67,4,5,682.68,34.13,648.55,Credit Card,1
ORD104673,2023-01-03,CUST03810,New,South,Electronics,Bluetooth Speaker,62.1,2,15,124.2,18.63,105.57,Cash on Delivery,0
ORD101550,2023-01-03,CUST04640,VIP,East,Apparel,Winter Coat,16.41,4,0,65.64,0.0,65.64,Debit Card,0
ORD105704,2023-01-04,CUST04812,New,Central,Electronics,Wireless Earbuds,248.37,4,0,993.48,0.0,993.48,Cash on Delivery,0
ORD101300,2023-01-04,CUST04756,Returning,South,Home & Kitchen,Vacuum Cleaner,65.06,1,0,65.06,0.0,65.06,UPI,0
ORD104080,2023-01-04,CUST04588,New,South,Beauty & Personal Care,Hair Dryer,79.74,5,0,398.7,0.0,398.7,Cash on Delivery,0
ORD100955,2023-01-04,CUST03794,VIP,East,Electronics,Bluetooth Speaker,241.84,5,0,1209.2,0.0,1209.2,UPI,0
ORD105499,2023-01-04,CUST01742,Returning,South,Apparel,Denim Jacket,22.28,2,0,44.56,0.0,44.56,Credit Card,0
ORD103885,2023-01-05,CUST03363,Returning,North,Sports & Outdoors,Camping Tent,59.93,3,0,179.79,0.0,179.79,Credit Card,0
ORD105281,2023-01-05,CUST02696,New,East,Home & Kitchen,Air Fryer,47.98,2,10,95.96,9.6,86.36,UPI,0
ORD100721,2023-01-05,CUST04948,New,South,Beauty & Personal Care,Face Serum,78.31,4,20,313.24,62.65,250.59,Cash on Delivery,0
ORD101024,2023-01-05,CUST01486,Returning,North,Beauty & Personal Care,Face Serum,13.61,7,0,95.27,0.0,95.27,Debit Card,0
ORD100833,2023-01-05,CUST04574,New,South,Home & Kitchen,Cookware Set,138.45,5,20,692.25,138.45,553.8,Credit Card,0
ORD100132,2023-01-05,CUST03598,New,South,Electronics,Wireless Earbuds,172.28,3,5,516.84,25.84,491.0,Net Banking,0
ORD105344,2023-01-05,CUST01160,VIP,West,Electronics,Power Bank,162.64,3,0,487.92,0.0,487.92,Credit Card,1
ORD105423,2023-01-05,CUST01191,New,East,Home & Kitchen,Air Fryer,98.53,3,5,295.59,14.78,280.81,Cash on Delivery,0
ORD100420,2023-01-05,CUST02670,New,North,Electronics,Smartphone Case,27.75,3,0,83.25,0.0,83.25,Credit Card,0
ORD105223,2023-01-06,CUST04829,Returning,East,Beauty & Personal Care,Face Serum,85.71,4,0,342.84,0.0,342.84,Net Banking,1
ORD105510,2023-01-06,CUST01292,Returning,West,Sports & Outdoors,Yoga Mat,17.51,8,0,140.08,0.0,140.08,Credit Card,0
ORD105417,2023-01-06,CUST01509,Returning,North,Beauty & Personal Care,Electric Trimmer,29.2,1,0,29.2,0.0,29.2,Credit Card,0
ORD100951,2023-01-06,CUST03267,New,Central,Electronics,Power Bank,47.78,4,0,191.12,0.0,191.12,Credit Card,0
ORD105097,2023-01-06,CUST03648,Returning,West,Home & Kitchen,Cookware Set,105.28,5,0,526.4,0.0,526.4,Net Banking,0
ORD105501,2023-01-06,CUST04758,New,East,Apparel,Yoga Pants,109.14,5,0,545.7,0.0,545.7,Debit Card,1
ORD104517,2023-01-06,CUST02148,Returning,South,Sports & Outdoors,Camping Tent,194.33,5,0,971.65,0.0,971.65,Credit Card,0
ORD101834,2023-01-07,CUST03098,New,Central,Home & Kitchen,Blender,172.38,4,10,689.52,68.95,620.57,Credit Card,0
ORD105967,2023-01-07,CUST02879,VIP,North,Home & Kitchen,Air Fryer,41.84,7,10,292.88,29.29,263.59,Credit Card,0
ORD101251,2023-01-07,CUST02898,VIP,East,Home & Kitchen,Air Fryer,55.72,4,0,222.88,0.0,222.88,Debit Card,0
ORD101687,2023-01-07,CUST02523,New,North,Home & Kitchen,Coffee Maker,175.35,3,15,526.05,78.91,447.14,UPI,0
ORD104611,2023-01-07,CUST04747,New,West,Electronics,Smart Watch,147.38,6,10,884.28,88.43,795.85,Credit Card,0
ORD102346,2023-01-07,CUST03675,VIP,West,Electronics,Power Bank,157.88,3,0,473.64,0.0,473.64,Debit Card,0
ORD103358,2023-01-07,CUST02384,VIP,West,Apparel,Yoga Pants,75.91,4,15,303.64,45.55,258.09,UPI,0
ORD104362,2023-01-07,CUST01618,Returning,North,Apparel,Winter Coat,52.29,5,0,261.45,0.0,261.45,Debit Card,1
ORD101618,2023-01-07,CUST03974,New,Central,Home & Kitchen,Air Fryer,88.59,2,15,177.18,26.58,150.6,Debit Card,0
ORD100882,2023-01-07,CUST03103,New,East,Home & Kitchen,Air Fryer,59.19,3,0,177.57,0.0,177.57,Credit Card,0
ORD102941,2023-01-08,CUST04850,VIP,West,Home & Kitchen,Air Fryer,165.7,6,0,994.2,0.0,994.2,Credit Card,0
ORD103957,2023-01-08,CUST03123,Returning,East,Electronics,Smartphone Case,132.89,5,0,664.45,0.0,664.45,Cash on Delivery,0
ORD105885,2023-01-08,CUST01077,New,Central,Sports & Outdoors,Yoga Mat,128.8,9,5,1159.2,57.96,1101.24,Credit Card,0
ORD101227,2023-01-08,CUST03287,VIP,South,Home & Kitchen,Vacuum Cleaner,107.36,2,0,214.72,0.0,214.72,Credit Card,0
ORD102011,2023-01-08,CUST03272,Returning,East,Apparel,Denim Jacket,67.14,2,0,134.28,0.0,134.28,Debit Card,0
ORD100693,2023-01-08,CUST01352,Returning,East,Electronics,Wireless Earbuds,90.57,1,0,90.57,0.0,90.57,Credit Card,0
ORD104929,2023-01-08,CUST02458,New,South,Electronics,Bluetooth Speaker,148.48,4,10,593.92,59.39,534.53,Credit Card,0
ORD105393,2023-01-08,CUST03923,VIP,Central,Apparel,Cotton T-Shirt,109.3,4,10,437.2,43.72,393.48,Credit Card,0
ORD103162,2023-01-08,CUST02482,New,North,Sports & Outdoors,Cycling Helmet,83.16,3,0,249.48,0.0,249.48,Debit Card,0
ORD100862,2023-01-08,CUST01586,New,South,Home & Kitchen,Air Fryer,130.79,6,5,784.74,39.24,745.5,Debit Card,0
ORD102513,2023-01-08,CUST03117,Returning,North,Beauty & Personal Care,Electric Trimmer,45.74,2,0,91.48,0.0,91.48,Credit Card,0
ORD105661,2023-01-09,CUST01743,Returning,East,Beauty & Personal Care,Skincare Kit,60.86,5,0,304.3,0.0,304.3,Net Banking,0
ORD100598,2023-01-09,CUST03919,New,Central,Apparel,Yoga Pants,106.01,4,5,424.04,21.2,402.84,Credit Card,0
ORD100275,2023-01-09,CUST02633,New,North,Beauty & Personal Care,Electric Trimmer,9.79,1,0,9.79,0.0,9.79,UPI,0
ORD101818,2023-01-09,CUST03069,Returning,Central,Electronics,Wireless Earbuds,199.0,4,15,796.0,119.4,676.6,Net Banking,0
ORD103992,2023-01-10,CUST03681,Returning,West,Apparel,Running Shoes,92.72,9,10,834.48,83.45,751.03,Debit Card,0
ORD102169,2023-01-10,CUST03595,New,South,Beauty & Personal Care,Skincare Kit,23.5,3,0,70.5,0.0,70.5,Credit Card,0
ORD103630,2023-01-10,CUST01716,New,East,Apparel,Denim Jacket,116.3,5,0,581.5,0.0,581.5,UPI,0
ORD102665,2023-01-10,CUST04518,New,West,Electronics,Wireless Earbuds,53.93,2,0,107.86,0.0,107.86,Net Banking,0
ORD102498,2023-01-10,CUST01911,New,West,Electronics,Wireless Earbuds,203.4,4,5,813.6,40.68,772.92,Debit Card,0
ORD101942,2023-01-10,CUST02578,New,East,Electronics,Wireless Earbuds,130.67,3,0,392.01,0.0,392.01,Cash on Delivery,0
ORD104142,2023-01-10,CUST02625,New,East,Sports & Outdoors,Cycling Helmet,99.34,3,0,298.02,0.0,298.02,Debit Card,0
ORD100718,2023-01-10,CUST03863,VIP,South,Electronics,Smart Watch,24.93,3,10,74.79,7.48,67.31,UPI,0
ORD100989,2023-01-10,CUST02993,New,Central,Apparel,Cotton T-Shirt,102.0,7,0,714.0,0.0,714.0,UPI,0
ORD105278,2023-01-10,CUST04893,Returning,Central,Sports & Outdoors,Cycling Helmet,186.67,8,0,1493.36,0.0,1493.36,UPI,0
ORD101346,2023-01-11,CUST02953,New,West,Electronics,Bluetooth Speaker,27.45,7,5,192.15,9.61,182.54,Net Banking,0
ORD101778,2023-01-11,CUST02647,Returning,North,Sports & Outdoors,Camping Tent,69.13,6,0,414.78,0.0,414.78,Credit Card,0
ORD101099,2023-01-11,CUST04807,Returning,West,Sports & Outdoors,Water Bottle,43.54,4,0,174.16,0.0,174.16,Credit Card,0
ORD105009,2023-01-11,CUST02195,New,West,Sports & Outdoors,Yoga Mat,160.1,2,5,320.2,16.01,304.19,Credit Card,0
ORD104569,2023-01-11,CUST04055,VIP,West,Electronics,Bluetooth Speaker,194.58,5,0,972.9,0.0,972.9,Credit Card,0
ORD101515,2023-01-11,CUST04812,VIP,North,Electronics,Bluetooth Speaker,162.18,5,0,810.9,0.0,810.9,Net Banking,0
ORD104242,2023-01-12,CUST02670,Returning,West,Electronics,Wireless Earbuds,154.92,2,0,309.84,0.0,309.84,UPI,0
ORD101846,2023-01-12,CUST03258,Returning,Central,Apparel,Yoga Pants,45.84,4,15,183.36,27.5,155.86,UPI,0
ORD105761,2023-01-12,CUST01978,New,West,Beauty & Personal Care,Hair Dryer,51.87,5,20,259.35,51.87,207.48,Debit Card,0
ORD102281,2023-01-12,CUST02846,New,East,Home & Kitchen,Coffee Maker,174.39,5,0,871.95,0.0,871.95,Debit Card,0
ORD105727,2023-01-12,CUST02526,New,West,Sports & Outdoors,Yoga Mat,189.36,4,10,757.44,75.74,681.7,UPI,0
ORD105605,2023-01-12,CUST01258,New,South,Electronics,Smart Watch,151.61,4,0,606.44,0.0,606.44,Net Banking,0
ORD101986,2023-01-12,CUST01909,VIP,Central,Home & Kitchen,Air Fryer,125.23,6,0,751.38,0.0,751.38,UPI,0
ORD103650,2023-01-12,CUST02977,New,West,Home & Kitchen,Coffee Maker,93.59,3,10,280.77,28.08,252.69,UPI,0
ORD101400,2023-01-12,CUST01052,New,East,Sports & Outdoors,Yoga Mat,25.37,5,10,126.85,12.68,114.17,Cash on Delivery,0
ORD100687,2023-01-12,CUST01299,New,North,Beauty & Personal Care,Skincare Kit,42.43,5,10,212.15,21.22,190.93,Credit Card,0
ORD102377,2023-01-12,CUST04356,New,West,Electronics,Bluetooth Speaker,164.0,2,0,328.0,0.0,328.0,Credit Card,0
ORD102098,2023-01-12,CUST04352,Returning,North,Electronics,Smart Watch,55.43,3,0,166.29,0.0,166.29,UPI,0
ORD100512,2023-01-12,CUST01886,VIP,West,Apparel,Winter Coat,73.13,5,0,365.65,0.0,365.65,Credit Card,1
ORD102333,2023-01-12,CUST02393,Returning,South,Sports & Outdoors,Cycling Helmet,142.44,5,0,712.2,0.0,712.2,Debit Card,0
ORD102680,2023-01-12,CUST01608,Returning,South,Sports & Outdoors,Cycling Helmet,36.06,2,5,72.12,3.61,68.51,Credit Card,0
ORD103805,2023-01-12,CUST03099,New,South,Sports & Outdoors,Water Bottle,167.21,3,10,501.63,50.16,451.47,Credit Card,0
ORD105434,2023-01-13,CUST01442,VIP,Central,Sports & Outdoors,Cycling Helmet,86.03,7,5,602.21,30.11,572.1,Credit Card,0
ORD103724,2023-01-13,CUST01096,VIP,Central,Apparel,Winter Coat,74.01,3,0,222.03,0.0,222.03,UPI,0
ORD103599,2023-01-13,CUST01863,New,East,Sports & Outdoors,Yoga Mat,167.3,1,5,167.3,8.36,158.94,Credit Card,0
ORD103518,2023-01-13,CUST01007,New,South,Home & Kitchen,Coffee Maker,162.35,3,5,487.05,24.35,462.7,UPI,0
ORD103700,2023-01-13,CUST04658,Returning,West,Apparel,Denim Jacket,106.08,4,0,424.32,0.0,424.32,Credit Card,0
ORD102454,2023-01-13,CUST02470,Returning,South,Electronics,Wireless Earbuds,223.58,3,0,670.74,0.0,670.74,Credit Card,0
ORD102672,2023-01-13,CUST03861,Returning,West,Sports & Outdoors,Camping Tent,29.32,5,10,146.6,14.66,131.94,UPI,0
ORD104995,2023-01-13,CUST02160,New,North,Electronics,Smartphone Case,88.76,8,0,710.08,0.0,710.08,UPI,0
ORD104923,2023-01-13,CUST02074,VIP,West,Electronics,Power Bank,116.6,4,20,466.4,93.28,373.12,UPI,0
ORD105149,2023-01-13,CUST02717,Returning,North,Sports & Outdoors,Cycling Helmet,180.76,6,0,1084.56,0.0,1084.56,UPI,0
ORD100993,2023-01-13,CUST04085,VIP,East,Electronics,Bluetooth Speaker,232.72,4,0,930.88,0.0,930.88,Debit Card,0
ORD103637,2023-01-14,CUST04866,Returning,South,Home & Kitchen,Blender,51.56,7,15,360.92,54.14,306.78,Credit Card,0
ORD104876,2023-01-14,CUST02662,Returning,East,Electronics,Power Bank,77.27,6,20,463.62,92.72,370.9,UPI,0
ORD101923,2023-01-14,CUST01520,New,West,Sports & Outdoors,Dumbbell Set,70.82,4,0,283.28,0.0,283.28,Credit Card,0
ORD101845,2023-01-14,CUST03864,New,West,Electronics,Smartphone Case,145.25,3,0,435.75,0.0,435.75,UPI,0
ORD100053,2023-01-14,CUST01694,Returning,North,Electronics,Wireless Earbuds,87.3,4,5,349.2,17.46,331.74,Credit Card,0
ORD102682,2023-01-14,CUST04907,New,South,Electronics,Power Bank,67.62,9,0,608.58,0.0,608.58,Debit Card,0
ORD103893,2023-01-15,CUST01418,New,North,Electronics,Smartphone Case,227.18,4,5,908.72,45.44,863.28,UPI,0
ORD100097,2023-01-15,CUST03770,Returning,West,Home & Kitchen,Air Fryer,66.36,3,5,199.08,9.95,189.13,Credit Card,0
ORD100889,2023-01-15,CUST04769,Returning,North,Beauty & Personal Care,Hair Dryer,37.1,6,10,222.6,22.26,200.34,UPI,0
ORD101059,2023-01-15,CUST04490,Returning,West,Electronics,Smartphone Case,143.63,2,10,287.26,28.73,258.53,Debit Card,0
ORD101083,2023-01-15,CUST03308,VIP,Central,Apparel,Cotton T-Shirt,77.66,6,15,465.96,69.89,396.07,UPI,0
ORD100138,2023-01-15,CUST03880,New,South,Sports & Outdoors,Camping Tent,166.48,2,10,332.96,33.3,299.66,UPI,0
ORD101462,2023-01-16,CUST04813,Returning,South,Electronics,Smartphone Case,106.03,3,0,318.09,0.0,318.09,Credit Card,0
ORD101422,2023-01-16,CUST03052,New,East,Electronics,Bluetooth Speaker,143.02,3,0,429.06,0.0,429.06,UPI,0
ORD105696,2023-01-16,CUST03276,New,West,Apparel,Running Shoes,107.43,2,5,214.86,10.74,204.12,UPI,0
ORD100490,2023-01-16,CUST03010,VIP,West,Apparel,Running Shoes,114.98,2,0,229.96,0.0,229.96,Credit Card,0
ORD102977,2023-01-16,CUST04087,Returning,Central,Electronics,Wireless Earbuds,194.78,2,0,389.56,0.0,389.56,Debit Card,0
ORD103138,2023-01-16,CUST03570,VIP,North,Sports & Outdoors,Yoga Mat,92.65,2,15,185.3,27.8,157.5,UPI,0
ORD102488,2023-01-17,CUST03736,Returning,North,Electronics,Power Bank,176.85,1,0,176.85,0.0,176.85,UPI,0
ORD103774,2023-01-17,CUST03701,New,West,Beauty & Personal Care,Electric Trimmer,81.55,4,10,326.2,32.62,293.58,Credit Card,0
ORD100340,2023-01-17,CUST04279,New,Central,Apparel,Winter Coat,24.69,1,10,24.69,2.47,22.22,Debit Card,0
ORD101376,2023-01-17,CUST01382,New,West,Sports & Outdoors,Cycling Helmet,116.0,3,0,348.0,0.0,348.0,UPI,0
ORD104605,2023-01-17,CUST02761,Returning,North,Home & Kitchen,Air Fryer,29.55,5,0,147.75,0.0,147.75,UPI,0
ORD101669,2023-01-17,CUST01270,New,Central,Home & Kitchen,Air Fryer,30.79,7,0,215.53,0.0,215.53,Debit Card,0
ORD105608,2023-01-17,CUST03184,New,South,Apparel,Running Shoes,42.59,8,0,340.72,0.0,340.72,Credit Card,0
ORD104289,2023-01-17,CUST02882,VIP,Central,Home & Kitchen,Blender,102.68,2,10,205.36,20.54,184.82,UPI,0
ORD101643,2023-01-17,CUST04097,New,North,Electronics,Bluetooth Speaker,49.44,4,10,197.76,19.78,177.98,Debit Card,0
ORD104013,2023-01-17,CUST03286,New,East,Sports & Outdoors,Camping Tent,162.23,4,0,648.92,0.0,648.92,UPI,0
ORD101314,2023-01-17,CUST04560,Returning,South,Electronics,Power Bank,193.59,4,0,774.36,0.0,774.36,Debit Card,0
ORD101396,2023-01-17,CUST04252,Returning,Central,Electronics,Smart Watch,20.26,6,15,121.56,18.23,103.33,Cash on Delivery,0
ORD102524,2023-01-17,CUST04334,VIP,East,Electronics,Power Bank,30.73,2,5,61.46,3.07,58.39,Credit Card,0
ORD100365,2023-01-18,CUST04911,New,West,Sports & Outdoors,Cycling Helmet,76.35,3,0,229.05,0.0,229.05,Credit Card,0
ORD104552,2023-01-18,CUST02254,VIP,North,Home & Kitchen,Cookware Set,131.3,4,0,525.2,0.0,525.2,UPI,0
ORD105060,2023-01-18,CUST04105,New,South,Electronics,Wireless Earbuds,241.86,1,0,241.86,0.0,241.86,UPI,0
ORD101204,2023-01-18,CUST01346,New,North,Home & Kitchen,Cookware Set,85.69,2,0,171.38,0.0,171.38,Credit Card,0
ORD104587,2023-01-19,CUST04942,New,South,Apparel,Cotton T-Shirt,46.34,2,0,92.68,0.0,92.68,Credit Card,0
ORD103253,2023-01-19,CUST04549,Returning,West,Beauty & Personal Care,Face Serum,50.26,5,0,251.3,0.0,251.3,UPI,0
ORD103543,2023-01-19,CUST01293,Returning,West,Home & Kitchen,Cookware Set,76.5,2,0,153.0,0.0,153.0,UPI,1
ORD104853,2023-01-19,CUST02880,Returning,East,Electronics,Bluetooth Speaker,141.09,2,0,282.18,0.0,282.18,Debit Card,0
ORD100559,2023-01-19,CUST01020,New,North,Sports & Outdoors,Camping Tent,117.35,7,0,821.45,0.0,821.45,Debit Card,0
ORD102062,2023-01-19,CUST02057,Returning,West,Beauty & Personal Care,Electric Trimmer,26.39,8,10,211.12,21.11,190.01,Net Banking,0
ORD102737,2023-01-19,CUST03897,Returning,East,Electronics,Smartphone Case,112.39,3,0,337.17,0.0,337.17,Net Banking,0
ORD104259,2023-01-19,CUST01515,VIP,North,Apparel,Denim Jacket,108.38,4,20,433.52,86.7,346.82,Net Banking,0
ORD101203,2023-01-19,CUST03996,Returning,North,Sports & Outdoors,Dumbbell Set,56.64,2,0,113.28,0.0,113.28,UPI,0
ORD105438,2023-01-19,CUST01082,New,South,Beauty & Personal Care,Face Serum,18.61,3,5,55.83,2.79,53.04,Credit Card,0
ORD103940,2023-01-19,CUST02348,VIP,Central,Beauty & Personal Care,Hair Dryer,17.88,3,10,53.64,5.36,48.28,UPI,0
ORD102641,2023-01-19,CUST04410,Returning,East,Sports & Outdoors,Camping Tent,149.15,3,5,447.45,22.37,425.08,Credit Card,0
ORD105920,2023-01-20,CUST04779,New,East,Sports & Outdoors,Camping Tent,161.91,2,0,323.82,0.0,323.82,UPI,0
ORD102687,2023-01-20,CUST04815,New,South,Apparel,Yoga Pants,46.29,1,10,46.29,4.63,41.66,Credit Card,1
ORD102707,2023-01-20,CUST02640,New,West,Electronics,Smartphone Case,95.76,6,0,574.56,0.0,574.56,Credit Card,0
ORD104321,2023-01-20,CUST02616,New,Central,Beauty & Personal Care,Perfume,53.05,2,20,106.1,21.22,84.88,Credit Card,0
ORD103480,2023-01-20,CUST03859,Returning,East,Sports & Outdoors,Cycling Helmet,171.86,4,0,687.44,0.0,687.44,Cash on Delivery,0
ORD102697,2023-01-20,CUST04130,New,South,Electronics,Bluetooth Speaker,58.97,1,15,58.97,8.85,50.12,UPI,0
ORD101975,2023-01-20,CUST02598,VIP,West,Home & Kitchen,Cookware Set,92.24,4,0,368.96,0.0,368.96,UPI,0
ORD101542,2023-01-20,CUST02620,VIP,South,Beauty & Personal Care,Skincare Kit,83.39,4,0,333.56,0.0,333.56,UPI,0
ORD100390,2023-01-20,CUST01789,Returning,South,Home & Kitchen,Coffee Maker,135.13,4,0,540.52,0.0,540.52,Debit Card,0
ORD100047,2023-01-21,CUST01901,New,West,Beauty & Personal Care,Electric Trimmer,75.53,4,0,302.12,0.0,302.12,Debit Card,0
ORD101907,2023-01-21,CUST03216,Returning,South,Home & Kitchen,Blender,63.63,2,5,127.26,6.36,120.9,Credit Card,0
ORD104484,2023-01-21,CUST03555,Returning,North,Apparel,Yoga Pants,65.31,2,0,130.62,0.0,130.62,Debit Card,0
ORD102482,2023-01-21,CUST02689,Returning,South,Home & Kitchen,Cookware Set,46.4,5,0,232.0,0.0,232.0,UPI,0
ORD105633,2023-01-21,CUST03443,Returning,North,Electronics,Bluetooth Speaker,215.85,3,0,647.55,0.0,647.55,Debit Card,0
ORD102109,2023-01-21,CUST03399,Returning,Central,Sports & Outdoors,Water Bottle,17.53,3,0,52.59,0.0,52.59,Net Banking,0
ORD102847,2023-01-21,CUST02859,New,West,Electronics,Power Bank,129.8,3,0,389.4,0.0,389.4,UPI,0
ORD100006,2023-01-21,CUST02121,New,North,Home & Kitchen,Cookware Set,50.29,6,0,301.74,0.0,301.74,Credit Card,0
ORD101716,2023-01-21,CUST01952,VIP,West,Beauty & Personal Care,Electric Trimmer,66.57,5,0,332.85,0.0,332.85,Debit Card,0
ORD105802,2023-01-22,CUST03061,New,East,Home & Kitchen,Cookware Set,54.15,4,0,216.6,0.0,216.6,Credit Card,1
ORD104228,2023-01-22,CUST04730,New,North,Electronics,Power Bank,140.45,2,0,280.9,0.0,280.9,Credit Card,1
ORD101840,2023-01-22,CUST04879,Returning,North,Electronics,Bluetooth Speaker,211.91,3,0,635.73,0.0,635.73,Credit Card,0
ORD104128,2023-01-22,CUST03982,Returning,Central,Home & Kitchen,Air Fryer,30.39,1,0,30.39,0.0,30.39,Credit Card,0
ORD100029,2023-01-22,CUST02013,Returning,South,Beauty & Personal Care,Face Serum,60.91,2,10,121.82,12.18,109.64,Credit Card,0
ORD103525,2023-01-22,CUST04236,VIP,Central,Electronics,Bluetooth Speaker,155.93,3,0,467.79,0.0,467.79,Credit Card,0
ORD100319,2023-01-22,CUST04702,New,Central,Home & Kitchen,Air Fryer,148.91,4,0,595.64,0.0,595.64,Credit Card,0
ORD101673,2023-01-22,CUST03654,Returning,West,Electronics,Bluetooth Speaker,213.42,3,15,640.26,96.04,544.22,Net Banking,0
ORD102885,2023-01-22,CUST01164,New,North,Beauty & Personal Care,Hair Dryer,80.81,2,0,161.62,0.0,161.62,Cash on Delivery,0
ORD101709,2023-01-22,CUST02926,Returning,West,Home & Kitchen,Vacuum Cleaner,66.77,3,5,200.31,10.02,190.29,UPI,0
ORD105389,2023-01-22,CUST01924,New,North,Electronics,Bluetooth Speaker,176.57,5,10,882.85,88.29,794.56,Cash on Delivery,0
ORD103642,2023-01-22,CUST02108,Returning,West,Electronics,Smart Watch,123.02,6,0,738.12,0.0,738.12,Debit Card,0
ORD104313,2023-01-22,CUST04372,VIP,North,Electronics,Smartphone Case,162.38,2,20,324.76,64.95,259.81,Cash on Delivery,0
ORD101104,2023-01-23,CUST01385,New,Central,Electronics,Smartphone Case,145.58,2,0,291.16,0.0,291.16,Credit Card,0
ORD103346,2023-01-23,CUST01771,Returning,South,Beauty & Personal Care,Electric Trimmer,48.27,3,0,144.81,0.0,144.81,Debit Card,0
ORD103697,2023-01-23,CUST02375,VIP,North,Beauty & Personal Care,Skincare Kit,74.28,2,0,148.56,0.0,148.56,UPI,0
ORD102642,2023-01-23,CUST01467,New,Central,Home & Kitchen,Air Fryer,58.03,4,0,232.12,0.0,232.12,Credit Card,0
ORD103626,2023-01-23,CUST04470,VIP,Central,Beauty & Personal Care,Electric Trimmer,49.03,5,5,245.15,12.26,232.89,UPI,0
ORD101041,2023-01-23,CUST02156,Returning,East,Sports & Outdoors,Yoga Mat,151.55,5,0,757.75,0.0,757.75,Cash on Delivery,0
ORD100745,2023-01-23,CUST02983,Returning,South,Apparel,Yoga Pants,18.74,7,0,131.18,0.0,131.18,UPI,0
ORD100480,2023-01-23,CUST03342,VIP,South,Apparel,Denim Jacket,50.72,4,10,202.88,20.29,182.59,Net Banking,0
ORD101879,2023-01-24,CUST03939,Returning,Central,Home & Kitchen,Air Fryer,146.94,4,5,587.76,29.39,558.37,Credit Card,0
ORD105562,2023-01-25,CUST02216,Returning,East,Beauty & Personal Care,Perfume,8.76,6,15,52.56,7.88,44.68,UPI,0
ORD101164,2023-01-25,CUST04953,Returning,West,Electronics,Power Bank,46.78,4,10,187.12,18.71,168.41,Debit Card,0
ORD101382,2023-01-25,CUST02721,New,East,Electronics,Wireless Earbuds,167.17,2,5,334.34,16.72,317.62,Credit Card,0
ORD104357,2023-01-25,CUST01112,Returning,South,Sports & Outdoors,Water Bottle,89.72,3,15,269.16,40.37,228.79,UPI,0
ORD103859,2023-01-25,CUST04371,Returning,South,Sports & Outdoors,Water Bottle,59.32,5,20,296.6,59.32,237.28,Cash on Delivery,0
ORD103554,2023-01-25,CUST04805,VIP,West,Sports & Outdoors,Camping Tent,68.83,2,0,137.66,0.0,137.66,Debit Card,0
ORD105321,2023-01-25,CUST01872,Returning,Central,Beauty & Personal Care,Face Serum,67.43,2,5,134.86,6.74,128.12,UPI,0
ORD104627,2023-01-25,CUST01227,Returning,West,Apparel,Running Shoes,106.06,3,20,318.18,63.64,254.54,Credit Card,0
ORD100905,2023-01-25,CUST04340,Returning,Central,Electronics,Wireless Earbuds,74.16,5,10,370.8,37.08,333.72,Credit Card,0
ORD105553,2023-01-25,CUST01357,VIP,East,Beauty & Personal Care,Hair Dryer,69.4,2,0,138.8,0.0,138.8,Credit Card,1
ORD100577,2023-01-25,CUST04855,Returning,South,Electronics,Bluetooth Speaker,94.86,3,0,284.58,0.0,284.58,Cash on Delivery,0
ORD102368,2023-01-25,CUST01632,VIP,East,Sports & Outdoors,Dumbbell Set,20.22,-1,0,60.66,0.0,60.66,Debit Card,0
ORD100965,2023-01-26,CUST01841,Returning,East,Apparel,Winter Coat,27.49,5,5,137.45,6.87,130.58,Credit Card,0
ORD105916,2023-01-26,CUST02888,New,North,Beauty & Personal Care,Hair Dryer,6.45,2,5,12.9,0.64,12.26,UPI,0
ORD100860,2023-01-26,CUST03133,Returning,North,Home & Kitchen,Air Fryer,110.68,2,5,221.36,11.07,210.29,UPI,0
ORD102167,2023-01-26,CUST02446,New,East,Sports & Outdoors,Yoga Mat,9.47,4,5,37.88,1.89,35.99,Net Banking,0
ORD103174,2023-01-26,CUST01086,New,Central,Beauty & Personal Care,Skincare Kit,12.17,4,0,48.68,0.0,48.68,Credit Card,0
ORD105422,2023-01-26,CUST02828,New,East,Home & Kitchen,Coffee Maker,174.53,3,15,523.59,78.54,445.05,Debit Card,0
ORD102922,2023-01-26,CUST02269,New,West,Electronics,Smart Watch,83.03,6,15,498.18,74.73,423.45,Credit Card,0
ORD103858,2023-01-26,CUST04282,New,South,Home & Kitchen,Air Fryer,152.84,1,5,152.84,7.64,145.2,Credit Card,0
ORD101322,2023-01-27,CUST03737,VIP,East,Home & Kitchen,Vacuum Cleaner,172.16,2,20,344.32,68.86,275.46,UPI,0
ORD100327,2023-01-27,CUST03685,New,North,Sports & Outdoors,Dumbbell Set,27.85,2,0,55.7,0.0,55.7,Cash on Delivery,0
ORD104809,2023-01-27,CUST01343,Returning,East,Beauty & Personal Care,Face Serum,87.37,3,10,262.11,26.21,235.9,Debit Card,0
ORD105636,2023-01-27,CUST02462,Returning,North,Electronics,Wireless Earbuds,39.17,5,15,195.85,29.38,166.47,Credit Card,0
ORD101741,2023-01-27,CUST04263,New,North,Home & Kitchen,Coffee Maker,136.95,5,0,684.75,0.0,684.75,Debit Card,0
ORD103609,2023-01-27,CUST03949,VIP,West,Home & Kitchen,Cookware Set,155.06,2,5,310.12,15.51,294.61,UPI,0
ORD105226,2023-01-28,CUST03419,VIP,North,Sports & Outdoors,Dumbbell Set,125.42,3,10,376.26,37.63,338.63,Credit Card,0
ORD101929,2023-01-28,CUST01204,New,North,Beauty & Personal Care,Hair Dryer,78.09,3,5,234.27,11.71,222.56,UPI,1
ORD102871,2023-01-28,CUST03309,New,Central,Home & Kitchen,Blender,92.06,2,0,184.12,0.0,184.12,Debit Card,0
ORD100116,2023-01-28,CUST03063,New,West,Electronics,Bluetooth Speaker,131.18,3,10,393.54,39.35,354.19,Credit Card,0
ORD100163,2023-01-28,CUST04058,Returning,North,Home & Kitchen,Air Fryer,33.78,3,0,101.34,0.0,101.34,UPI,0
ORD103742,2023-01-28,CUST01163,New,West,Electronics,Smartphone Case,36.35,6,20,218.1,43.62,174.48,Credit Card,0
ORD100873,2023-01-28,CUST01908,New,South,Beauty & Personal Care,Electric Trimmer,89.98,3,0,269.94,0.0,269.94,UPI,0
ORD100893,2023-01-28,CUST01589,New,West,Electronics,Smart Watch,60.23,6,20,361.38,72.28,289.1,Credit Card,0
ORD104930,2023-01-29,CUST01777,VIP,North,Home & Kitchen,Coffee Maker,59.48,8,0,475.84,0.0,475.84,Cash on Delivery,0
ORD101125,2023-01-29,CUST04377,Returning,South,Electronics,Smart Watch,106.14,7,0,742.98,0.0,742.98,Cash on Delivery,0
ORD105886,2023-01-29,CUST02740,Returning,South,Electronics,Power Bank,45.02,5,0,225.1,0.0,225.1,Debit Card,0
ORD101343,2023-01-29,CUST02538,Returning,South,Electronics,Smart Watch,53.1,6,0,318.6,0.0,318.6,Debit Card,0
ORD101477,2023-01-29,CUST03886,VIP,South,Beauty & Personal Care,Perfume,43.94,4,0,175.76,0.0,175.76,Net Banking,0
ORD104279,2023-01-29,CUST02843,Returning,North,Beauty & Personal Care,Hair Dryer,75.3,6,0,451.8,0.0,451.8,UPI,0
ORD102496,2023-01-29,CUST03446,Returning,West,Beauty & Personal Care,Skincare Kit,47.4,7,20,331.8,66.36,265.44,Credit Card,0
ORD101688,2023-01-29,CUST01633,Returning,Central,Home & Kitchen,Vacuum Cleaner,20.72,7,15,145.04,21.76,123.28,Debit Card,0
ORD101303,2023-01-29,CUST03317,New,South,Apparel,Yoga Pants,75.28,5,10,376.4,37.64,338.76,Net Banking,0
ORD100612,2023-01-29,CUST01493,New,West,Apparel,Running Shoes,11.13,1,0,11.13,0.0,11.13,Credit Card,0
ORD105644,2023-01-30,CUST02978,VIP,North,Electronics,Bluetooth Speaker,69.47,7,10,486.29,48.63,437.66,Debit Card,0
ORD105359,2023-01-30,CUST04134,Returning,North,Electronics,Smartphone Case,129.44,5,15,647.2,97.08,550.12,Credit Card,0
ORD103643,2023-01-30,CUST02156,Returning,West,Sports & Outdoors,Water Bottle,198.66,1,0,198.66,0.0,198.66,Credit Card,0
ORD102644,2023-01-30,CUST02803,New,West,Apparel,Yoga Pants,18.27,6,0,109.62,0.0,109.62,Credit Card,0
ORD105734,2023-01-30,CUST03549,New,North,Apparel,Running Shoes,13.9,5,15,69.5,10.42,59.08,Cash on Delivery,0
ORD105547,2023-01-30,CUST01449,New,West,Electronics,Bluetooth Speaker,232.19,2,0,464.38,0.0,464.38,Credit Card,0
ORD103337,2023-01-30,CUST03284,New,North,Beauty & Personal Care,Electric Trimmer,12.51,9,0,112.59,0.0,112.59,Credit Card,0
ORD103623,2023-01-31,CUST04763,Returning,South,Apparel,Winter Coat,27.74,1,0,27.74,0.0,27.74,Cash on Delivery,0
ORD105007,2023-01-31,CUST03462,VIP,East,Apparel,Cotton T-Shirt,26.66,5,0,133.3,0.0,133.3,Credit Card,0
ORD103382,2023-01-31,CUST03457,New,North,Sports & Outdoors,Yoga Mat,111.3,4,0,445.2,0.0,445.2,Credit Card,0
ORD101621,2023-01-31,CUST01804,New,Central,Apparel,Cotton T-Shirt,95.98,4,0,383.92,0.0,383.92,Credit Card,0
ORD103728,2023-01-31,CUST02194,New,East,Electronics,Power Bank,157.56,3,15,472.68,70.9,401.78,Credit Card,0
ORD101194,2023-02-01,CUST04462,Returning,West,Sports & Outdoors,Cycling Helmet,53.8,4,0,215.2,0.0,215.2,Credit Card,0
ORD102904,2023-02-01,CUST01915,New,East,Beauty & Personal Care,Face Serum,10.31,3,0,30.93,0.0,30.93,Credit Card,1
ORD105043,2023-02-01,CUST02052,Returning,South,Beauty & Personal Care,Electric Trimmer,14.41,1,0,14.41,0.0,14.41,Credit Card,0
ORD104135,2023-02-01,CUST02227,New,West,Apparel,Yoga Pants,24.52,4,10,98.08,9.81,88.27,Credit Card,0
ORD104255,2023-02-02,CUST03768,Returning,West,Home & Kitchen,Vacuum Cleaner,150.99,7,0,1056.93,0.0,1056.93,Debit Card,0
ORD101689,2023-02-02,CUST04673,New,North,Apparel,Yoga Pants,28.89,1,15,28.89,4.33,24.56,Credit Card,0
ORD100314,2023-02-02,CUST01949,Returning,South,Home & Kitchen,Air Fryer,81.78,6,5,490.68,24.53,466.15,UPI,0
ORD100119,2023-02-02,CUST02663,New,South,Electronics,Smart Watch,36.86,2,0,73.72,0.0,73.72,Credit Card,0
ORD103801,2023-02-02,CUST03484,Returning,East,Apparel,Running Shoes,89.71,4,0,358.84,0.0,358.84,Net Banking,0
ORD105647,2023-02-03,CUST04254,Returning,South,Beauty & Personal Care,Electric Trimmer,36.28,4,0,145.12,0.0,145.12,Credit Card,0
ORD100916,2023-02-03,CUST04334,New,South,Electronics,Power Bank,215.74,5,0,1078.7,0.0,1078.7,Cash on Delivery,0
ORD101313,2023-02-03,CUST01927,New,Central,Electronics,Power Bank,186.62,2,0,373.24,0.0,373.24,UPI,0
ORD100762,2023-02-03,CUST01131,New,Central,Home & Kitchen,Cookware Set,57.94,5,0,289.7,0.0,289.7,Credit Card,0
ORD101871,2023-02-04,CUST03912,New,West,Home & Kitchen,Cookware Set,22.15,2,10,44.3,4.43,39.87,Credit Card,1
ORD103157,2023-02-04,CUST02419,Returning,Central,Apparel,Cotton T-Shirt,85.14,3,15,255.42,38.31,217.11,Credit Card,0
ORD101979,2023-02-04,CUST02914,New,North,Electronics,Power Bank,152.86,6,0,917.16,0.0,917.16,Net Banking,0
ORD103409,2023-02-04,CUST02189,Returning,West,Home & Kitchen,Air Fryer,37.3,7,0,261.1,0.0,261.1,Debit Card,1
ORD103144,2023-02-04,CUST01617,VIP,South,Beauty & Personal Care,Perfume,69.48,4,15,277.92,41.69,236.23,Credit Card,1
ORD100063,2023-02-04,CUST01329,Returning,West,Beauty & Personal Care,Face Serum,9.87,5,0,49.35,0.0,49.35,Debit Card,0
ORD100517,2023-02-04,CUST01497,New,West,Sports & Outdoors,Cycling Helmet,173.07,4,0,692.28,0.0,692.28,Credit Card,0
ORD100152,2023-02-05,CUST01432,New,East,Beauty & Personal Care,Perfume,49.89,2,0,99.78,0.0,99.78,UPI,0
ORD104996,2023-02-05,CUST03023,New,West,Electronics,Smartphone Case,144.79,2,0,289.58,0.0,289.58,Net Banking,0
ORD102153,2023-02-05,CUST01202,New,South,Home & Kitchen,Coffee Maker,177.63,5,20,888.15,177.63,710.52,UPI,0
ORD102234,2023-02-05,CUST01552,New,North,Home & Kitchen,Vacuum Cleaner,36.42,3,0,109.26,0.0,109.26,Credit Card,0
ORD105799,2023-02-05,CUST03918,Returning,East,Home & Kitchen,Blender,108.18,4,0,432.72,0.0,432.72,Credit Card,0
ORD100388,2023-02-05,CUST01109,New,South,Electronics,Wireless Earbuds,27.28,2,0,54.56,0.0,54.56,Credit Card,0
ORD100349,2023-02-06,CUST03580,New,South,Sports & Outdoors,Cycling Helmet,160.42,3,5,481.26,24.06,457.2,Debit Card,0
ORD100273,2023-02-06,CUST04647,New,North,Electronics,Wireless Earbuds,226.95,3,0,680.85,0.0,680.85,Credit Card,0
ORD100546,2023-02-06,CUST01091,Returning,South,Sports & Outdoors,Camping Tent,186.39,3,10,559.17,55.92,503.25,Credit Card,0
ORD101661,2023-02-06,CUST02954,New,North,Apparel,Yoga Pants,16.8,4,0,67.2,0.0,67.2,Debit Card,0
ORD101581,2023-02-06,CUST01303,Returning,East,Electronics,Bluetooth Speaker,69.39,5,10,346.95,34.7,312.25,Net Banking,1
ORD104108,2023-02-07,CUST02806,New,West,Apparel,Winter Coat,115.45,5,10,577.25,57.72,519.53,Credit Card,0
ORD105054,2023-02-07,CUST01922,New,South,Beauty & Personal Care,Perfume,60.86,8,0,486.88,0.0,486.88,Net Banking,0
ORD102704,2023-02-07,CUST02012,New,West,Home & Kitchen,Coffee Maker,149.23,9,0,1343.07,0.0,1343.07,Debit Card,0
ORD104480,2023-02-07,CUST03287,Returning,South,Beauty & Personal Care,Hair Dryer,24.59,3,0,73.77,0.0,73.77,UPI,0
ORD101575,2023-02-07,CUST02742,New,South,Beauty & Personal Care,Hair Dryer,49.03,4,5,196.12,9.81,186.31,UPI,0
ORD100321,2023-02-07,CUST03511,New,North,Home & Kitchen,Cookware Set,103.23,4,0,412.92,0.0,412.92,Cash on Delivery,0
ORD100381,2023-02-08,CUST02277,New,East,Beauty & Personal Care,Hair Dryer,88.3,3,5,264.9,13.24,251.66,Credit Card,0
ORD104520,2023-02-08,CUST03193,New,South,Sports & Outdoors,Dumbbell Set,37.5,2,0,75.0,0.0,75.0,Debit Card,0
ORD102146,2023-02-08,CUST03626,Returning,North,Electronics,Power Bank,131.61,5,0,658.05,0.0,658.05,Cash on Delivery,0
ORD100895,2023-02-08,CUST01595,Returning,North,Beauty & Personal Care,Perfume,69.42,6,5,416.52,20.83,395.69,Credit Card,0
ORD104398,2023-02-08,CUST03219,VIP,Central,Electronics,Power Bank,161.78,5,0,808.9,0.0,808.9,Credit Card,0
ORD101997,2023-02-08,CUST03737,New,East,Electronics,Smart Watch,226.58,3,15,679.74,101.96,577.78,Cash on Delivery,0
ORD102598,2023-02-08,CUST02050,Returning,South,Electronics,Smartphone Case,114.45,4,0,457.8,0.0,457.8,Credit Card,0
ORD105769,2023-02-08,CUST01595,New,Central,Home & Kitchen,Cookware Set,173.91,2,0,347.82,0.0,347.82,Credit Card,0
ORD103963,2023-02-08,CUST03020,New,South,Electronics,Power Bank,31.35,3,0,94.05,0.0,94.05,Debit Card,0
ORD101050,2023-02-08,CUST01947,Returning,South,Sports & Outdoors,Yoga Mat,18.11,3,0,54.33,0.0,54.33,Credit Card,0
ORD101476,2023-02-08,CUST02034,New,West,Electronics,Wireless Earbuds,128.75,4,0,515.0,0.0,515.0,Debit Card,0
ORD101702,2023-02-08,CUST04535,Returning,North,Sports & Outdoors,Cycling Helmet,54.94,2,15,109.88,16.48,93.4,UPI,0
ORD101383,2023-02-08,CUST03646,New,West,Beauty & Personal Care,Hair Dryer,38.9,3,0,116.7,0.0,116.7,Credit Card,0
ORD100584,2023-02-08,CUST01864,VIP,South,Apparel,Yoga Pants,93.36,5,10,466.8,46.68,420.12,Debit Card,0
ORD104990,2023-02-08,CUST03656,Returning,North,Apparel,Cotton T-Shirt,64.94,2,0,129.88,0.0,129.88,UPI,0
ORD101454,2023-02-08,CUST02973,Returning,Central,Home & Kitchen,Blender,134.05,5,15,670.25,100.54,569.71,Debit Card,0
ORD100636,2023-02-08,CUST03466,New,East,Beauty & Personal Care,Face Serum,24.24,1,0,24.24,0.0,24.24,Debit Card,0
ORD102963,2023-02-09,CUST02588,New,North,Electronics,Wireless Earbuds,56.88,2,0,113.76,0.0,113.76,Credit Card,1
ORD104676,2023-02-09,CUST03934,Returning,West,Sports & Outdoors,Yoga Mat,11.84,5,0,59.2,0.0,59.2,UPI,0
ORD101595,2023-02-09,CUST03787,New,West,Electronics,Power Bank,222.68,2,10,445.36,44.54,400.82,UPI,0
ORD101586,2023-02-09,CUST01627,New,South,Home & Kitchen,Cookware Set,123.11,2,15,246.22,36.93,209.29,Credit Card,0
ORD101569,2023-02-09,CUST01085,VIP,South,Sports & Outdoors,Cycling Helmet,165.53,2,0,331.06,0.0,331.06,Credit Card,0
ORD104075,2023-02-09,CUST01450,New,North,Apparel,Cotton T-Shirt,103.12,3,15,309.36,46.4,262.96,UPI,0
ORD105045,2023-02-09,CUST01275,New,North,Sports & Outdoors,Yoga Mat,114.0,4,0,456.0,0.0,456.0,Credit Card,0
ORD101596,2023-02-09,CUST01563,New,Central,Electronics,Bluetooth Speaker,123.31,1,0,123.31,0.0,123.31,Credit Card,0
ORD104739,2023-02-09,CUST01188,New,South,Electronics,Bluetooth Speaker,188.43,7,0,1319.01,0.0,1319.01,Credit Card,0
ORD100947,2023-02-09,CUST04739,New,North,Electronics,Smartphone Case,73.05,4,0,292.2,0.0,292.2,UPI,0
ORD103127,2023-02-10,CUST01920,Returning,East,Home & Kitchen,Vacuum Cleaner,89.28,4,0,357.12,0.0,357.12,UPI,0
ORD103289,2023-02-10,CUST01604,New,West,Apparel,Yoga Pants,67.89,3,5,203.67,10.18,193.49,UPI,0
ORD100703,2023-02-10,CUST03523,New,West,Sports & Outdoors,Water Bottle,84.79,5,0,423.95,0.0,423.95,Net Banking,0
ORD104393,2023-02-10,CUST04777,VIP,Central,Apparel,Yoga Pants,21.62,6,0,129.72,0.0,129.72,Credit Card,0
ORD100095,2023-02-10,CUST01313,New,Central,Home & Kitchen,Cookware Set,134.56,3,0,403.68,0.0,403.68,UPI,0
ORD100115,2023-02-10,CUST04549,Returning,West,Beauty & Personal Care,Hair Dryer,68.54,4,20,274.16,54.83,219.33,Credit Card,0
ORD103240,2023-02-10,CUST04825,Returning,North,Beauty & Personal Care,Hair Dryer,14.82,9,0,133.38,0.0,133.38,UPI,0
ORD101312,2023-02-10,CUST01792,New,East,Electronics,Smartphone Case,151.7,5,0,758.5,0.0,758.5,UPI,0
ORD104029,2023-02-10,CUST03834,VIP,West,Apparel,Running Shoes,74.56,2,10,149.12,14.91,134.21,Credit Card,0
ORD103344,2023-02-10,CUST03029,VIP,West,Electronics,Power Bank,16.49,2,0,32.98,0.0,32.98,UPI,0
ORD103028,2023-02-10,CUST03924,New,South,Sports & Outdoors,Dumbbell Set,36.01,2,0,72.02,0.0,72.02,Net Banking,0
ORD105192,2023-02-11,CUST04837,Returning,South,Electronics,Smart Watch,84.91,3,5,254.73,12.74,241.99,Net Banking,0
ORD102336,2023-02-11,CUST03083,Returning,Central,Beauty & Personal Care,Face Serum,89.01,8,0,712.08,0.0,712.08,Credit Card,0
ORD105928,2023-02-11,CUST04046,Returning,West,Apparel,Denim Jacket,61.46,9,0,553.14,0.0,553.14,Credit Card,0
ORD101381,2023-02-11,CUST03379,Returning,East,Sports & Outdoors,Dumbbell Set,125.22,6,10,751.32,75.13,676.19,Net Banking,0
ORD101310,2023-02-11,CUST02857,Returning,South,Beauty & Personal Care,Skincare Kit,77.82,4,20,311.28,62.26,249.02,Cash on Delivery,0
ORD100587,2023-02-11,CUST01982,VIP,South,Home & Kitchen,Cookware Set,58.03,3,5,174.09,8.7,165.39,Net Banking,0
ORD101031,2023-02-11,CUST04045,New,Central,Sports & Outdoors,Dumbbell Set,126.59,9,15,1139.31,170.9,968.41,UPI,0
ORD100814,2023-02-12,CUST03743,New,West,Sports & Outdoors,Water Bottle,16.89,5,5,84.45,4.22,80.23,Cash on Delivery,0
ORD102872,2023-02-12,CUST03290,Returning,South,Home & Kitchen,Cookware Set,104.49,6,0,626.94,0.0,626.94,Cash on Delivery,0
ORD104196,2023-02-12,CUST01631,New,West,Beauty & Personal Care,Hair Dryer,19.02,5,5,95.1,4.76,90.34,Credit Card,0
ORD104391,2023-02-12,CUST04154,VIP,South,Apparel,Denim Jacket,92.81,4,0,371.24,0.0,371.24,Credit Card,0
ORD102517,2023-02-12,CUST04771,New,West,Apparel,Yoga Pants,17.21,5,0,86.05,0.0,86.05,UPI,0
ORD102388,2023-02-12,CUST04927,Returning,East,Apparel,Denim Jacket,66.73,5,0,333.65,0.0,333.65,Credit Card,0
ORD102103,2023-02-12,CUST01885,Returning,West,Beauty & Personal Care,Electric Trimmer,63.94,2,0,127.88,0.0,127.88,Credit Card,0
ORD105844,2023-02-12,CUST04182,New,Central,Home & Kitchen,Coffee Maker,76.7,3,0,230.1,0.0,230.1,Credit Card,0
ORD105912,2023-02-12,CUST04081,Returning,Central,Home & Kitchen,Blender,39.85,2,5,79.7,3.99,75.71,UPI,0
ORD100508,2023-02-12,CUST03729,New,East,Home & Kitchen,Blender,131.15,3,10,393.45,39.34,354.11,Credit Card,0
ORD104911,2023-02-12,CUST04465,New,Central,Electronics,Bluetooth Speaker,205.68,4,0,822.72,0.0,822.72,UPI,0
ORD104714,2023-02-13,CUST04771,Returning,North,Apparel,Winter Coat,12.58,5,5,62.9,3.14,59.76,Credit Card,1
ORD103761,2023-02-13,CUST01203,New,South,Electronics,Power Bank,92.47,7,5,647.29,32.36,614.93,UPI,0
ORD102630,2023-02-13,CUST01270,Returning,East,Apparel,Cotton T-Shirt,68.05,5,0,340.25,0.0,340.25,Credit Card,0
ORD101395,2023-02-13,CUST02764,New,Central,Apparel,Winter Coat,73.91,5,0,369.55,0.0,369.55,UPI,0
ORD103970,2023-02-13,CUST01467,New,East,Electronics,Bluetooth Speaker,24.87,6,10,149.22,14.92,134.3,UPI,1
ORD102926,2023-02-13,CUST04964,New,East,Beauty & Personal Care,Hair Dryer,16.7,2,0,33.4,0.0,33.4,Debit Card,0
ORD105178,2023-02-13,CUST01387,New,North,Apparel,Winter Coat,64.33,7,0,450.31,0.0,450.31,Debit Card,0
ORD105448,2023-02-13,CUST02707,New,West,Electronics,Power Bank,112.3,6,0,673.8,0.0,673.8,UPI,1
ORD103822,2023-02-14,CUST03502,New,Central,Electronics,Wireless Earbuds,237.71,5,15,1188.55,178.28,1010.27,UPI,0
ORD105645,2023-02-14,CUST03381,New,South,Beauty & Personal Care,Face Serum,13.69,3,0,41.07,0.0,41.07,Credit Card,0
ORD103582,2023-02-14,CUST02790,New,South,Home & Kitchen,Blender,74.54,4,0,298.16,0.0,298.16,Credit Card,0
ORD104543,2023-02-14,CUST02860,New,North,Apparel,Denim Jacket,65.43,4,0,261.72,0.0,261.72,Debit Card,0
ORD104939,2023-02-14,CUST02304,New,North,Home & Kitchen,Cookware Set,30.86,7,15,216.02,32.4,183.62,Debit Card,1
ORD104370,2023-02-15,CUST03593,Returning,North,Sports & Outdoors,Camping Tent,107.96,1,5,107.96,5.4,102.56,Credit Card,0
ORD101639,2023-02-15,CUST03578,Returning,South,Electronics,Smart Watch,172.49,5,0,862.45,0.0,862.45,Debit Card,0
ORD100844,2023-02-15,CUST03272,Returning,Central,Apparel,Denim Jacket,33.45,2,0,66.9,0.0,66.9,UPI,0
ORD101790,2023-02-15,CUST02434,New,West,Home & Kitchen,Coffee Maker,155.34,4,5,621.36,31.07,590.29,Net Banking,0
ORD100345,2023-02-15,CUST04067,New,North,Sports & Outdoors,Yoga Mat,182.3,5,0,911.5,0.0,911.5,Credit Card,0
ORD105953,2023-02-15,CUST01412,New,North,Apparel,Cotton T-Shirt,34.76,3,5,104.28,5.21,99.07,Debit Card,1
ORD104404,2023-02-16,CUST02959,New,South,Apparel,Yoga Pants,17.79,3,0,53.37,0.0,53.37,Cash on Delivery,0
ORD101088,2023-02-16,CUST04412,New,East,Beauty & Personal Care,Skincare Kit,86.46,3,0,259.38,0.0,259.38,Credit Card,1
ORD104124,2023-02-16,CUST03989,Returning,Central,Beauty & Personal Care,Face Serum,38.52,7,0,269.64,0.0,269.64,UPI,0
ORD100850,2023-02-16,CUST02955,Returning,South,Sports & Outdoors,Camping Tent,28.84,3,0,86.52,0.0,86.52,Net Banking,0
ORD101537,2023-02-16,CUST03545,Returning,North,Electronics,Smart Watch,175.16,4,0,700.64,0.0,700.64,UPI,0
ORD102756,2023-02-16,CUST02313,Returning,West,Apparel,Running Shoes,99.96,2,0,199.92,0.0,199.92,Debit Card,0
ORD100467,2023-02-16,CUST04438,VIP,East,Apparel,Winter Coat,34.2,4,0,136.8,0.0,136.8,UPI,1
ORD103046,2023-02-16,CUST03138,New,East,Electronics,Smartphone Case,45.23,2,0,90.46,0.0,90.46,UPI,0
ORD100424,2023-02-16,CUST01730,VIP,West,Electronics,Power Bank,117.92,2,5,235.84,11.79,224.05,Credit Card,0
ORD100675,2023-02-16,CUST03255,New,East,Electronics,Smart Watch,159.78,2,5,319.56,15.98,303.58,Credit Card,0
ORD101420,2023-02-16,CUST02283,New,West,Home & Kitchen,Coffee Maker,22.94,2,0,45.88,0.0,45.88,UPI,0
ORD105544,2023-02-16,CUST01903,VIP,West,Apparel,Winter Coat,63.1,3,0,189.3,0.0,189.3,Credit Card,0
ORD104698,2023-02-17,CUST04218,New,North,Apparel,Running Shoes,37.29,3,15,111.87,16.78,95.09,Credit Card,0
ORD103509,2023-02-17,CUST03807,New,East,Sports & Outdoors,Yoga Mat,16.85,5,0,84.25,0.0,84.25,UPI,0
ORD105566,2023-02-17,CUST04666,VIP,Central,Apparel,Cotton T-Shirt,68.62,6,0,411.72,0.0,411.72,Credit Card,0
ORD100857,2023-02-17,CUST01934,Returning,West,Home & Kitchen,Vacuum Cleaner,111.3,2,0,222.6,0.0,222.6,Credit Card,0
ORD100120,2023-02-17,CUST03113,Returning,West,Home & Kitchen,Blender,33.89,2,0,67.78,0.0,67.78,UPI,0
ORD105059,2023-02-17,CUST02479,New,Central,Home & Kitchen,Cookware Set,45.45,5,15,227.25,34.09,193.16,Net Banking,0
ORD104860,2023-02-17,CUST02765,Returning,West,Sports & Outdoors,Cycling Helmet,128.57,4,0,514.28,0.0,514.28,Credit Card,0
ORD101176,2023-02-18,CUST03451,VIP,Central,Beauty & Personal Care,Face Serum,83.89,6,0,503.34,0.0,503.34,UPI,0
ORD102782,2023-02-18,CUST02423,Returning,South,Beauty & Personal Care,Perfume,24.12,5,0,120.6,0.0,120.6,Credit Card,0
ORD104663,2023-02-18,CUST04708,VIP,Central,Home & Kitchen,Coffee Maker,118.33,1,0,118.33,0.0,118.33,Debit Card,0
ORD103220,2023-02-18,CUST03349,Returning,West,Sports & Outdoors,Dumbbell Set,176.83,6,0,1060.98,0.0,1060.98,UPI,0
ORD103756,2023-02-18,CUST04283,New,North,Apparel,Denim Jacket,85.13,7,10,595.91,59.59,536.32,Debit Card,0
ORD100338,2023-02-18,CUST03268,New,West,Apparel,Winter Coat,115.19,5,0,575.95,0.0,575.95,Debit Card,0
ORD102177,2023-02-18,CUST02536,Returning,South,Electronics,Power Bank,242.63,2,0,485.26,0.0,485.26,UPI,0
ORD103872,2023-02-18,CUST01296,New,North,Electronics,Bluetooth Speaker,141.31,6,0,847.86,0.0,847.86,Debit Card,0
ORD103320,2023-02-18,CUST04792,VIP,South,Sports & Outdoors,Water Bottle,93.5,5,0,467.5,0.0,467.5,Credit Card,0
ORD104992,2023-02-18,CUST04169,VIP,South,Electronics,Power Bank,226.64,2,0,453.28,0.0,453.28,Debit Card,0
ORD102181,2023-02-19,CUST03937,New,South,Beauty & Personal Care,Electric Trimmer,33.12,3,5,99.36,4.97,94.39,UPI,0
ORD105454,2023-02-19,CUST01341,VIP,North,Sports & Outdoors,Dumbbell Set,96.81,3,5,290.43,14.52,275.91,Credit Card,0
ORD104257,2023-02-19,CUST02084,Returning,Central,Apparel,Running Shoes,71.17,7,0,498.19,0.0,498.19,Credit Card,0
ORD102770,2023-02-19,CUST01830,Returning,North,Sports & Outdoors,Yoga Mat,167.82,6,10,1006.92,100.69,906.23,Credit Card,0
ORD105664,2023-02-19,CUST03527,Returning,North,Beauty & Personal Care,Hair Dryer,74.48,5,15,372.4,55.86,316.54,Credit Card,0
ORD104972,2023-02-19,CUST04059,Returning,Central,Apparel,Yoga Pants,44.28,3,0,132.84,0.0,132.84,Cash on Delivery,0
ORD103921,2023-02-19,CUST01049,VIP,Central,Apparel,Running Shoes,118.16,4,0,472.64,0.0,472.64,UPI,0
ORD101235,2023-02-20,CUST02898,Returning,North,Electronics,Power Bank,16.91,5,0,84.55,0.0,84.55,Debit Card,0
ORD100400,2023-02-20,CUST04718,VIP,South,Home & Kitchen,Cookware Set,143.07,5,0,715.35,0.0,715.35,UPI,0
ORD100831,2023-02-20,CUST01746,New,East,Home & Kitchen,Vacuum Cleaner,75.59,2,0,151.18,0.0,151.18,Debit Card,0
ORD102117,2023-02-20,CUST02387,New,East,Home & Kitchen,Coffee Maker,63.7,1,0,63.7,0.0,63.7,UPI,1
ORD100756,2023-02-20,CUST04389,VIP,Central,Apparel,Denim Jacket,14.3,7,0,100.1,0.0,100.1,Cash on Delivery,0
ORD101124,2023-02-20,CUST01352,VIP,Central,Beauty & Personal Care,Face Serum,36.84,4,0,147.36,0.0,147.36,Debit Card,0
ORD105910,2023-02-21,CUST02258,New,South,Sports & Outdoors,Dumbbell Set,58.5,2,0,117.0,0.0,117.0,UPI,0
ORD104503,2023-02-21,CUST02181,New,South,Sports & Outdoors,Camping Tent,149.17,4,10,596.68,59.67,537.01,Net Banking,0
ORD105941,2023-02-21,CUST01494,Returning,South,Beauty & Personal Care,Perfume,69.9,2,5,139.8,6.99,132.81,UPI,1
ORD100221,2023-02-22,CUST01941,New,East,Apparel,Cotton T-Shirt,112.64,7,0,788.48,0.0,788.48,Cash on Delivery,0
ORD102038,2023-02-22,CUST03133,Returning,Central,Home & Kitchen,Coffee Maker,96.91,6,0,581.46,0.0,581.46,Credit Card,1
ORD100810,2023-02-22,CUST01242,Returning,East,Apparel,Denim Jacket,105.74,3,0,317.22,0.0,317.22,Credit Card,0
ORD103762,2023-02-22,CUST03929,Returning,South,Apparel,Yoga Pants,34.59,3,10,103.77,10.38,93.39,UPI,0
ORD100417,2023-02-22,CUST04114,Returning,West,Beauty & Personal Care,Skincare Kit,21.3,2,0,42.6,0.0,42.6,UPI,0
ORD103619,2023-02-22,CUST02337,New,South,Sports & Outdoors,Water Bottle,183.37,2,0,366.74,0.0,366.74,Debit Card,0
ORD103640,2023-02-22,CUST02425,New,East,Home & Kitchen,Cookware Set,176.51,4,15,706.04,105.91,600.13,UPI,0
ORD105084,2023-02-22,CUST03252,VIP,Central,Home & Kitchen,Vacuum Cleaner,133.58,4,5,534.32,26.72,507.6,Debit Card,0
ORD100090,2023-02-22,CUST01208,Returning,Central,Electronics,Wireless Earbuds,68.41,6,10,410.46,41.05,369.41,UPI,0
ORD101275,2023-02-22,CUST02142,New,East,Home & Kitchen,Vacuum Cleaner,120.18,2,15,240.36,36.05,204.31,Credit Card,0
ORD101536,2023-02-23,CUST02008,VIP,Central,Home & Kitchen,Blender,59.08,3,0,177.24,0.0,177.24,UPI,0
ORD105580,2023-02-23,CUST04755,New,East,Electronics,Wireless Earbuds,229.65,3,15,688.95,103.34,585.61,Credit Card,0
ORD104734,2023-02-23,CUST02626,New,West,Beauty & Personal Care,Skincare Kit,43.47,3,0,130.41,0.0,130.41,Cash on Delivery,0
ORD105980,2023-02-23,CUST04205,Returning,West,Beauty & Personal Care,Face Serum,50.17,6,10,301.02,30.1,270.92,Debit Card,0
ORD100283,2023-02-23,CUST02780,New,Central,Beauty & Personal Care,Skincare Kit,65.14,5,0,325.7,0.0,325.7,Debit Card,0
ORD101231,2023-02-23,CUST03933,New,South,Electronics,Power Bank,50.34,4,5,201.36,10.07,191.29,UPI,0
ORD100774,2023-02-23,CUST04552,New,West,Electronics,Wireless Earbuds,209.55,3,0,628.65,0.0,628.65,Cash on Delivery,0
ORD100413,2023-02-23,CUST01114,Returning,East,Apparel,Yoga Pants,49.14,5,0,245.7,0.0,245.7,Cash on Delivery,1
ORD103758,2023-02-23,CUST03106,New,East,Beauty & Personal Care,Electric Trimmer,88.15,6,15,528.9,79.33,449.57,Net Banking,0
ORD104377,2023-02-23,CUST04764,Returning,East,Electronics,Power Bank,167.03,6,15,1002.18,150.33,851.85,Credit Card,0
ORD105872,2023-02-23,CUST04211,New,west,Electronics,Smartphone Case,108.29,3,10,324.87,32.49,292.38,Debit Card,1
ORD102718,2023-02-24,CUST04711,New,South,Beauty & Personal Care,Hair Dryer,72.4,3,0,217.2,0.0,217.2,UPI,0
ORD102280,2023-02-24,CUST04614,New,West,Apparel,Running Shoes,63.5,3,0,190.5,0.0,190.5,UPI,0
ORD101222,2023-02-24,CUST02463,Returning,West,Electronics,Bluetooth Speaker,247.97,1,0,247.97,0.0,247.97,Debit Card,0
ORD101216,2023-02-24,CUST03565,VIP,West,Beauty & Personal Care,Perfume,40.87,2,5,81.74,4.09,77.65,Cash on Delivery,0
ORD101354,2023-02-24,CUST03118,VIP,North,Electronics,Smart Watch,59.54,1,0,59.54,0.0,59.54,Debit Card,0
ORD103802,2023-02-24,CUST03399,Returning,East,Home & Kitchen,Vacuum Cleaner,27.75,2,0,55.5,0.0,55.5,Credit Card,0
ORD100854,2023-02-25,CUST01796,VIP,Central,Sports & Outdoors,Water Bottle,73.94,3,0,221.82,0.0,221.82,Credit Card,0
ORD100869,2023-02-25,CUST02005,New,West,Home & Kitchen,Coffee Maker,144.92,7,0,1014.44,0.0,1014.44,Credit Card,0
ORD102402,2023-02-25,CUST03541,New,South,Home & Kitchen,Coffee Maker,102.21,2,5,204.42,10.22,194.2,Credit Card,0
ORD104795,2023-02-25,CUST01279,New,West,Home & Kitchen,Air Fryer,156.23,4,0,624.92,0.0,624.92,Debit Card,0
ORD105349,2023-02-25,CUST03045,New,East,Home & Kitchen,Blender,86.5,4,0,346.0,0.0,346.0,UPI,0
ORD104982,2023-02-25,CUST03229,New,West,Sports & Outdoors,Cycling Helmet,198.19,2,0,396.38,0.0,396.38,Cash on Delivery,0
ORD104648,2023-02-26,CUST01726,New,West,Home & Kitchen,Blender,169.01,6,0,1014.06,0.0,1014.06,Cash on Delivery,0
ORD103540,2023-02-26,CUST01038,New,East,Electronics,Bluetooth Speaker,85.6,4,15,342.4,51.36,291.04,Net Banking,0
ORD102706,2023-02-26,CUST03843,New,West,Home & Kitchen,Vacuum Cleaner,64.35,5,0,321.75,0.0,321.75,UPI,0
ORD102887,2023-02-26,CUST04925,Returning,Central,Electronics,Smartphone Case,96.48,5,0,482.4,0.0,482.4,Debit Card,0
ORD104022,2023-02-27,CUST04775,Returning,South,Home & Kitchen,Coffee Maker,154.72,3,0,464.16,0.0,464.16,UPI,0
ORD105879,2023-02-27,CUST01533,Returning,East,Apparel,Yoga Pants,34.19,2,0,68.38,0.0,68.38,UPI,0
ORD105128,2023-02-27,CUST03686,New,East,Apparel,Yoga Pants,21.31,4,0,85.24,0.0,85.24,UPI,0
ORD100659,2023-02-27,CUST01844,New,North,Beauty & Personal Care,Skincare Kit,12.77,4,5,51.08,2.55,48.53,Credit Card,0
ORD102921,2023-02-27,CUST02169,Returning,West,Home & Kitchen,Cookware Set,68.94,4,0,275.76,0.0,275.76,Credit Card,0
ORD105238,2023-02-27,CUST01643,Returning,North,Apparel,Denim Jacket,46.22,4,5,184.88,9.24,175.64,UPI,0
ORD102255,2023-02-27,CUST02486,New,West,Electronics,Smart Watch,68.66,4,0,274.64,0.0,274.64,Debit Card,1
ORD100643,2023-02-27,CUST02154,New,South,Sports & Outdoors,Camping Tent,126.18,3,10,378.54,37.85,340.69,Net Banking,0
ORD100435,2023-02-27,CUST01236,VIP,North,Home & Kitchen,Blender,48.9,5,5,244.5,12.23,232.27,Net Banking,0
ORD100442,2023-02-27,CUST02814,Returning,East,Home & Kitchen,Blender,45.59,4,0,182.36,0.0,182.36,Debit Card,0
ORD103647,2023-02-28,CUST01541,VIP,Central,Sports & Outdoors,Cycling Helmet,10.24,5,5,51.2,2.56,48.64,Credit Card,0
ORD101868,2023-02-28,CUST01290,Returning,Central,Home & Kitchen,Cookware Set,67.85,4,0,271.4,0.0,271.4,Net Banking,0
ORD104254,2023-02-28,CUST02442,New,Central,Electronics,Smart Watch,56.33,5,0,281.65,0.0,281.65,Debit Card,0
ORD101284,2023-02-28,CUST04538,Returning,North,Electronics,Bluetooth Speaker,185.19,2,10,370.38,37.04,333.34,Credit Card,0
ORD104677,2023-02-28,CUST03344,Returning,West,Electronics,Wireless Earbuds,192.08,6,10,1152.48,115.25,1037.23,Net Banking,0
ORD104341,2023-02-28,CUST04175,VIP,Central,Apparel,Cotton T-Shirt,11.93,6,0,71.58,0.0,71.58,UPI,0
ORD103824,2023-02-28,CUST03759,New,South,Apparel,Denim Jacket,45.94,3,0,137.82,0.0,137.82,UPI,0
ORD104910,2023-02-28,CUST02850,New,Central,Home & Kitchen,Cookware Set,24.2,3,0,72.6,0.0,72.6,Credit Card,0
ORD103416,2023-02-28,CUST02532,VIP,North,Apparel,Winter Coat,55.01,2,0,110.02,0.0,110.02,Credit Card,0
ORD100033,2023-02-28,CUST02583,New,Central,Electronics,Bluetooth Speaker,60.72,6,0,364.32,0.0,364.32,Credit Card,0
ORD101982,2023-02-28,CUST01499,Returning,West,Electronics,Smart Watch,167.08,6,10,1002.48,100.25,902.23,Debit Card,0
ORD104738,2023-02-28,CUST04775,New,North,Sports & Outdoors,Camping Tent,26.84,7,0,187.88,0.0,187.88,Debit Card,0
ORD102185,2023-03-01,CUST01638,Returning,East,Home & Kitchen,Air Fryer,106.68,6,0,640.08,0.0,640.08,Credit Card,0
ORD102391,2023-03-01,CUST03198,Returning,North,Sports & Outdoors,Yoga Mat,180.55,1,0,180.55,0.0,180.55,Debit Card,0
ORD104988,2023-03-01,CUST04520,Returning,North,Apparel,Running Shoes,95.96,4,0,383.84,0.0,383.84,Credit Card,0
ORD102185,2023-03-01,CUST01638,Returning,East,Home & Kitchen,Air Fryer,106.68,6,0,640.08,0.0,640.08,Credit Card,0
ORD102726,2023-03-01,CUST02327,New,East,Apparel,Denim Jacket,96.62,3,15,289.86,43.48,246.38,Credit Card,0
ORD105770,2023-03-01,CUST02786,Returning,North,Home & Kitchen,Air Fryer,71.8,2,0,143.6,0.0,143.6,UPI,0
ORD105416,2023-03-01,CUST02300,Returning,East,Sports & Outdoors,Camping Tent,15.85,4,0,63.4,0.0,63.4,Debit Card,0
ORD101734,2023-03-01,CUST03696,Returning,East,Home & Kitchen,Cookware Set,121.93,6,0,731.58,0.0,731.58,UPI,0
ORD104765,2023-03-02,CUST04674,Returning,North,Sports & Outdoors,Cycling Helmet,136.26,5,15,681.3,102.2,579.1,Credit Card,0
ORD101508,2023-03-02,CUST02723,Returning,Central,Sports & Outdoors,Cycling Helmet,196.7,1,5,196.7,9.84,186.86,UPI,0
ORD104501,2023-03-02,CUST01509,Returning,East,Home & Kitchen,Cookware Set,47.89,1,0,47.89,0.0,47.89,Credit Card,0
ORD101379,2023-03-02,CUST04270,VIP,South,Home & Kitchen,Vacuum Cleaner,77.67,4,15,310.68,46.6,264.08,Credit Card,0
ORD100829,2023-03-02,CUST04944,New,North,Electronics,Bluetooth Speaker,204.44,5,5,1022.2,51.11,971.09,UPI,0
ORD104411,2023-03-02,CUST03043,Returning,North,Sports & Outdoors,Water Bottle,135.8,5,0,679.0,0.0,679.0,Cash on Delivery,0
ORD104759,2023-03-03,CUST01771,Returning,South,Home & Kitchen,Blender,162.94,4,0,651.76,0.0,651.76,Credit Card,0
ORD104688,2023-03-03,CUST01917,Returning,East,Beauty & Personal Care,Perfume,34.11,6,0,204.66,0.0,204.66,Credit Card,0
ORD103140,2023-03-03,CUST02601,New,South,Apparel,Running Shoes,118.6,4,0,474.4,0.0,474.4,Credit Card,0
ORD100553,2023-03-03,CUST03311,Returning,Central,Electronics,Power Bank,178.48,5,0,892.4,0.0,892.4,UPI,0
ORD101547,2023-03-03,CUST04992,Returning,North,Electronics,Smartphone Case,203.91,4,10,815.64,81.56,734.08,Debit Card,0
ORD101516,2023-03-03,CUST03318,New,West,Electronics,Smartphone Case,136.25,3,0,408.75,0.0,408.75,Credit Card,0
ORD105609,2023-03-04,CUST03094,New,South,Home & Kitchen,Coffee Maker,26.56,5,0,132.8,0.0,132.8,UPI,0
ORD104462,2023-03-04,CUST01633,VIP,West,Sports & Outdoors,Cycling Helmet,150.88,3,0,452.64,0.0,452.64,UPI,0
ORD105219,2023-03-04,CUST03882,New,East,Electronics,Bluetooth Speaker,202.41,5,0,1012.05,0.0,1012.05,Credit Card,0
ORD100104,2023-03-04,CUST04535,New,South,Home & Kitchen,Coffee Maker,55.25,3,0,165.75,0.0,165.75,Cash on Delivery,0
ORD101171,2023-03-04,CUST03694,VIP,Central,Home & Kitchen,Coffee Maker,75.74,5,20,378.7,75.74,302.96,Cash on Delivery,1
ORD103106,2023-03-04,CUST02263,Returning,West,Electronics,Bluetooth Speaker,25.19,4,0,100.76,0.0,100.76,Credit Card,0
ORD103345,2023-03-04,CUST01644,New,North,Electronics,Smartphone Case,100.83,2,0,201.66,0.0,201.66,Credit Card,0
ORD102428,2023-03-04,CUST03895,Returning,Central,Electronics,Smart Watch,21.79,7,0,152.53,0.0,152.53,UPI,0
ORD100730,2023-03-04,CUST04346,Returning,North,Home & Kitchen,Coffee Maker,113.09,2,0,226.18,0.0,226.18,Debit Card,0
ORD101184,2023-03-04,CUST02289,New,South,Beauty & Personal Care,Hair Dryer,31.6,5,5,158.0,7.9,150.1,Debit Card,0
ORD101766,2023-03-05,CUST04924,New,South,Home & Kitchen,Air Fryer,35.34,5,0,176.7,0.0,176.7,UPI,0
ORD105634,2023-03-05,CUST02632,Returning,North,Home & Kitchen,Coffee Maker,154.0,3,15,462.0,69.3,392.7,Net Banking,1
ORD104894,2023-03-05,CUST02306,Returning,Central,Sports & Outdoors,Camping Tent,144.47,6,0,866.82,0.0,866.82,Net Banking,0
ORD104963,2023-03-05,CUST02783,Returning,West,Beauty & Personal Care,Face Serum,35.62,6,0,213.72,0.0,213.72,Debit Card,0
ORD103466,2023-03-05,CUST04641,New,Central,Electronics,Smart Watch,248.36,6,0,1490.16,0.0,1490.16,Credit Card,0
ORD105025,2023-03-06,CUST01504,Returning,Central,Home & Kitchen,Blender,,4,0,572.04,0.0,572.04,Credit Card,0
ORD105455,2023-03-06,CUST02431,Returning,Central,Beauty & Personal Care,Skincare Kit,14.96,7,0,104.72,0.0,104.72,UPI,0
ORD103552,2023-03-06,CUST04523,Returning,South,Electronics,Power Bank,172.87,2,0,345.74,0.0,345.74,UPI,0
ORD103748,2023-03-06,CUST01499,Returning,West,Apparel,Yoga Pants,89.75,3,0,269.25,0.0,269.25,Debit Card,0
ORD103161,2023-03-06,CUST02142,New,South,Sports & Outdoors,Cycling Helmet,79.18,2,5,158.36,7.92,150.44,Cash on Delivery,0
ORD100724,2023-03-06,CUST01579,New,South,Apparel,Running Shoes,53.37,5,0,266.85,0.0,266.85,Net Banking,0
ORD102453,2023-03-06,CUST01512,VIP,Central,Electronics,Smartphone Case,161.11,3,0,483.33,0.0,483.33,Credit Card,0
ORD104189,2023-03-06,CUST03142,New,North,Sports & Outdoors,Cycling Helmet,193.88,10,0,1938.8,0.0,1938.8,Net Banking,0
ORD100098,2023-03-06,CUST02164,New,Central,Electronics,Power Bank,86.27,4,0,345.08,0.0,345.08,Debit Card,0
ORD104346,2023-03-06,CUST03909,Returning,North,Home & Kitchen,Vacuum Cleaner,56.1,3,0,168.3,0.0,168.3,Debit Card,0
ORD102076,2023-03-06,CUST03783,Returning,South,Beauty & Personal Care,Electric Trimmer,56.54,7,0,395.78,0.0,395.78,Credit Card,0
ORD102670,2023-03-07,CUST03186,VIP,West,Beauty & Personal Care,Electric Trimmer,75.15,5,10,375.75,37.58,338.17,UPI,0
ORD103042,2023-03-07,CUST01407,New,West,Electronics,Bluetooth Speaker,237.9,2,0,475.8,0.0,475.8,Cash on Delivery,0
ORD102924,2023-03-07,CUST03137,New,Central,Beauty & Personal Care,Skincare Kit,75.31,3,0,225.93,0.0,225.93,Debit Card,1
ORD102888,2023-03-07,CUST04625,New,South,Sports & Outdoors,Water Bottle,189.71,6,5,1138.26,56.91,1081.35,UPI,0
ORD103588,2023-03-07,CUST02788,New,Central,Electronics,Smart Watch,89.06,2,15,178.12,26.72,151.4,UPI,0
ORD101930,2023-03-07,CUST03392,Returning,East,Beauty & Personal Care,Skincare Kit,15.5,3,5,46.5,2.33,44.17,Credit Card,0
ORD102345,2023-03-08,CUST01800,New,West,Home & Kitchen,Coffee Maker,127.11,3,15,381.33,57.2,324.13,Debit Card,1
ORD102253,2023-03-08,CUST01060,Returning,North,Home & Kitchen,Air Fryer,91.56,9,0,824.04,0.0,824.04,Credit Card,0
ORD100908,2023-03-08,CUST01909,New,West,Home & Kitchen,Blender,119.06,2,5,238.12,11.91,226.21,Credit Card,0
ORD104361,2023-03-09,CUST02832,Returning,East,Electronics,Bluetooth Speaker,53.59,5,0,267.95,0.0,267.95,Debit Card,0
ORD103422,2023-03-09,CUST02948,Returning,North,Electronics,Smart Watch,66.9,3,0,200.7,0.0,200.7,Credit Card,0
ORD103869,2023-03-09,CUST01207,Returning,West,Beauty & Personal Care,Face Serum,69.08,7,0,483.56,0.0,483.56,Debit Card,0
ORD103129,2023-03-09,CUST03933,Returning,West,Home & Kitchen,Vacuum Cleaner,132.79,6,0,796.74,0.0,796.74,Credit Card,0
ORD104849,2023-03-09,CUST04985,Returning,West,Sports & Outdoors,Cycling Helmet,15.89,6,0,95.34,0.0,95.34,Debit Card,0
ORD102910,2023-03-09,CUST01894,New,North,Home & Kitchen,Vacuum Cleaner,128.19,4,5,512.76,25.64,487.12,Debit Card,1
ORD104407,2023-03-10,CUST04806,VIP,East,Home & Kitchen,Vacuum Cleaner,26.58,3,0,79.74,0.0,79.74,Cash on Delivery,0
ORD100808,2023-03-10,CUST04870,Returning,Central,Apparel,Winter Coat,34.69,4,20,138.76,27.75,111.01,UPI,0
ORD103423,2023-03-10,CUST03419,Returning,North,Sports & Outdoors,Dumbbell Set,180.04,5,5,900.2,45.01,855.19,Debit Card,0
ORD100466,2023-03-10,CUST03839,New,South,Electronics,Smart Watch,210.43,6,5,1262.58,63.13,1199.45,UPI,0
ORD104491,2023-03-10,CUST03483,New,West,Sports & Outdoors,Dumbbell Set,59.55,4,20,238.2,47.64,190.56,Credit Card,0
ORD100574,2023-03-10,CUST01867,New,East,Apparel,Yoga Pants,37.94,4,0,151.76,0.0,151.76,Net Banking,0
ORD102040,2023-03-10,CUST01364,Returning,West,Apparel,Denim Jacket,39.36,3,0,118.08,0.0,118.08,UPI,0
ORD105543,2023-03-10,CUST03373,New,East,Electronics,Bluetooth Speaker,17.66,4,5,70.64,3.53,67.11,Credit Card,0
ORD101358,2023-03-10,CUST03908,Returning,Central,Electronics,Smart Watch,209.07,4,20,836.28,167.26,669.02,Debit Card,1
ORD101097,2023-03-10,CUST03453,Returning,South,Electronics,Power Bank,150.06,2,0,300.12,0.0,300.12,Credit Card,0
ORD104252,2023-03-10,CUST03955,New,North,Sports & Outdoors,Cycling Helmet,9.44,3,20,28.32,5.66,22.66,UPI,0
ORD102240,2023-03-11,CUST01392,New,West,Electronics,Bluetooth Speaker,200.04,11,5,2200.44,110.02,2090.42,Credit Card,0
ORD105322,2023-03-11,CUST02171,New,East,Home & Kitchen,Air Fryer,47.66,1,5,47.66,2.38,45.28,Credit Card,0
ORD102831,2023-03-11,CUST01587,Returning,East,Sports & Outdoors,Cycling Helmet,178.34,4,0,713.36,0.0,713.36,Credit Card,0
ORD104785,2023-03-11,CUST01645,New,North,Electronics,Wireless Earbuds,147.77,4,0,591.08,0.0,591.08,Credit Card,0
ORD100627,2023-03-11,CUST01067,New,Central,Beauty & Personal Care,Perfume,51.68,4,5,206.72,10.34,196.38,Credit Card,0
ORD102689,2023-03-11,CUST02563,VIP,West,Home & Kitchen,Vacuum Cleaner,126.73,3,0,380.19,0.0,380.19,Net Banking,0
ORD105622,2023-03-12,CUST01969,New,North,Electronics,Wireless Earbuds,55.97,4,0,223.88,0.0,223.88,Credit Card,0
ORD104606,2023-03-12,CUST03789,New,West,Sports & Outdoors,Water Bottle,133.54,4,10,534.16,53.42,480.74,Cash on Delivery,0
ORD104968,2023-03-12,CUST04872,New,West,Home & Kitchen,Vacuum Cleaner,22.46,4,0,89.84,0.0,89.84,Credit Card,0
ORD105601,2023-03-13,CUST04657,Returning,North,Electronics,Power Bank,179.16,5,15,895.8,134.37,761.43,Credit Card,0
ORD105095,2023-03-13,CUST02894,Returning,West,Electronics,Wireless Earbuds,223.01,4,10,892.04,89.2,802.84,UPI,0
ORD100004,2023-03-13,CUST02565,Returning,North,Beauty & Personal Care,Skincare Kit,88.96,5,0,444.8,0.0,444.8,Debit Card,1
ORD105076,2023-03-13,CUST04723,VIP,North,Electronics,Smartphone Case,169.64,6,15,1017.84,152.68,865.16,Cash on Delivery,0
ORD100765,2023-03-13,CUST01264,VIP,North,Electronics,Wireless Earbuds,220.32,4,15,881.28,132.19,749.09,UPI,0
ORD105185,2023-03-13,CUST02009,New,East,Electronics,Smartphone Case,76.27,5,10,381.35,38.14,343.21,Credit Card,0
ORD102948,2023-03-13,CUST04712,Returning,North,Electronics,Wireless Earbuds,103.48,7,0,724.36,0.0,724.36,Debit Card,0
ORD105408,2023-03-13,CUST03594,New,Central,Home & Kitchen,Vacuum Cleaner,74.21,2,5,148.42,7.42,141.0,Cash on Delivery,0
ORD105864,2023-03-13,CUST03574,Returning,East,Electronics,Bluetooth Speaker,225.28,4,0,901.12,0.0,901.12,Debit Card,0
ORD101769,2023-03-13,CUST04763,Returning,Central,Home & Kitchen,Blender,161.38,3,15,484.14,72.62,411.52,Net Banking,0
ORD100848,2023-03-14,CUST04052,Returning,Central,Beauty & Personal Care,Hair Dryer,59.45,4,0,237.8,0.0,237.8,Debit Card,0
ORD103335,2023-03-14,CUST04919,Returning,South,Sports & Outdoors,Cycling Helmet,67.99,4,0,271.96,0.0,271.96,Debit Card,0
ORD104368,2023-03-14,CUST01411,Returning,South,Electronics,Wireless Earbuds,151.41,3,5,454.23,22.71,431.52,Credit Card,0
ORD101373,2023-03-14,CUST04009,Returning,South,Electronics,Power Bank,23.76,4,0,95.04,0.0,95.04,Credit Card,0
ORD102237,2023-03-14,CUST03693,Returning,Central,Home & Kitchen,Coffee Maker,93.14,3,0,279.42,0.0,279.42,Cash on Delivery,0
ORD103107,2023-03-14,CUST01005,VIP,South,Electronics,Wireless Earbuds,34.97,7,10,244.79,24.48,220.31,Credit Card,0
ORD101819,2023-03-14,CUST03941,VIP,North,Sports & Outdoors,Cycling Helmet,154.52,4,0,618.08,0.0,618.08,Debit Card,0
ORD104389,2023-03-14,CUST02854,Returning,West,Apparel,Running Shoes,45.39,5,0,226.95,0.0,226.95,Credit Card,0
ORD104334,2023-03-14,CUST04207,Returning,South,Apparel,Cotton T-Shirt,106.89,8,5,855.12,42.76,812.36,Credit Card,1
ORD104437,2023-03-14,CUST02503,VIP,East,Sports & Outdoors,Camping Tent,16.01,4,0,64.04,0.0,64.04,Credit Card,0
ORD104629,2023-03-14,CUST03620,New,South,Apparel,Denim Jacket,68.26,4,10,273.04,27.3,245.74,Cash on Delivery,0
ORD102348,2023-03-14,CUST02129,VIP,North,Electronics,Smartphone Case,26.98,4,20,107.92,21.58,86.34,Cash on Delivery,0
ORD104947,2023-03-14,CUST04940,Returning,North,Home & Kitchen,Coffee Maker,115.34,5,0,576.7,0.0,576.7,UPI,0
ORD104173,2023-03-14,CUST02898,VIP,West,Apparel,Yoga Pants,12.81,5,0,64.05,0.0,64.05,UPI,0
ORD105275,2023-03-14,CUST02103,New,North,Apparel,Yoga Pants,16.98,2,10,33.96,3.4,30.56,Credit Card,0
ORD105899,2023-03-14,CUST03309,New,South,Home & Kitchen,Vacuum Cleaner,32.53,2,15,65.06,9.76,55.3,Credit Card,0
ORD105763,2023-03-14,CUST04291,VIP,East,Electronics,Smartphone Case,205.13,6,0,1230.78,0.0,1230.78,UPI,0
ORD102783,2023-03-15,CUST01875,Returning,Central,Electronics,Wireless Earbuds,133.29,2,15,266.58,39.99,226.59,Credit Card,0
ORD103973,2023-03-15,CUST02240,VIP,North,Apparel,Denim Jacket,92.05,3,0,276.15,0.0,276.15,Debit Card,0
ORD100599,2023-03-15,CUST03463,New,West,Home & Kitchen,Blender,76.23,2,0,152.46,0.0,152.46,UPI,0
ORD104856,2023-03-15,CUST03179,Returning,East,Electronics,Power Bank,38.41,7,15,268.87,40.33,228.54,Debit Card,0
ORD103629,2023-03-15,CUST02367,New,East,Apparel,Cotton T-Shirt,49.96,3,0,149.88,0.0,149.88,Credit Card,1
ORD100783,2023-03-16,CUST01057,Returning,Central,Electronics,Bluetooth Speaker,45.11,3,0,135.33,0.0,135.33,UPI,0
ORD103390,2023-03-16,CUST01283,Returning,Central,Home & Kitchen,Blender,124.51,3,15,373.53,56.03,317.5,UPI,0
ORD101153,2023-03-16,CUST04816,Returning,West,Beauty & Personal Care,Perfume,36.42,5,20,182.1,36.42,145.68,Credit Card,0
ORD101705,2023-03-16,CUST02283,VIP,West,Home & Kitchen,Cookware Set,40.76,2,0,81.52,0.0,81.52,UPI,0
ORD105964,2023-03-16,CUST02387,Returning,Central,Home & Kitchen,Coffee Maker,87.56,3,5,262.68,13.13,249.55,UPI,0
ORD103576,2023-03-16,CUST02508,New,West,Beauty & Personal Care,Face Serum,32.96,2,20,65.92,13.18,52.74,Net Banking,0
ORD104885,2023-03-16,CUST04242,VIP,Central,Sports & Outdoors,Camping Tent,109.23,3,5,327.69,16.38,311.31,Net Banking,0
ORD103655,2023-03-16,CUST01361,Returning,Central,Beauty & Personal Care,Electric Trimmer,16.35,3,0,49.05,0.0,49.05,Cash on Delivery,0
ORD100954,2023-03-16,CUST03473,Returning,West,Sports & Outdoors,Yoga Mat,50.39,4,0,201.56,0.0,201.56,Credit Card,0
ORD101307,2023-03-16,CUST01676,New,East,Home & Kitchen,Air Fryer,59.03,2,10,118.06,11.81,106.25,Net Banking,0
ORD100529,2023-03-16,CUST04017,Returning,North,Home & Kitchen,Vacuum Cleaner,104.26,6,0,625.56,0.0,625.56,Credit Card,0
ORD102762,2023-03-16,CUST04255,Returning,North,Beauty & Personal Care,Face Serum,22.31,5,0,111.55,0.0,111.55,Cash on Delivery,0
ORD103032,2023-03-16,CUST02238,New,Central,Apparel,Running Shoes,40.0,3,0,120.0,0.0,120.0,Credit Card,0
ORD103348,2023-03-16,CUST01419,Returning,Central,Home & Kitchen,Cookware Set,175.06,3,0,525.18,0.0,525.18,Credit Card,0
ORD104184,2023-03-17,CUST02237,New,South,Apparel,Running Shoes,99.12,3,0,297.36,0.0,297.36,Debit Card,0
ORD102732,2023-03-17,CUST01453,Returning,West,Sports & Outdoors,Water Bottle,86.24,4,0,344.96,0.0,344.96,Cash on Delivery,0
ORD103188,2023-03-17,CUST04585,New,East,Electronics,Power Bank,236.34,3,0,709.02,0.0,709.02,Debit Card,0
ORD105103,2023-03-17,CUST02765,Returning,North,Apparel,Winter Coat,82.7,7,0,578.9,0.0,578.9,UPI,0
ORD102077,2023-03-17,CUST01791,New,North,Apparel,Winter Coat,112.3,2,0,224.6,0.0,224.6,Cash on Delivery,0
ORD100565,2023-03-17,CUST04456,VIP,West,Apparel,Denim Jacket,83.4,4,0,333.6,0.0,333.6,Credit Card,0
ORD105594,2023-03-17,CUST02633,Returning,West,Beauty & Personal Care,Skincare Kit,82.6,4,0,330.4,0.0,330.4,Cash on Delivery,0
ORD100458,2023-03-17,CUST01953,Returning,Central,Sports & Outdoors,Cycling Helmet,72.34,1,0,72.34,0.0,72.34,UPI,0
ORD105531,2023-03-17,CUST03552,New,East,Electronics,Power Bank,182.11,3,15,546.33,81.95,464.38,UPI,0
ORD105618,2023-03-17,CUST02682,New,West,Electronics,Wireless Earbuds,40.48,5,0,202.4,0.0,202.4,UPI,0
ORD104528,2023-03-17,CUST04913,New,East,Home & Kitchen,Vacuum Cleaner,92.11,2,0,184.22,0.0,184.22,Debit Card,0
ORD102210,2023-03-18,CUST02227,New,North,Home & Kitchen,Coffee Maker,103.76,6,10,622.56,62.26,560.3,Net Banking,0
ORD104801,2023-03-18,CUST02433,Returning,West,Home & Kitchen,Blender,68.7,8,0,549.6,0.0,549.6,Net Banking,0
ORD105918,2023-03-18,CUST03873,VIP,Central,Beauty & Personal Care,Hair Dryer,68.19,5,10,340.95,34.1,306.85,UPI,0
ORD103415,2023-03-18,CUST02526,New,Central,Home & Kitchen,Cookware Set,58.61,6,0,351.66,0.0,351.66,UPI,0
ORD100753,2023-03-19,CUST03002,Returning,Central,Apparel,Denim Jacket,77.84,4,5,311.36,15.57,295.79,Credit Card,0
ORD100846,2023-03-19,CUST01176,Returning,West,Sports & Outdoors,Water Bottle,74.51,5,0,372.55,0.0,372.55,Net Banking,0
ORD101026,2023-03-19,CUST03985,Returning,West,Sports & Outdoors,Camping Tent,90.04,4,5,360.16,18.01,342.15,UPI,0
ORD105780,2023-03-19,CUST04951,New,West,Beauty & Personal Care,Perfume,15.93,5,5,79.65,3.98,75.67,UPI,0
ORD101242,2023-03-19,CUST03721,New,East,Sports & Outdoors,Yoga Mat,68.38,2,0,136.76,0.0,136.76,UPI,0
ORD102760,2023-03-19,CUST03899,New,Central,Home & Kitchen,Blender,112.52,5,0,562.6,0.0,562.6,UPI,0
ORD104199,2023-03-19,CUST02590,VIP,South,Apparel,Cotton T-Shirt,41.74,5,0,208.7,0.0,208.7,Cash on Delivery,0
ORD100874,2023-03-19,CUST01810,Returning,West,Sports & Outdoors,Water Bottle,74.07,8,15,592.56,88.88,503.68,Credit Card,0
ORD102915,2023-03-20,CUST04190,VIP,North,Electronics,Wireless Earbuds,118.38,6,0,710.28,0.0,710.28,Debit Card,0
ORD101691,2023-03-20,CUST04191,Returning,East,Beauty & Personal Care,Hair Dryer,53.62,2,0,107.24,0.0,107.24,Debit Card,0
ORD104350,2023-03-20,CUST03184,New,South,Beauty & Personal Care,Perfume,20.11,2,15,40.22,6.03,34.19,Cash on Delivery,0
ORD103834,2023-03-20,CUST04424,VIP,North,Beauty & Personal Care,Hair Dryer,13.07,3,0,39.21,0.0,39.21,UPI,0
ORD102374,2023-03-20,CUST03644,VIP,Central,Home & Kitchen,Coffee Maker,160.68,3,0,482.04,0.0,482.04,Cash on Delivery,0
ORD105993,2023-03-20,CUST03403,Returning,North,Beauty & Personal Care,Perfume,5.35,5,0,26.75,0.0,26.75,Credit Card,0
ORD102505,2023-03-20,CUST02534,New,East,Home & Kitchen,Blender,77.47,4,0,309.88,0.0,309.88,Cash on Delivery,0
ORD102413,2023-03-21,CUST04174,VIP,Central,Apparel,Yoga Pants,53.69,3,0,161.07,0.0,161.07,Debit Card,0
ORD100665,2023-03-21,CUST04787,Returning,South,Apparel,Running Shoes,30.56,3,0,91.68,0.0,91.68,Credit Card,0
ORD100801,2023-03-22,CUST03545,Returning,East,Apparel,Yoga Pants,26.14,4,0,104.56,0.0,104.56,UPI,0
ORD100065,2023-03-22,CUST02579,New,West,Home & Kitchen,Vacuum Cleaner,109.31,5,5,546.55,27.33,519.22,Credit Card,0
ORD103312,2023-03-22,CUST03916,New,East,Beauty & Personal Care,Electric Trimmer,86.97,3,0,260.91,0.0,260.91,Cash on Delivery,0
ORD104154,2023-03-22,CUST02319,New,East,Home & Kitchen,Vacuum Cleaner,50.22,1,0,50.22,0.0,50.22,UPI,0
ORD101406,2023-03-22,CUST02287,New,East,Electronics,Smartphone Case,43.96,2,20,87.92,17.58,70.34,Credit Card,0
ORD100209,2023-03-22,CUST03048,Returning,North,Home & Kitchen,Vacuum Cleaner,115.62,7,0,809.34,0.0,809.34,Cash on Delivery,0
ORD103504,2023-03-23,CUST03333,New,North,Electronics,Smart Watch,49.0,6,5,294.0,14.7,279.3,Net Banking,0
ORD102848,2023-03-23,CUST03325,Returning,West,Home & Kitchen,Blender,134.08,2,5,268.16,13.41,254.75,Net Banking,0
ORD105049,2023-03-23,CUST04310,Returning,Central,Apparel,Cotton T-Shirt,67.47,6,10,404.82,40.48,364.34,Debit Card,0
ORD101630,2023-03-23,CUST04567,New,North,Home & Kitchen,Coffee Maker,51.04,7,0,357.28,0.0,357.28,Credit Card,0
ORD104665,2023-03-23,CUST04356,Returning,East,Electronics,Power Bank,94.22,4,10,376.88,37.69,339.19,UPI,0
ORD104297,2023-03-23,CUST01655,Returning,North,Electronics,Bluetooth Speaker,232.42,3,0,697.26,0.0,697.26,Credit Card,0
ORD101262,2023-03-23,CUST04892,Returning,East,Home & Kitchen,Cookware Set,134.36,5,0,671.8,0.0,671.8,Credit Card,0
ORD104019,2023-03-23,CUST04414,Returning,Central,Apparel,Running Shoes,13.24,4,15,52.96,7.94,45.02,Net Banking,0
ORD105849,2023-03-24,CUST04125,New,North,Beauty & Personal Care,Hair Dryer,58.15,3,0,174.45,0.0,174.45,UPI,0
ORD103097,2023-03-24,CUST02150,Returning,North,Electronics,Bluetooth Speaker,229.25,5,15,1146.25,171.94,974.31,Credit Card,0
ORD105248,2023-03-24,CUST03187,Returning,West,Apparel,Winter Coat,74.05,4,0,296.2,0.0,296.2,Debit Card,1
ORD104365,2023-03-24,CUST02720,Returning,West,Beauty & Personal Care,Electric Trimmer,11.14,4,0,44.56,0.0,44.56,Debit Card,0
ORD103584,2023-03-24,CUST04953,Returning,North,Apparel,Yoga Pants,114.54,2,15,229.08,34.36,194.72,Net Banking,0
ORD105540,2023-03-24,CUST02664,New,South,Home & Kitchen,Coffee Maker,151.18,4,0,604.72,0.0,604.72,UPI,0
ORD100750,2023-03-24,CUST03892,Returning,West,Sports & Outdoors,Water Bottle,132.34,1,0,132.34,0.0,132.34,UPI,0
ORD103683,2023-03-24,CUST01154,New,South,Beauty & Personal Care,Skincare Kit,83.25,5,0,416.25,0.0,416.25,Cash on Delivery,0
ORD102405,2023-03-24,CUST03013,Returning,Central,Sports & Outdoors,Yoga Mat,57.67,1,0,57.67,0.0,57.67,UPI,0
ORD104055,2023-03-25,CUST02930,New,Central,Beauty & Personal Care,Perfume,56.56,6,0,339.36,0.0,339.36,Cash on Delivery,0
ORD101177,2023-03-25,CUST02715,VIP,North,Beauty & Personal Care,Perfume,35.96,3,0,107.88,0.0,107.88,Credit Card,0
ORD103301,2023-03-25,CUST02091,Returning,Central,Sports & Outdoors,Cycling Helmet,45.28,3,0,135.84,0.0,135.84,Credit Card,0
ORD102301,2023-03-25,CUST01791,VIP,South,Apparel,Yoga Pants,109.95,3,15,329.85,49.48,280.37,Debit Card,0
ORD103284,2023-03-25,CUST01592,New,Central,Electronics,Bluetooth Speaker,178.09,3,15,534.27,80.14,454.13,UPI,0
ORD102154,2023-03-25,CUST04696,Returning,central,Apparel,Denim Jacket,92.34,3,0,277.02,0.0,277.02,Credit Card,0
ORD104977,2023-03-25,CUST04536,Returning,West,Apparel,Running Shoes,111.14,3,15,333.42,50.01,283.41,Net Banking,0
ORD101708,2023-03-25,CUST01817,Returning,North,Home & Kitchen,Cookware Set,27.97,4,15,111.88,16.78,95.1,UPI,0
ORD101926,2023-03-25,CUST04659,New,South,Sports & Outdoors,Dumbbell Set,195.77,2,10,391.54,39.15,352.39,UPI,0
ORD104268,2023-03-25,CUST04413,New,North,Apparel,Yoga Pants,40.6,7,0,284.2,0.0,284.2,Credit Card,0
ORD101718,2023-03-25,CUST02902,Returning,East,Sports & Outdoors,Camping Tent,180.76,5,5,903.8,45.19,858.61,Cash on Delivery,0
ORD101836,2023-03-25,CUST01776,New,Central,Home & Kitchen,Air Fryer,122.8,3,0,368.4,0.0,368.4,UPI,0
ORD101829,2023-03-25,CUST01668,VIP,West,Electronics,Smart Watch,139.32,7,10,975.24,97.52,877.72,Cash on Delivery,0
ORD101255,2023-03-26,CUST04663,New,North,Apparel,Running Shoes,105.47,5,5,527.35,26.37,500.98,Net Banking,0
ORD100752,2023-03-26,CUST04747,New,South,Home & Kitchen,Cookware Set,115.35,3,0,346.05,0.0,346.05,Credit Card,0
ORD102090,2023-03-26,CUST01213,New,West,Electronics,Smartphone Case,242.04,3,0,726.12,0.0,726.12,Debit Card,0
ORD104101,2023-03-26,CUST01560,Returning,East,Home & Kitchen,Coffee Maker,171.0,3,0,513.0,0.0,513.0,Credit Card,1
ORD100898,2023-03-27,CUST02209,New,West,Beauty & Personal Care,Perfume,34.66,6,0,207.96,0.0,207.96,Cash on Delivery,0
ORD103969,2023-03-27,CUST03418,Returning,East,Electronics,Smart Watch,213.83,-1,0,1710.64,0.0,1710.64,Debit Card,0
ORD102894,2023-03-27,CUST04268,New,West,Sports & Outdoors,Dumbbell Set,57.47,3,15,172.41,25.86,146.55,Debit Card,0
ORD102019,2023-03-27,CUST04420,New,West,Home & Kitchen,Coffee Maker,129.6,5,0,648.0,0.0,648.0,Debit Card,0
ORD100157,2023-03-27,CUST02872,Returning,Central,Electronics,Wireless Earbuds,146.97,2,0,293.94,0.0,293.94,UPI,0
ORD101795,2023-03-27,CUST02535,VIP,West,Electronics,Bluetooth Speaker,57.17,5,15,285.85,42.88,242.97,UPI,0
ORD100462,2023-03-27,CUST02576,New,North,Electronics,Power Bank,80.29,5,0,401.45,0.0,401.45,Debit Card,1
ORD101425,2023-03-27,CUST01649,New,North,Apparel,Yoga Pants,102.35,2,0,204.7,0.0,204.7,Credit Card,1
ORD105908,2023-03-27,CUST01563,Returning,Central,Home & Kitchen,Coffee Maker,105.07,4,0,420.28,0.0,420.28,Credit Card,0
ORD104998,2023-03-27,CUST03150,Returning,South,Apparel,Yoga Pants,14.53,5,20,72.65,14.53,58.12,UPI,0
ORD102516,2023-03-28,CUST02522,VIP,East,Apparel,Yoga Pants,109.61,3,0,328.83,0.0,328.83,Credit Card,0
ORD103410,2023-03-28,CUST02415,New,East,Apparel,Winter Coat,48.83,4,0,195.32,0.0,195.32,Credit Card,0
ORD101847,2023-03-28,CUST03360,New,North,Apparel,Yoga Pants,98.26,3,5,294.78,14.74,280.04,Debit Card,0
ORD104526,2023-03-28,CUST03406,VIP,North,Electronics,Smart Watch,206.09,3,0,618.27,0.0,618.27,Cash on Delivery,0
ORD102511,2023-03-28,CUST04573,Returning,West,Apparel,Running Shoes,92.31,5,0,461.55,0.0,461.55,Credit Card,0
ORD101221,2023-03-28,CUST02973,New,North,Home & Kitchen,Air Fryer,179.52,2,15,359.04,53.86,305.18,Debit Card,0
ORD103196,2023-03-28,CUST03138,New,South,Beauty & Personal Care,Perfume,37.2,4,20,148.8,29.76,119.04,UPI,0
ORD105300,2023-03-28,CUST01296,New,South,Apparel,Denim Jacket,30.29,4,0,121.16,0.0,121.16,Cash on Delivery,1
ORD105701,2023-03-29,CUST04955,Returning,East,Apparel,Winter Coat,31.59,3,0,94.77,0.0,94.77,UPI,0
ORD104944,2023-03-29,CUST02831,VIP,North,Home & Kitchen,Vacuum Cleaner,60.61,7,10,424.27,42.43,381.84,Debit Card,0
ORD101241,2023-03-29,CUST02870,New,South,Sports & Outdoors,Cycling Helmet,183.6,3,0,550.8,0.0,550.8,Net Banking,0
ORD100013,2023-03-29,CUST01849,VIP,North,Electronics,Wireless Earbuds,242.43,4,0,969.72,0.0,969.72,Credit Card,0
ORD104156,2023-03-29,CUST04162,New,East,Home & Kitchen,Blender,39.24,1,15,39.24,5.89,33.35,Debit Card,0
ORD103667,2023-03-29,CUST01749,Returning,East,Apparel,Cotton T-Shirt,14.14,3,0,42.42,0.0,42.42,Net Banking,0
ORD101786,2023-03-29,CUST02446,New,Central,Apparel,Yoga Pants,110.65,3,0,331.95,0.0,331.95,Credit Card,1
ORD104473,2023-03-29,CUST03519,VIP,North,Beauty & Personal Care,Skincare Kit,72.68,3,0,218.04,0.0,218.04,Debit Card,0
ORD102629,2023-03-29,CUST01955,Returning,North,Electronics,Smart Watch,48.22,1,5,48.22,2.41,45.81,UPI,0
ORD102049,2023-03-30,CUST04099,VIP,West,Home & Kitchen,Coffee Maker,128.49,5,0,642.45,0.0,642.45,UPI,0
ORD101414,2023-03-30,CUST04086,New,North,Home & Kitchen,Cookware Set,35.29,5,10,176.45,17.64,158.81,Debit Card,0
ORD105033,2023-03-30,CUST03792,New,South,Apparel,Yoga Pants,45.61,6,10,273.66,27.37,246.29,Net Banking,0
ORD103122,2023-03-30,CUST03471,VIP,West,Electronics,Smartphone Case,52.95,2,0,105.9,0.0,105.9,UPI,0
ORD101553,2023-03-30,CUST03086,VIP,South,Apparel,Denim Jacket,56.86,4,0,227.44,0.0,227.44,UPI,0
ORD104220,2023-03-30,CUST04506,New,North,Beauty & Personal Care,Face Serum,47.14,4,5,188.56,9.43,179.13,UPI,1
ORD101032,2023-03-30,CUST03910,Returning,East,Sports & Outdoors,Camping Tent,94.12,3,0,282.36,0.0,282.36,UPI,0
ORD103933,2023-03-31,CUST03532,Returning,East,Apparel,Cotton T-Shirt,112.02,3,0,336.06,0.0,336.06,UPI,0
ORD100980,2023-03-31,CUST04555,Returning,Central,Home & Kitchen,Blender,66.01,7,0,462.07,0.0,462.07,Credit Card,0
ORD103853,2023-03-31,CUST04016,Returning,South,Electronics,Power Bank,124.03,7,0,868.21,0.0,868.21,Debit Card,0
ORD100697,2023-03-31,CUST01684,New,East,Apparel,Cotton T-Shirt,29.18,8,0,233.44,0.0,233.44,Credit Card,0
ORD104921,2023-03-31,CUST04311,New,Central,Electronics,Smart Watch,156.04,5,0,780.2,0.0,780.2,UPI,0
ORD105614,2023-03-31,CUST04574,Returning,South,Apparel,Cotton T-Shirt,94.66,4,0,378.64,0.0,378.64,Debit Card,1
ORD101809,2023-03-31,CUST02540,Returning,East,Electronics,Smart Watch,171.01,2,20,342.02,68.4,273.62,Debit Card,0
ORD100519,2023-03-31,CUST02197,New,Central,Home & Kitchen,Cookware Set,77.22,7,0,540.54,0.0,540.54,Credit Card,0
ORD102138,2023-03-31,CUST01742,New,Central,Electronics,Smartphone Case,118.89,7,0,832.23,0.0,832.23,Credit Card,0
ORD105328,2023-04-01,CUST03560,VIP,Central,Electronics,Power Bank,112.08,5,10,560.4,56.04,504.36,Credit Card,0
ORD104813,2023-04-01,CUST02991,New,South,Electronics,Smartphone Case,75.16,3,0,225.48,0.0,225.48,Debit Card,0
ORD104018,2023-04-01,CUST03853,Returning,East,Apparel,Yoga Pants,44.52,4,0,178.08,0.0,178.08,UPI,0
ORD100633,2023-04-01,CUST01458,New,North,Sports & Outdoors,Dumbbell Set,172.14,3,5,516.42,25.82,490.6,UPI,0
ORD103467,2023-04-01,CUST03785,New,West,Apparel,Running Shoes,38.96,3,0,116.88,0.0,116.88,UPI,0
ORD102380,2023-04-02,CUST01878,New,Central,Electronics,Smart Watch,92.39,1,20,92.39,18.48,73.91,Debit Card,0
ORD100397,2023-04-02,CUST03697,New,South,Sports & Outdoors,Cycling Helmet,177.01,8,5,1416.08,70.8,1345.28,Debit Card,0
ORD101796,2023-04-02,CUST04204,Returning,West,Apparel,Denim Jacket,84.97,5,5,424.85,21.24,403.61,Credit Card,0
ORD101603,2023-04-02,CUST03261,New,East,Electronics,Smart Watch,62.87,2,0,125.74,0.0,125.74,Cash on Delivery,0
ORD100058,2023-04-02,CUST03971,Returning,Central,Home & Kitchen,Blender,88.34,5,0,441.7,0.0,441.7,Cash on Delivery,0
ORD102436,2023-04-02,CUST02287,New,West,Home & Kitchen,Coffee Maker,169.99,3,5,509.97,25.5,484.47,Net Banking,0
ORD104718,2023-04-02,CUST04417,New,West,Electronics,Smart Watch,126.35,4,0,505.4,0.0,505.4,Credit Card,0
ORD104460,2023-04-02,CUST01989,Returning,South,Sports & Outdoors,Dumbbell Set,188.37,4,0,753.48,0.0,753.48,Credit Card,0
ORD104595,2023-04-03,CUST03774,New,West,Home & Kitchen,Coffee Maker,71.53,3,0,214.59,0.0,214.59,Debit Card,0
ORD103968,2023-04-03,CUST04784,Returning,East,Electronics,Power Bank,127.36,1,10,127.36,12.74,114.62,Net Banking,0
ORD103911,2023-04-03,CUST03250,Returning,South,Home & Kitchen,Air Fryer,26.72,5,5,133.6,6.68,126.92,UPI,0
ORD100827,2023-04-03,CUST03246,Returning,Central,Electronics,Smartphone Case,166.59,3,10,499.77,49.98,449.79,Net Banking,0
ORD104631,2023-04-03,CUST01142,Returning,South,Electronics,Smartphone Case,136.02,3,0,408.06,0.0,408.06,Net Banking,0
ORD104986,2023-04-03,CUST01628,New,East,Electronics,Wireless Earbuds,208.16,3,0,624.48,0.0,624.48,Debit Card,0
ORD101873,2023-04-03,CUST03205,New,South,Electronics,Bluetooth Speaker,170.55,5,10,852.75,85.28,767.47,Debit Card,0
ORD105991,2023-04-03,CUST01029,Returning,West,Electronics,Smartphone Case,91.88,3,0,275.64,0.0,275.64,Credit Card,0
ORD104902,2023-04-03,CUST02690,Returning,West,Home & Kitchen,Cookware Set,53.43,2,0,106.86,0.0,106.86,Cash on Delivery,0
ORD105500,2023-04-03,CUST01911,New,Central,Home & Kitchen,Coffee Maker,39.46,5,5,197.3,9.87,187.43,Net Banking,0
ORD103211,2023-04-03,CUST04054,New,East,Home & Kitchen,Air Fryer,99.66,1,0,99.66,0.0,99.66,UPI,0
ORD105153,2023-04-04,CUST01664,Returning,Central,Sports & Outdoors,Yoga Mat,89.58,10,5,895.8,44.79,851.01,UPI,0
ORD104922,2023-04-04,CUST01221,New,Central,Sports & Outdoors,Yoga Mat,28.67,6,0,172.02,0.0,172.02,UPI,0
ORD100468,2023-04-04,CUST01594,New,Central,Beauty & Personal Care,Perfume,42.01,4,15,168.04,25.21,142.83,UPI,0
ORD102361,2023-04-05,CUST04336,Returning,West,Home & Kitchen,Vacuum Cleaner,166.88,4,0,667.52,0.0,667.52,Credit Card,0
ORD101004,2023-04-05,CUST03856,Returning,North,Apparel,Winter Coat,84.11,4,0,336.44,0.0,336.44,UPI,0
ORD104222,2023-04-05,CUST01620,Returning,West,Electronics,Smartphone Case,227.54,5,5,1137.7,56.89,1080.81,UPI,0
ORD100764,2023-04-05,CUST01315,Returning,East,Electronics,Bluetooth Speaker,91.63,3,0,274.89,0.0,274.89,Net Banking,0
ORD100818,2023-04-05,CUST03428,Returning,Central,Sports & Outdoors,Dumbbell Set,190.19,3,0,570.57,0.0,570.57,Credit Card,0
ORD101093,2023-04-05,CUST04278,New,East,Apparel,Winter Coat,113.69,3,5,341.07,17.05,324.02,Debit Card,0
ORD103662,2023-04-06,CUST01056,New,North,Home & Kitchen,Vacuum Cleaner,105.52,5,0,527.6,0.0,527.6,Credit Card,0
ORD100145,2023-04-06,CUST01977,Returning,North,Home & Kitchen,Coffee Maker,164.46,3,0,493.38,0.0,493.38,Cash on Delivery,0
ORD105808,2023-04-06,CUST01172,New,Central,Sports & Outdoors,Water Bottle,120.67,4,15,482.68,72.4,410.28,Debit Card,0
ORD104159,2023-04-06,CUST02035,Returning,West,Home & Kitchen,Blender,68.83,3,15,206.49,30.97,175.52,Debit Card,0
ORD105737,2023-04-06,CUST04591,New,Central,Home & Kitchen,Air Fryer,68.29,3,0,204.87,0.0,204.87,Debit Card,0
ORD100542,2023-04-06,CUST01356,New,North,Apparel,Running Shoes,44.36,6,0,266.16,0.0,266.16,Credit Card,0
ORD104685,2023-04-06,CUST03929,New,South,Apparel,Running Shoes,69.47,5,0,347.35,0.0,347.35,Debit Card,0
ORD105011,2023-04-06,CUST02655,VIP,South,Apparel,Running Shoes,78.23,4,20,312.92,62.58,250.34,Credit Card,0
ORD101240,2023-04-06,CUST03479,VIP,West,Apparel,Yoga Pants,40.75,4,15,163.0,24.45,138.55,Credit Card,1
ORD105517,2023-04-06,CUST01675,Returning,North,Electronics,Smartphone Case,228.13,3,5,684.39,34.22,650.17,Debit Card,0
ORD100445,2023-04-06,CUST03745,Returning,Central,Beauty & Personal Care,Electric Trimmer,85.04,4,5,340.16,17.01,323.15,Cash on Delivery,0
ORD102497,2023-04-07,CUST03431,New,East,Sports & Outdoors,Cycling Helmet,97.96,6,0,587.76,0.0,587.76,UPI,1
ORD104249,2023-04-07,CUST03769,New,West,Beauty & Personal Care,Face Serum,75.51,2,0,151.02,0.0,151.02,Credit Card,1
ORD102927,2023-04-07,CUST01060,Returning,Central,Electronics,Bluetooth Speaker,229.11,4,0,916.44,0.0,916.44,Credit Card,0
ORD101069,2023-04-07,CUST01327,New,North,Electronics,Wireless Earbuds,246.5,3,0,739.5,0.0,739.5,Debit Card,0
ORD104514,2023-04-07,CUST03865,VIP,North,Electronics,Smartphone Case,204.6,4,0,818.4,0.0,818.4,Credit Card,0
ORD100789,2023-04-08,CUST03556,Returning,North,Apparel,Winter Coat,46.81,4,0,187.24,0.0,187.24,UPI,0
ORD102889,2023-04-08,CUST03936,Returning,West,Electronics,Smart Watch,186.51,3,0,559.53,0.0,559.53,Net Banking,0
ORD101449,2023-04-08,CUST03581,Returning,North,Sports & Outdoors,Dumbbell Set,78.8,5,0,394.0,0.0,394.0,Net Banking,0
ORD104306,2023-04-08,CUST01999,Returning,North,Sports & Outdoors,Water Bottle,64.04,3,0,192.12,0.0,192.12,UPI,0
ORD105179,2023-04-08,CUST01551,Returning,South,Beauty & Personal Care,Face Serum,42.84,3,20,128.52,25.7,102.82,UPI,0
ORD104967,2023-04-08,CUST01904,New,North,Electronics,Bluetooth Speaker,169.25,4,0,677.0,0.0,677.0,Credit Card,0
ORD101353,2023-04-08,CUST03550,New,West,Electronics,Bluetooth Speaker,177.05,3,15,531.15,79.67,451.48,Credit Card,0
ORD100125,2023-04-09,CUST02055,VIP,West,Sports & Outdoors,Cycling Helmet,58.91,6,20,353.46,70.69,282.77,Credit Card,1
ORD100297,2023-04-09,CUST03550,New,South,Beauty & Personal Care,Face Serum,32.59,4,0,130.36,0.0,130.36,Debit Card,0
ORD100736,2023-04-09,CUST01921,Returning,West,Electronics,Smartphone Case,20.04,5,0,100.2,0.0,100.2,Cash on Delivery,0
ORD102406,2023-04-09,CUST03266,Returning,East,Beauty & Personal Care,Skincare Kit,88.38,1,0,88.38,0.0,88.38,UPI,0
ORD100277,2023-04-09,CUST04152,Returning,West,Beauty & Personal Care,Face Serum,45.54,2,5,91.08,4.55,86.53,UPI,0
ORD100540,2023-04-09,CUST01293,Returning,Central,Electronics,Wireless Earbuds,73.19,4,0,292.76,0.0,292.76,UPI,0
ORD101541,2023-04-09,CUST02351,New,West,Sports & Outdoors,Cycling Helmet,74.15,4,0,296.6,0.0,296.6,Cash on Delivery,0
ORD100356,2023-04-09,CUST03818,New,North,Electronics,Wireless Earbuds,114.53,8,10,916.24,91.62,824.62,Debit Card,0
ORD104040,2023-04-09,CUST03018,Returning,South,Electronics,Wireless Earbuds,217.81,3,20,653.43,130.69,522.74,Cash on Delivery,0
ORD105567,2023-04-09,CUST02138,Returning,East,Home & Kitchen,Vacuum Cleaner,158.99,6,0,953.94,0.0,953.94,Debit Card,0
ORD103454,2023-04-09,CUST02697,Returning,West,Apparel,Running Shoes,94.68,4,0,378.72,0.0,378.72,Net Banking,0
ORD101699,2023-04-09,CUST01048,Returning,North,Electronics,Smartphone Case,132.12,6,0,792.72,0.0,792.72,Credit Card,0
ORD100575,2023-04-09,CUST02058,New,West,Apparel,Denim Jacket,113.95,6,0,683.7,0.0,683.7,Credit Card,0
ORD100348,2023-04-09,CUST02300,Returning,West,Home & Kitchen,Coffee Maker,38.62,7,0,270.34,0.0,270.34,UPI,0
ORD103734,2023-04-10,CUST03566,Returning,East,Sports & Outdoors,Water Bottle,116.54,5,10,582.7,58.27,524.43,Credit Card,0
ORD100482,2023-04-10,CUST04165,Returning,North,Home & Kitchen,Blender,91.28,3,0,273.84,0.0,273.84,Debit Card,0
ORD103727,2023-04-10,CUST02497,Returning,North,Beauty & Personal Care,Perfume,50.97,8,0,407.76,0.0,407.76,Credit Card,0
ORD101909,2023-04-10,CUST01320,Returning,North,Electronics,Wireless Earbuds,72.6,5,0,363.0,0.0,363.0,Credit Card,0
ORD103727,2023-04-10,CUST02497,Returning,North,Beauty & Personal Care,Perfume,50.97,8,0,407.76,0.0,407.76,Credit Card,0
ORD104191,2023-04-10,CUST02756,VIP,East,Apparel,Winter Coat,103.98,5,0,519.9,0.0,519.9,Credit Card,0
ORD100015,2023-04-10,CUST02563,Returning,West,Electronics,Wireless Earbuds,18.92,3,5,56.76,2.84,53.92,UPI,0
ORD104340,2023-04-10,CUST03684,New,West,Beauty & Personal Care,Face Serum,89.96,4,20,359.84,71.97,287.87,Debit Card,0
ORD102419,2023-04-11,CUST04118,New,South,Home & Kitchen,Blender,103.38,2,0,206.76,0.0,206.76,Cash on Delivery,0
ORD103712,2023-04-11,CUST02586,New,East,Home & Kitchen,Vacuum Cleaner,105.2,5,0,526.0,0.0,526.0,Credit Card,0
ORD102512,2023-04-11,CUST04989,Returning,East,Apparel,Cotton T-Shirt,47.79,4,5,191.16,9.56,181.6,Credit Card,0
ORD102691,2023-04-11,CUST02254,Returning,West,Apparel,Cotton T-Shirt,79.53,4,5,318.12,15.91,302.21,Cash on Delivery,0
ORD103701,2023-04-11,CUST03084,Returning,West,Electronics,Bluetooth Speaker,119.89,6,0,719.34,0.0,719.34,Credit Card,0
ORD102330,2023-04-11,CUST04002,VIP,North,Beauty & Personal Care,Face Serum,85.38,4,15,341.52,51.23,290.29,Credit Card,0
ORD104997,2023-04-11,CUST03348,VIP,West,Beauty & Personal Care,Electric Trimmer,68.46,3,15,205.38,30.81,174.57,UPI,1
ORD102229,2023-04-12,CUST03199,New,North,Apparel,Yoga Pants,87.08,4,0,348.32,0.0,348.32,Debit Card,0
ORD101781,2023-04-12,CUST01241,New,West,Home & Kitchen,Coffee Maker,118.05,6,15,708.3,106.24,602.06,UPI,0
ORD102058,2023-04-12,CUST03990,New,Central,Home & Kitchen,Vacuum Cleaner,46.5,3,0,139.5,0.0,139.5,Debit Card,0
ORD105902,2023-04-12,CUST01135,New,East,Apparel,Denim Jacket,29.26,5,0,146.3,0.0,146.3,Credit Card,0
ORD103767,2023-04-12,CUST04240,New,Central,Electronics,Power Bank,117.3,6,0,703.8,0.0,703.8,Cash on Delivery,0
ORD102986,2023-04-12,CUST03456,New,East,Sports & Outdoors,Camping Tent,171.89,5,15,859.45,128.92,730.53,UPI,0
ORD104150,2023-04-12,CUST02610,New,South,Home & Kitchen,Air Fryer,114.45,8,0,915.6,0.0,915.6,Debit Card,1
ORD103492,2023-04-12,CUST04669,Returning,West,Electronics,Wireless Earbuds,119.75,5,0,598.75,0.0,598.75,Debit Card,0
ORD101391,2023-04-12,CUST01017,VIP,West,Sports & Outdoors,Yoga Mat,44.18,3,0,132.54,0.0,132.54,UPI,0
ORD103875,2023-04-12,CUST04074,New,West,Electronics,Power Bank,147.5,4,20,590.0,118.0,472.0,Credit Card,0
ORD102086,2023-04-12,CUST01033,New,South,Home & Kitchen,Vacuum Cleaner,56.13,2,0,112.26,0.0,112.26,Credit Card,0
ORD100421,2023-04-13,CUST02567,Returning,West,Home & Kitchen,Vacuum Cleaner,153.46,1,0,153.46,0.0,153.46,Credit Card,0
ORD101806,2023-04-13,CUST03294,Returning,North,Apparel,Cotton T-Shirt,115.99,7,0,811.93,0.0,811.93,Debit Card,0
ORD103263,2023-04-13,CUST02214,Returning,Central,Electronics,Bluetooth Speaker,205.73,4,0,822.92,0.0,822.92,Credit Card,0
ORD104613,2023-04-13,CUST02804,VIP,South,Home & Kitchen,Coffee Maker,119.36,7,5,835.52,41.78,793.74,Credit Card,0
ORD105480,2023-04-13,CUST04494,New,West,Electronics,Bluetooth Speaker,204.74,5,0,1023.7,0.0,1023.7,Debit Card,0
ORD100000,2023-04-13,CUST02519,Returning,South,Apparel,Winter Coat,90.35,2,0,180.7,0.0,180.7,Debit Card,0
ORD100785,2023-04-13,CUST03688,New,South,Apparel,Winter Coat,43.64,7,10,305.48,30.55,274.93,Credit Card,0
ORD102660,2023-04-14,CUST02198,VIP,North,Apparel,Yoga Pants,101.08,4,15,404.32,60.65,343.67,Cash on Delivery,1
ORD100291,2023-04-14,CUST04645,Returning,South,Sports & Outdoors,Camping Tent,46.49,4,0,185.96,0.0,185.96,Credit Card,0
ORD101049,2023-04-14,CUST03616,Returning,South,Home & Kitchen,Coffee Maker,128.84,2,15,257.68,38.65,219.03,Credit Card,0
ORD104800,2023-04-14,CUST03551,New,South,Apparel,Yoga Pants,88.48,6,15,530.88,79.63,451.25,Debit Card,0
ORD102292,2023-04-14,CUST03907,VIP,South,Apparel,Winter Coat,91.99,4,0,367.96,0.0,367.96,Credit Card,0
ORD103569,2023-04-14,CUST02096,New,South,Beauty & Personal Care,Face Serum,28.84,7,0,201.88,0.0,201.88,UPI,0
ORD103787,2023-04-14,CUST02816,New,West,Apparel,Cotton T-Shirt,41.6,4,15,166.4,24.96,141.44,Cash on Delivery,0
ORD103455,2023-04-14,CUST01875,Returning,Central,Apparel,Yoga Pants,87.61,3,0,262.83,0.0,262.83,Credit Card,0
ORD100377,2023-04-14,CUST02977,New,North,Apparel,Cotton T-Shirt,33.57,3,0,100.71,0.0,100.71,Debit Card,0
ORD105220,2023-04-14,CUST02914,New,North,Home & Kitchen,Vacuum Cleaner,119.6,1,0,119.6,0.0,119.6,UPI,0
ORD104158,2023-04-14,CUST02814,New,South,Beauty & Personal Care,Face Serum,26.05,4,0,104.2,0.0,104.2,Net Banking,0
ORD102952,2023-04-14,CUST03448,Returning,Central,Electronics,Bluetooth Speaker,21.69,2,0,43.38,0.0,43.38,Cash on Delivery,0
ORD105821,2023-04-14,CUST02792,New,Central,Sports & Outdoors,Water Bottle,25.19,2,0,50.38,0.0,50.38,UPI,0
ORD103840,2023-04-14,CUST01180,VIP,North,Apparel,Winter Coat,118.38,3,5,355.14,17.76,337.38,Credit Card,0
ORD103290,2023-04-15,CUST03475,VIP,West,Electronics,Smart Watch,212.38,1,0,212.38,0.0,212.38,UPI,0
ORD105243,2023-04-15,CUST01886,Returning,West,Home & Kitchen,Cookware Set,83.2,4,0,332.8,0.0,332.8,Credit Card,0
ORD102486,2023-04-15,CUST03123,New,West,Beauty & Personal Care,Hair Dryer,8.9,3,0,26.7,0.0,26.7,UPI,1
ORD105289,2023-04-15,CUST01285,Returning,North,Beauty & Personal Care,Skincare Kit,79.59,4,0,318.36,0.0,318.36,Net Banking,0
ORD100735,2023-04-15,CUST04986,New,South,Home & Kitchen,Blender,35.17,2,0,70.34,0.0,70.34,Credit Card,0
ORD104030,2023-04-15,CUST01453,Returning,Central,Electronics,Power Bank,25.65,4,20,102.6,20.52,82.08,Net Banking,0
ORD102131,2023-04-16,CUST02881,Returning,West,Sports & Outdoors,Yoga Mat,78.91,3,0,236.73,0.0,236.73,Credit Card,0
ORD105514,2023-04-16,CUST01166,New,East,Sports & Outdoors,Camping Tent,142.21,4,0,568.84,0.0,568.84,Credit Card,0
ORD100071,2023-04-16,CUST02273,Returning,North,Electronics,Smartphone Case,158.44,3,15,475.32,71.3,404.02,Cash on Delivery,0
ORD100799,2023-04-16,CUST03712,New,Central,Home & Kitchen,Blender,142.94,4,0,571.76,0.0,571.76,UPI,0
ORD101813,2023-04-16,CUST02459,Returning,North,Sports & Outdoors,Yoga Mat,82.55,5,0,412.75,0.0,412.75,Cash on Delivery,0
ORD105029,2023-04-16,CUST04896,VIP,West,Sports & Outdoors,Dumbbell Set,48.83,7,0,341.81,0.0,341.81,Credit Card,0
ORD101121,2023-04-16,CUST02014,New,East,Sports & Outdoors,Water Bottle,76.9,5,15,384.5,57.68,326.82,UPI,0
ORD105038,2023-04-16,CUST02771,Returning,North,Beauty & Personal Care,Hair Dryer,15.22,3,10,45.66,4.57,41.09,Cash on Delivery,0
ORD100429,2023-04-16,CUST01780,New,North,Apparel,Yoga Pants,34.06,3,0,102.18,0.0,102.18,Net Banking,0
ORD105190,2023-04-17,CUST02609,Returning,South,Electronics,Smart Watch,225.0,4,0,900.0,0.0,900.0,Credit Card,1
ORD101958,2023-04-17,CUST04563,New,East,Electronics,Smartphone Case,171.41,3,0,514.23,0.0,514.23,Cash on Delivery,0
ORD100003,2023-04-17,CUST02827,Returning,West,Home & Kitchen,Cookware Set,95.19,3,10,285.57,28.56,257.01,Credit Card,0
ORD100856,2023-04-17,CUST01442,New,North,Beauty & Personal Care,Hair Dryer,60.75,9,0,546.75,0.0,546.75,Debit Card,0
ORD105700,2023-04-17,CUST01409,Returning,West,Apparel,Yoga Pants,89.83,3,15,269.49,40.42,229.07,Net Banking,0
ORD101530,2023-04-17,CUST02539,New,South,Electronics,Bluetooth Speaker,236.48,7,0,1655.36,0.0,1655.36,Debit Card,0
ORD103329,2023-04-17,CUST03286,New,Central,Home & Kitchen,Air Fryer,101.08,5,0,505.4,0.0,505.4,UPI,0
ORD102144,2023-04-18,CUST04769,Returning,East,Beauty & Personal Care,Face Serum,81.96,4,0,327.84,0.0,327.84,Debit Card,0
ORD102645,2023-04-18,CUST03102,New,North,Apparel,Denim Jacket,108.94,3,0,326.82,0.0,326.82,Cash on Delivery,0
ORD102196,2023-04-18,CUST01029,New,South,Electronics,Smart Watch,75.62,3,15,226.86,34.03,192.83,Credit Card,0
ORD101387,2023-04-18,CUST04724,New,North,Electronics,Smartphone Case,200.46,5,0,1002.3,0.0,1002.3,UPI,0
ORD105719,2023-04-18,CUST03524,New,North,Sports & Outdoors,Camping Tent,108.55,5,0,542.75,0.0,542.75,Debit Card,0
ORD105360,2023-04-18,CUST04596,VIP,Central,Beauty & Personal Care,Perfume,81.2,3,0,243.6,0.0,243.6,Debit Card,0
ORD104324,2023-04-18,CUST03248,Returning,East,Home & Kitchen,Vacuum Cleaner,125.23,4,0,500.92,0.0,500.92,UPI,0
ORD101465,2023-04-18,CUST01876,Returning,North,Electronics,Bluetooth Speaker,54.05,2,10,108.1,10.81,97.29,UPI,0
ORD104518,2023-04-19,CUST01680,Returning,South,Beauty & Personal Care,Electric Trimmer,75.59,3,20,226.77,45.35,181.42,UPI,0
ORD102731,2023-04-19,CUST01771,New,East,Electronics,Wireless Earbuds,82.62,4,5,330.48,16.52,313.96,Credit Card,0
ORD105840,2023-04-19,CUST02936,New,North,Beauty & Personal Care,Face Serum,68.61,3,0,205.83,0.0,205.83,Debit Card,0
ORD100910,2023-04-19,CUST01344,New,South,Home & Kitchen,Blender,110.59,4,0,442.36,0.0,442.36,Debit Card,0
ORD105131,2023-04-19,CUST04437,Returning,South,Apparel,Winter Coat,81.07,3,0,243.21,0.0,243.21,UPI,0
ORD103434,2023-04-19,CUST02788,Returning,Central,Sports & Outdoors,Water Bottle,50.62,2,10,101.24,10.12,91.12,UPI,0
ORD102980,2023-04-19,CUST04382,VIP,North,Sports & Outdoors,Dumbbell Set,61.34,7,0,429.38,0.0,429.38,Credit Card,0
ORD103420,2023-04-19,CUST01951,New,Central,Apparel,Denim Jacket,81.55,7,10,570.85,57.09,513.76,Net Banking,0
ORD101304,2023-04-19,CUST03596,New,West,Electronics,Smartphone Case,217.72,7,15,1524.04,228.61,1295.43,Credit Card,0
ORD104058,2023-04-19,CUST04345,New,South,Electronics,Power Bank,76.25,3,10,228.75,22.88,205.87,Credit Card,0
ORD104044,2023-04-19,CUST04037,Returning,East,Home & Kitchen,Air Fryer,174.1,8,5,1392.8,69.64,1323.16,Cash on Delivery,0
ORD103257,2023-04-19,CUST03795,New,West,Beauty & Personal Care,Hair Dryer,78.27,4,0,313.08,0.0,313.08,Debit Card,0
ORD104186,2023-04-19,CUST02290,New,West,Electronics,Smart Watch,126.15,2,0,252.3,0.0,252.3,UPI,0
ORD100585,2023-04-19,CUST02602,Returning,North,Apparel,Cotton T-Shirt,79.01,9,0,711.09,0.0,711.09,Credit Card,0
ORD104984,2023-04-20,CUST01697,New,Central,Apparel,Yoga Pants,65.89,4,0,263.56,0.0,263.56,UPI,0
ORD105850,2023-04-20,CUST04108,Returning,South,Electronics,Smartphone Case,164.13,3,0,492.39,0.0,492.39,Cash on Delivery,0
ORD102362,2023-04-20,CUST02631,Returning,South,Sports & Outdoors,Camping Tent,29.42,3,0,88.26,0.0,88.26,Credit Card,0
ORD100912,2023-04-21,CUST04847,Returning,North,Apparel,Running Shoes,114.89,3,5,344.67,17.23,327.44,UPI,0
ORD104401,2023-04-21,CUST03902,VIP,North,Electronics,Smart Watch,100.67,3,5,302.01,15.1,286.91,Cash on Delivery,0
ORD105137,2023-04-21,CUST03016,VIP,North,Apparel,Cotton T-Shirt,76.33,3,5,228.99,11.45,217.54,Credit Card,0
ORD101831,2023-04-21,CUST02058,New,North,Home & Kitchen,Vacuum Cleaner,137.23,3,5,411.69,20.58,391.11,Credit Card,1
ORD103449,2023-04-21,CUST02228,Returning,South,Electronics,Smart Watch,233.81,7,0,1636.67,0.0,1636.67,Credit Card,0
ORD105911,2023-04-21,CUST03347,New,Central,Sports & Outdoors,Water Bottle,101.04,5,0,505.2,0.0,505.2,UPI,0
ORD103601,2023-04-21,CUST02045,Returning,North,Apparel,Winter Coat,49.28,2,15,98.56,14.78,83.78,UPI,0
ORD103772,2023-04-21,CUST02329,New,West,Sports & Outdoors,Camping Tent,18.57,2,15,37.14,5.57,31.57,Credit Card,0
ORD100815,2023-04-21,CUST04253,VIP,Central,Beauty & Personal Care,Perfume,79.32,6,0,475.92,0.0,475.92,UPI,0
ORD100914,2023-04-21,CUST02623,New,South,Sports & Outdoors,Yoga Mat,178.12,4,10,712.48,71.25,641.23,UPI,0
ORD105380,2023-04-21,CUST04505,New,North,Electronics,Smart Watch,231.85,3,0,695.55,0.0,695.55,UPI,0
ORD102650,2023-04-21,CUST01299,Returning,West,Electronics,Bluetooth Speaker,154.26,2,5,308.52,15.43,293.09,Credit Card,0
ORD104147,2023-04-21,CUST01857,New,South,Electronics,Bluetooth Speaker,80.45,8,0,643.6,0.0,643.6,UPI,0
ORD105881,2023-04-21,CUST02829,New,Central,Beauty & Personal Care,Face Serum,49.03,2,0,98.06,0.0,98.06,Debit Card,0
ORD102671,2023-04-22,CUST04499,VIP,Central,Electronics,Power Bank,61.3,1,0,61.3,0.0,61.3,Credit Card,0
ORD104908,2023-04-22,CUST01398,Returning,South,Apparel,Yoga Pants,53.47,2,5,106.94,5.35,101.59,UPI,0
ORD102886,2023-04-22,CUST04103,Returning,West,Sports & Outdoors,Dumbbell Set,22.21,5,0,111.05,0.0,111.05,Credit Card,1
ORD105021,2023-04-22,CUST02855,Returning,Central,Electronics,Smartphone Case,133.09,4,20,532.36,106.47,425.89,Credit Card,0
ORD105324,2023-04-22,CUST04617,Returning,North,Electronics,Smartphone Case,94.97,3,0,284.91,0.0,284.91,Credit Card,0
ORD104117,2023-04-22,CUST01118,Returning,West,Beauty & Personal Care,Hair Dryer,41.97,3,15,125.91,18.89,107.02,Debit Card,0
ORD105887,2023-04-22,CUST04076,Returning,South,Electronics,Bluetooth Speaker,243.15,7,0,1702.05,0.0,1702.05,Credit Card,1
ORD104063,2023-04-22,CUST04439,Returning,South,Apparel,Yoga Pants,115.66,1,5,115.66,5.78,109.88,Cash on Delivery,0
ORD100294,2023-04-22,CUST04292,New,South,Electronics,Power Bank,116.06,6,5,696.36,34.82,661.54,Credit Card,0
ORD105536,2023-04-23,CUST01057,New,North,Sports & Outdoors,Dumbbell Set,175.05,3,0,525.15,0.0,525.15,UPI,0
ORD101210,2023-04-23,CUST03046,Returning,East,Home & Kitchen,Blender,81.34,5,20,406.7,81.34,325.36,Credit Card,0
ORD100211,2023-04-23,CUST01144,New,North,Apparel,Denim Jacket,31.3,4,0,125.2,0.0,125.2,Cash on Delivery,0
ORD104872,2023-04-23,CUST04806,VIP,Central,Beauty & Personal Care,Hair Dryer,9.5,4,0,38.0,0.0,38.0,Debit Card,0
ORD100206,2023-04-23,CUST01109,Returning,South,Beauty & Personal Care,Skincare Kit,41.22,4,10,164.88,16.49,148.39,Credit Card,1
ORD100198,2023-04-23,CUST01425,Returning,East,Sports & Outdoors,Camping Tent,65.1,5,0,325.5,0.0,325.5,Debit Card,0
ORD103285,2023-04-23,CUST03381,New,East,Apparel,Running Shoes,97.73,5,0,488.65,0.0,488.65,Credit Card,0
ORD101641,2023-04-23,CUST01578,New,West,Home & Kitchen,Vacuum Cleaner,67.69,7,0,473.83,0.0,473.83,Cash on Delivery,0
ORD101349,2023-04-23,CUST04553,New,West,Home & Kitchen,Coffee Maker,38.68,1,5,38.68,1.93,36.75,Net Banking,0
ORD105285,2023-04-23,CUST01783,New,Central,Apparel,Running Shoes,20.2,4,0,80.8,0.0,80.8,UPI,0
ORD103546,2023-04-23,CUST01402,Returning,Central,Apparel,Cotton T-Shirt,12.46,3,0,37.38,0.0,37.38,Net Banking,0
ORD104241,2023-04-23,CUST01467,Returning,West,Home & Kitchen,Vacuum Cleaner,22.95,7,10,160.65,16.07,144.58,UPI,0
ORD100976,2023-04-23,CUST03007,Returning,Central,Electronics,Bluetooth Speaker,94.31,6,0,565.86,0.0,565.86,UPI,0
ORD102742,2023-04-23,CUST04819,New,Central,Electronics,Wireless Earbuds,153.06,4,0,612.24,0.0,612.24,Debit Card,0
ORD102747,2023-04-23,CUST02317,New,West,Electronics,Bluetooth Speaker,49.41,6,15,296.46,44.47,251.99,Net Banking,0
ORD102593,2023-04-23,CUST02584,New,East,Electronics,Smart Watch,99.39,5,0,496.95,0.0,496.95,Credit Card,1
ORD102312,2023-04-24,CUST03471,New,East,Home & Kitchen,Blender,134.61,3,5,403.83,20.19,383.64,Cash on Delivery,0
ORD101211,2023-04-24,CUST02319,Returning,West,Sports & Outdoors,Camping Tent,142.2,5,0,711.0,0.0,711.0,Debit Card,0
ORD104834,2023-04-24,CUST03006,Returning,West,Electronics,Bluetooth Speaker,159.61,5,0,798.05,0.0,798.05,Net Banking,0
ORD103523,2023-04-24,CUST04961,Returning,West,Electronics,Smart Watch,23.65,4,0,94.6,0.0,94.6,Credit Card,0
ORD104021,2023-04-24,CUST03871,Returning,North,Apparel,Cotton T-Shirt,63.06,2,0,126.12,0.0,126.12,Cash on Delivery,1
ORD102027,2023-04-24,CUST04074,New,Central,Electronics,Smartphone Case,155.25,3,0,465.75,0.0,465.75,Net Banking,0
ORD101585,2023-04-24,CUST02574,New,Central,Beauty & Personal Care,Skincare Kit,12.29,4,0,49.16,0.0,49.16,Cash on Delivery,0
ORD100523,2023-04-25,CUST03800,New,West,Sports & Outdoors,Camping Tent,151.72,6,0,910.32,0.0,910.32,Credit Card,0
ORD101288,2023-04-25,CUST02679,New,West,Electronics,Power Bank,134.2,3,0,402.6,0.0,402.6,UPI,0
ORD101591,2023-04-25,CUST03160,Returning,North,Home & Kitchen,Vacuum Cleaner,86.84,3,0,260.52,0.0,260.52,UPI,0
ORD103071,2023-04-25,CUST02106,Returning,North,Electronics,Wireless Earbuds,177.48,3,0,532.44,0.0,532.44,UPI,0
ORD104564,2023-04-25,CUST04105,Returning,South,Apparel,Yoga Pants,37.45,3,0,112.35,0.0,112.35,Credit Card,0
ORD105217,2023-04-25,CUST03296,New,West,Apparel,Denim Jacket,118.6,3,0,355.8,0.0,355.8,Net Banking,0
ORD105961,2023-04-26,CUST03989,Returning,South,Beauty & Personal Care,Hair Dryer,61.77,3,0,185.31,0.0,185.31,Credit Card,0
ORD102265,2023-04-26,CUST02393,Returning,East,Beauty & Personal Care,Electric Trimmer,59.78,3,0,179.34,0.0,179.34,Net Banking,0
ORD100358,2023-04-26,CUST02143,VIP,East,Home & Kitchen,Blender,161.94,4,0,647.76,0.0,647.76,Debit Card,0
ORD104016,2023-04-26,CUST03558,New,North,Home & Kitchen,Coffee Maker,101.51,3,0,304.53,0.0,304.53,UPI,0
ORD105565,2023-04-26,CUST03359,VIP,West,Home & Kitchen,Air Fryer,150.5,4,0,602.0,0.0,602.0,UPI,0
ORD104662,2023-04-26,CUST01675,New,South,Apparel,Running Shoes,30.2,5,20,151.0,30.2,120.8,UPI,1
ORD103512,2023-04-26,CUST02010,Returning,North,Apparel,Cotton T-Shirt,94.93,1,0,94.93,0.0,94.93,UPI,0
ORD105656,2023-04-26,CUST04644,New,East,Home & Kitchen,Vacuum Cleaner,115.63,4,0,462.52,0.0,462.52,Credit Card,0
ORD101804,2023-04-26,CUST03225,New,South,Beauty & Personal Care,Electric Trimmer,86.96,4,5,347.84,17.39,330.45,Credit Card,0
ORD102113,2023-04-27,CUST04699,New,North,Home & Kitchen,Cookware Set,48.74,2,5,97.48,4.87,92.61,Debit Card,0
ORD100657,2023-04-27,CUST04650,Returning,South,Home & Kitchen,Cookware Set,47.58,5,5,237.9,11.9,226.0,Cash on Delivery,0
ORD101147,2023-04-27,CUST04886,Returning,Central,Apparel,Winter Coat,22.5,4,0,90.0,0.0,90.0,Credit Card,0
ORD100438,2023-04-27,CUST04172,New,West,Electronics,Wireless Earbuds,154.91,2,0,309.82,0.0,309.82,Debit Card,0
ORD103468,2023-04-27,CUST04170,Returning,North,Electronics,Smartphone Case,16.3,2,5,32.6,1.63,30.97,UPI,0
ORD101892,2023-04-27,CUST01294,New,West,Apparel,Yoga Pants,46.75,7,0,327.25,0.0,327.25,Credit Card,0
ORD102370,2023-04-27,CUST02944,New,East,Sports & Outdoors,Dumbbell Set,194.03,4,0,776.12,0.0,776.12,Debit Card,0
ORD102735,2023-04-27,CUST04628,Returning,East,Sports & Outdoors,Dumbbell Set,118.95,4,5,475.8,23.79,452.01,Credit Card,1
ORD101761,2023-04-27,CUST03169,New,North,Electronics,Smart Watch,114.33,6,20,685.98,137.2,548.78,Net Banking,0
ORD104253,2023-04-28,CUST01418,Returning,South,Apparel,Running Shoes,62.0,4,0,248.0,0.0,248.0,Cash on Delivery,0
ORD103757,2023-04-28,CUST02475,VIP,West,Home & Kitchen,Vacuum Cleaner,120.51,3,10,361.53,36.15,325.38,UPI,0
ORD104576,2023-04-28,CUST04412,Returning,West,Beauty & Personal Care,Hair Dryer,14.83,7,0,103.81,0.0,103.81,UPI,0
ORD105959,2023-04-28,CUST02516,Returning,Central,Electronics,Wireless Earbuds,65.13,4,10,260.52,26.05,234.47,UPI,0
ORD100972,2023-04-28,CUST01729,Returning,North,Electronics,Power Bank,179.17,4,0,716.68,0.0,716.68,Cash on Delivery,1
ORD103351,2023-04-28,CUST02969,VIP,North,Sports & Outdoors,Cycling Helmet,185.72,6,0,1114.32,0.0,1114.32,Credit Card,0
ORD102750,2023-04-28,CUST01075,New,East,Electronics,Smartphone Case,223.2,6,0,1339.2,0.0,1339.2,Debit Card,0
ORD102163,2023-04-28,CUST03541,Returning,East,Electronics,Smartphone Case,21.25,4,5,85.0,4.25,80.75,UPI,0
ORD100447,2023-04-28,CUST01766,New,East,Beauty & Personal Care,Face Serum,27.8,6,5,166.8,8.34,158.46,Debit Card,0
ORD100771,2023-04-28,CUST01942,New,South,Home & Kitchen,Air Fryer,31.68,5,15,158.4,23.76,134.64,UPI,1
ORD100957,2023-04-28,CUST04159,New,West,Sports & Outdoors,Dumbbell Set,163.33,6,0,979.98,0.0,979.98,Debit Card,0
ORD104914,2023-04-28,CUST01734,Returning,Central,Home & Kitchen,Coffee Maker,173.64,4,0,694.56,0.0,694.56,Debit Card,0
ORD101078,2023-04-28,CUST01339,New,North,Apparel,Denim Jacket,97.13,7,5,679.91,34.0,645.91,UPI,0
ORD103296,2023-04-28,CUST01399,Returning,Central,Electronics,Smartphone Case,156.63,3,10,469.89,46.99,422.9,Net Banking,0
ORD103783,2023-04-29,CUST02638,New,North,Electronics,Smart Watch,132.56,3,0,397.68,0.0,397.68,Credit Card,0
ORD102023,2023-04-29,CUST03347,Returning,West,Home & Kitchen,Cookware Set,33.58,2,0,67.16,0.0,67.16,UPI,1
ORD102564,2023-04-29,CUST01544,New,South,Electronics,Smart Watch,180.67,5,10,903.35,90.34,813.01,UPI,0
ORD101269,2023-04-29,CUST02661,New,East,Beauty & Personal Care,Skincare Kit,35.35,3,0,106.05,0.0,106.05,Cash on Delivery,0
ORD100722,2023-04-29,CUST01368,Returning,Central,Electronics,Smartphone Case,147.91,2,10,295.82,29.58,266.24,Debit Card,1
ORD102709,2023-04-29,CUST04634,VIP,South,Electronics,Smart Watch,241.17,3,15,723.51,108.53,614.98,Credit Card,0
ORD101978,2023-04-29,CUST03390,New,East,Home & Kitchen,Vacuum Cleaner,28.28,2,0,56.56,0.0,56.56,Credit Card,0
ORD105228,2023-04-29,CUST02907,New,West,Electronics,Smartphone Case,220.1,5,15,1100.5,165.08,935.42,UPI,0
ORD100433,2023-04-30,CUST04770,Returning,East,Apparel,Denim Jacket,85.98,4,15,343.92,51.59,292.33,Credit Card,0
ORD101244,2023-04-30,CUST04901,New,West,Beauty & Personal Care,Perfume,51.91,5,0,259.55,0.0,259.55,Cash on Delivery,0
ORD103113,2023-04-30,CUST02155,VIP,South,Beauty & Personal Care,Face Serum,47.1,5,20,235.5,47.1,188.4,UPI,0
ORD100284,2023-04-30,CUST02212,Returning,West,Sports & Outdoors,Camping Tent,137.45,4,0,549.8,0.0,549.8,Credit Card,0
ORD105082,2023-04-30,CUST03967,Returning,West,Sports & Outdoors,Water Bottle,104.84,8,15,838.72,125.81,712.91,UPI,0
ORD101675,2023-04-30,CUST04750,New,Central,Home & Kitchen,Vacuum Cleaner,121.74,4,0,486.96,0.0,486.96,Credit Card,0
ORD102489,2023-04-30,CUST01091,New,Central,Sports & Outdoors,Water Bottle,136.5,6,15,819.0,122.85,696.15,Credit Card,0
ORD101552,2023-04-30,CUST03157,Returning,East,Electronics,Power Bank,129.17,2,0,258.34,0.0,258.34,Cash on Delivery,0
ORD104791,2023-04-30,CUST03949,Returning,North,Beauty & Personal Care,Perfume,42.19,6,15,253.14,37.97,215.17,Credit Card,0
ORD104477,2023-05-01,CUST04900,New,East,Electronics,Wireless Earbuds,205.82,4,0,823.28,0.0,823.28,UPI,1
ORD105579,2023-05-01,CUST01719,VIP,Central,Beauty & Personal Care,Hair Dryer,45.57,3,10,136.71,13.67,123.04,Credit Card,0
ORD100851,2023-05-01,CUST01690,Returning,North,Electronics,Smartphone Case,146.46,3,5,439.38,21.97,417.41,Credit Card,0
ORD101957,2023-05-01,CUST03584,Returning,West,Electronics,Smart Watch,109.39,4,0,437.56,0.0,437.56,Credit Card,0
ORD102594,2023-05-02,CUST02037,Returning,South,Electronics,Bluetooth Speaker,140.83,6,0,844.98,0.0,844.98,Credit Card,0
ORD103404,2023-05-02,CUST04416,New,West,Apparel,Winter Coat,22.01,4,0,88.04,0.0,88.04,Debit Card,0
ORD103895,2023-05-02,CUST02738,New,North,Beauty & Personal Care,Skincare Kit,89.72,5,10,448.6,44.86,403.74,Debit Card,0
ORD101852,2023-05-02,CUST04943,Returning,Central,Sports & Outdoors,Yoga Mat,145.24,3,15,435.72,65.36,370.36,Credit Card,0
ORD104682,2023-05-02,CUST01598,VIP,West,Electronics,Smart Watch,144.34,5,20,721.7,144.34,577.36,Debit Card,0
ORD100694,2023-05-02,CUST01820,Returning,West,Electronics,Smart Watch,220.53,3,5,661.59,33.08,628.51,Debit Card,0
ORD100008,2023-05-02,CUST03395,Returning,West,Beauty & Personal Care,Skincare Kit,24.28,3,0,72.84,0.0,72.84,UPI,0
ORD101811,2023-05-02,CUST01882,VIP,South,Sports & Outdoors,Cycling Helmet,51.76,7,0,362.32,0.0,362.32,UPI,0
ORD105446,2023-05-02,CUST02350,New,South,Home & Kitchen,Cookware Set,118.13,3,0,354.39,0.0,354.39,Credit Card,0
ORD104451,2023-05-03,CUST03295,New,East,Electronics,Wireless Earbuds,200.81,2,0,401.62,0.0,401.62,Debit Card,0
ORD105816,2023-05-03,CUST01124,New,West,Sports & Outdoors,Dumbbell Set,148.24,6,15,889.44,133.42,756.02,Credit Card,0
ORD103585,2023-05-03,CUST02905,Returning,South,Sports & Outdoors,Yoga Mat,198.63,1,0,198.63,0.0,198.63,Credit Card,0
ORD100231,2023-05-03,CUST02038,Returning,East,Sports & Outdoors,Yoga Mat,154.9,4,5,619.6,30.98,588.62,Debit Card,0
ORD102585,2023-05-04,CUST01298,New,West,Home & Kitchen,Vacuum Cleaner,82.64,3,0,247.92,0.0,247.92,Debit Card,0
ORD104693,2023-05-04,CUST03116,Returning,East,Apparel,Cotton T-Shirt,100.93,3,0,302.79,0.0,302.79,Debit Card,0
ORD103835,2023-05-04,CUST03187,VIP,East,Sports & Outdoors,Water Bottle,108.03,4,0,432.12,0.0,432.12,Net Banking,0
ORD102761,2023-05-04,CUST04959,Returning,West,Beauty & Personal Care,Face Serum,84.53,7,0,591.71,0.0,591.71,Debit Card,0
ORD102114,2023-05-04,CUST01912,Returning,North,Apparel,Yoga Pants,81.09,9,15,729.81,109.47,620.34,Net Banking,0
ORD103050,2023-05-04,CUST04731,Returning,East,Home & Kitchen,Vacuum Cleaner,143.9,4,0,575.6,0.0,575.6,Debit Card,1
ORD100241,2023-05-04,CUST02505,Returning,West,Electronics,Smartphone Case,34.44,5,0,172.2,0.0,172.2,Net Banking,1
ORD105624,2023-05-04,CUST01750,New,Central,Apparel,Winter Coat,34.92,3,20,104.76,20.95,83.81,Debit Card,0
ORD103408,2023-05-04,CUST03657,New,West,Electronics,Power Bank,96.96,2,0,193.92,0.0,193.92,UPI,0
ORD104240,2023-05-04,CUST01155,Returning,South,Sports & Outdoors,Dumbbell Set,199.16,2,20,398.32,79.66,318.66,Debit Card,0
ORD101574,2023-05-04,CUST03536,Returning,South,Beauty & Personal Care,Electric Trimmer,38.17,4,20,152.68,30.54,122.14,Cash on Delivery,0
ORD102424,2023-05-04,CUST03071,Returning,North,Apparel,Cotton T-Shirt,13.9,8,0,111.2,0.0,111.2,Cash on Delivery,0
ORD103947,2023-05-05,CUST01006,New,North,Apparel,Cotton T-Shirt,117.18,4,0,468.72,0.0,468.72,UPI,0
ORD103400,2023-05-05,CUST02309,New,North,Beauty & Personal Care,Face Serum,76.94,5,15,384.7,57.7,327.0,Credit Card,0
ORD103405,2023-05-05,CUST01760,Returning,West,Home & Kitchen,Vacuum Cleaner,35.27,6,0,211.62,0.0,211.62,UPI,0
ORD105541,2023-05-05,CUST01583,Returning,North,Electronics,Power Bank,180.62,4,0,722.48,0.0,722.48,Net Banking,0
ORD100405,2023-05-05,CUST04734,Returning,South,Apparel,Running Shoes,65.16,4,0,260.64,0.0,260.64,Debit Card,0
ORD105481,2023-05-05,CUST01078,New,South,Electronics,Wireless Earbuds,186.74,2,5,373.48,18.67,354.81,UPI,0
ORD105788,2023-05-05,CUST03007,VIP,North,Apparel,Cotton T-Shirt,89.82,5,0,449.1,0.0,449.1,UPI,0
ORD104845,2023-05-05,CUST03478,New,West,Sports & Outdoors,Dumbbell Set,98.66,4,0,394.64,0.0,394.64,UPI,0
ORD104243,2023-05-06,CUST03807,New,East,Sports & Outdoors,Cycling Helmet,31.82,2,5,63.64,3.18,60.46,Net Banking,0
ORD103372,2023-05-06,CUST03204,New,West,Sports & Outdoors,Cycling Helmet,44.67,4,0,178.68,0.0,178.68,Debit Card,0
ORD100813,2023-05-06,CUST02530,New,West,Electronics,Wireless Earbuds,67.22,4,0,268.88,0.0,268.88,UPI,0
ORD103531,2023-05-06,CUST02992,Returning,central,Apparel,Yoga Pants,111.99,5,10,559.95,56.0,503.95,Cash on Delivery,0
ORD101993,2023-05-06,CUST04583,Returning,North,Beauty & Personal Care,Electric Trimmer,63.1,4,0,252.4,0.0,252.4,Credit Card,0
ORD100637,2023-05-06,CUST03824,New,North,Apparel,Running Shoes,54.15,4,0,216.6,0.0,216.6,UPI,0
ORD100900,2023-05-06,CUST03545,New,South,Beauty & Personal Care,Perfume,88.39,1,0,88.39,0.0,88.39,Net Banking,0
ORD101843,2023-05-07,CUST04731,New,West,Home & Kitchen,Vacuum Cleaner,119.04,1,5,119.04,5.95,113.09,Credit Card,0
ORD105110,2023-05-07,CUST01679,VIP,North,Electronics,Power Bank,243.23,5,0,1216.15,0.0,1216.15,Cash on Delivery,0
ORD103247,2023-05-07,CUST01187,New,West,Electronics,Smart Watch,177.15,2,0,354.3,0.0,354.3,Debit Card,0
ORD104574,2023-05-07,CUST03655,New,East,Beauty & Personal Care,Perfume,83.48,1,20,83.48,16.7,66.78,UPI,0
ORD100439,2023-05-07,CUST01279,New,West,Apparel,Denim Jacket,113.0,1,0,113.0,0.0,113.0,Credit Card,0
ORD103321,2023-05-07,CUST02090,VIP,West,Home & Kitchen,Air Fryer,171.57,-1,0,1200.99,0.0,1200.99,UPI,1
ORD104382,2023-05-07,CUST02160,New,South,Home & Kitchen,Coffee Maker,163.39,5,0,816.95,0.0,816.95,Debit Card,0
ORD103563,2023-05-07,CUST03225,Returning,West,Home & Kitchen,Coffee Maker,161.76,4,10,647.04,64.7,582.34,Net Banking,0
ORD103135,2023-05-07,CUST02965,VIP,North,Beauty & Personal Care,Face Serum,54.71,6,0,328.26,0.0,328.26,UPI,0
ORD101120,2023-05-07,CUST04197,VIP,West,Electronics,Smart Watch,196.34,6,10,1178.04,117.8,1060.24,Debit Card,1
ORD104193,2023-05-08,CUST02851,New,Central,Electronics,Power Bank,177.96,5,15,889.8,133.47,756.33,Debit Card,0
ORD100364,2023-05-08,CUST02760,Returning,West,Sports & Outdoors,Camping Tent,135.51,8,10,1084.08,108.41,975.67,Credit Card,0
ORD105459,2023-05-08,CUST01265,Returning,Central,Home & Kitchen,Air Fryer,63.42,5,0,317.1,0.0,317.1,Debit Card,0
ORD101309,2023-05-08,CUST02769,New,East,Sports & Outdoors,Cycling Helmet,117.17,2,15,234.34,35.15,199.19,Net Banking,0
ORD104276,2023-05-08,CUST04724,New,Central,Beauty & Personal Care,Perfume,20.02,4,10,80.08,8.01,72.07,Credit Card,0
ORD102648,2023-05-08,CUST01939,VIP,West,Electronics,Bluetooth Speaker,84.07,7,0,588.49,0.0,588.49,Debit Card,0
ORD105018,2023-05-08,CUST02175,Returning,West,Electronics,Smartphone Case,182.23,3,0,546.69,0.0,546.69,UPI,0
ORD103561,2023-05-08,CUST01282,New,East,Apparel,Cotton T-Shirt,17.48,6,20,104.88,20.98,83.9,Debit Card,0
ORD102378,2023-05-08,CUST04903,VIP,North,Electronics,Power Bank,20.19,8,0,161.52,0.0,161.52,UPI,0
ORD105794,2023-05-08,CUST01294,New,South,Home & Kitchen,Coffee Maker,108.84,3,0,326.52,0.0,326.52,UPI,0
ORD101286,2023-05-08,CUST01077,VIP,West,Apparel,Winter Coat,82.27,7,0,575.89,0.0,575.89,Net Banking,0
ORD105304,2023-05-09,CUST03412,New,North,Home & Kitchen,Blender,135.27,4,0,541.08,0.0,541.08,Debit Card,1
ORD105882,2023-05-09,CUST01586,Returning,East,Home & Kitchen,Air Fryer,100.15,6,10,600.9,60.09,540.81,Net Banking,0
ORD100101,2023-05-09,CUST02089,New,North,Electronics,Smart Watch,184.72,4,0,738.88,0.0,738.88,Debit Card,0
ORD103999,2023-05-09,CUST03532,New,East,Electronics,Smart Watch,184.01,2,15,368.02,55.2,312.82,Credit Card,0
ORD102656,2023-05-09,CUST04268,Returning,South,Apparel,Yoga Pants,10.48,5,5,52.4,2.62,49.78,Cash on Delivery,0
ORD102013,2023-05-09,CUST03420,Returning,West,Sports & Outdoors,Water Bottle,183.82,5,20,919.1,183.82,735.28,UPI,0
ORD104475,2023-05-09,CUST04453,New,East,Beauty & Personal Care,Skincare Kit,83.18,4,0,332.72,0.0,332.72,Credit Card,0
ORD102966,2023-05-09,CUST03083,Returning,East,Electronics,Power Bank,244.02,3,0,732.06,0.0,732.06,UPI,0
ORD102978,2023-05-09,CUST04119,Returning,Central,Electronics,Smart Watch,65.34,5,15,326.7,49.0,277.7,Net Banking,0
ORD102492,2023-05-09,CUST04582,New,West,Home & Kitchen,Vacuum Cleaner,51.25,5,5,256.25,12.81,243.44,UPI,0
ORD105702,2023-05-09,CUST04584,Returning,North,Beauty & Personal Care,Hair Dryer,32.52,5,10,162.6,16.26,146.34,Credit Card,0
ORD104492,2023-05-09,CUST02931,Returning,West,Sports & Outdoors,Yoga Mat,116.93,8,0,935.44,0.0,935.44,UPI,0
ORD104766,2023-05-09,CUST03718,New,North,Sports & Outdoors,Water Bottle,121.29,3,0,363.87,0.0,363.87,UPI,0
ORD101091,2023-05-10,CUST01307,VIP,East,Sports & Outdoors,Cycling Helmet,101.26,4,15,405.04,60.76,344.28,Credit Card,1
ORD101706,2023-05-10,CUST01159,VIP,East,Beauty & Personal Care,Perfume,87.36,2,0,174.72,0.0,174.72,UPI,0
ORD105692,2023-05-10,CUST04551,New,West,Apparel,Running Shoes,25.85,7,0,180.95,0.0,180.95,Net Banking,0
ORD102353,2023-05-10,CUST01171,New,East,Apparel,Denim Jacket,113.16,2,10,226.32,22.63,203.69,Credit Card,0
ORD100220,2023-05-10,CUST04130,VIP,West,Electronics,Smart Watch,72.09,3,15,216.27,32.44,183.83,UPI,0
ORD102493,2023-05-10,CUST02886,New,East,Electronics,Smart Watch,171.72,6,0,1030.32,0.0,1030.32,Debit Card,0
ORD101927,2023-05-10,CUST02872,New,North,Sports & Outdoors,Dumbbell Set,153.31,5,0,766.55,0.0,766.55,UPI,0
ORD102390,2023-05-10,CUST04831,Returning,East,Electronics,Smart Watch,121.74,5,0,608.7,0.0,608.7,Debit Card,0
ORD101337,2023-05-10,CUST04386,New,North,Apparel,Winter Coat,36.94,4,20,147.76,29.55,118.21,Debit Card,0
ORD102258,2023-05-10,CUST03396,VIP,West,Electronics,Power Bank,147.35,4,0,589.4,0.0,589.4,Debit Card,0
ORD102850,2023-05-11,CUST04078,New,Central,Beauty & Personal Care,Perfume,67.8,4,0,271.2,0.0,271.2,Debit Card,1
ORD100017,2023-05-11,CUST02375,Returning,West,Electronics,Power Bank,44.98,3,5,134.94,6.75,128.19,Debit Card,0
ORD105889,2023-05-11,CUST02108,VIP,West,Beauty & Personal Care,Perfume,57.06,5,5,285.3,14.26,271.04,UPI,0
ORD103017,2023-05-11,CUST02975,VIP,North,Electronics,Smart Watch,84.84,4,0,339.36,0.0,339.36,UPI,0
ORD102992,2023-05-11,CUST02125,Returning,East,Apparel,Denim Jacket,55.14,1,0,55.14,0.0,55.14,Debit Card,1
ORD100044,2023-05-11,CUST01397,VIP,Central,Electronics,Smart Watch,92.59,-1,0,277.77,0.0,277.77,Debit Card,0
ORD101384,2023-05-11,CUST03376,New,East,Home & Kitchen,Coffee Maker,74.08,4,20,296.32,59.26,237.06,Net Banking,0
ORD101450,2023-05-11,CUST03708,Returning,East,Electronics,Wireless Earbuds,226.07,3,0,678.21,0.0,678.21,Credit Card,0
ORD100280,2023-05-11,CUST01480,Returning,East,Apparel,Running Shoes,107.07,3,10,321.21,32.12,289.09,Credit Card,0
ORD103183,2023-05-12,CUST03028,New,East,Beauty & Personal Care,Skincare Kit,28.1,5,0,140.5,0.0,140.5,UPI,0
ORD102696,2023-05-12,CUST04643,New,Central,Electronics,Wireless Earbuds,84.38,4,0,337.52,0.0,337.52,Net Banking,0
ORD102693,2023-05-12,CUST02923,New,East,Sports & Outdoors,Yoga Mat,183.31,5,10,916.55,91.66,824.89,UPI,0
ORD100626,2023-05-12,CUST01500,Returning,North,Electronics,Bluetooth Speaker,36.96,2,0,73.92,0.0,73.92,Debit Card,0
ORD105074,2023-05-12,CUST02040,Returning,Central,Beauty & Personal Care,Face Serum,42.9,5,0,214.5,0.0,214.5,Net Banking,0
ORD104054,2023-05-12,CUST04706,New,Central,Apparel,Winter Coat,52.58,3,15,157.74,23.66,134.08,UPI,0
ORD101029,2023-05-12,CUST04202,Returning,Central,Beauty & Personal Care,Electric Trimmer,67.42,4,0,269.68,0.0,269.68,Credit Card,0
ORD105299,2023-05-12,CUST01606,New,South,Sports & Outdoors,Dumbbell Set,15.43,4,15,61.72,9.26,52.46,Credit Card,0
ORD100802,2023-05-13,CUST02672,New,East,Sports & Outdoors,Yoga Mat,60.85,3,10,182.55,18.26,164.29,UPI,0
ORD102099,2023-05-13,CUST02096,Returning,Central,Home & Kitchen,Air Fryer,151.21,1,0,151.21,0.0,151.21,Debit Card,0
ORD101119,2023-05-13,CUST02106,Returning,Central,Home & Kitchen,Blender,53.29,5,0,266.45,0.0,266.45,UPI,0
ORD100592,2023-05-13,CUST03551,Returning,South,Home & Kitchen,Cookware Set,169.73,6,0,1018.38,0.0,1018.38,UPI,0
ORD101950,2023-05-13,CUST02067,VIP,Central,Home & Kitchen,Vacuum Cleaner,120.98,6,0,725.88,0.0,725.88,Credit Card,0
ORD101619,2023-05-13,CUST01601,VIP,South,Home & Kitchen,Blender,116.55,5,5,582.75,29.14,553.61,UPI,0
ORD103797,2023-05-14,CUST03203,VIP,North,Apparel,Yoga Pants,77.67,4,5,310.68,15.53,295.15,Credit Card,0
ORD102344,2023-05-14,CUST01925,New,West,Beauty & Personal Care,Face Serum,88.12,1,0,88.12,0.0,88.12,Credit Card,0
ORD101102,2023-05-14,CUST04832,Returning,North,Apparel,Denim Jacket,109.89,5,0,549.45,0.0,549.45,Net Banking,0
ORD100658,2023-05-14,CUST01639,VIP,North,Home & Kitchen,Coffee Maker,175.1,3,10,525.3,52.53,472.77,Debit Card,0
ORD104331,2023-05-14,CUST04977,VIP,Central,Apparel,Winter Coat,71.07,5,15,355.35,53.3,302.05,Credit Card,0
ORD105675,2023-05-15,CUST02392,New,East,Apparel,Running Shoes,74.42,6,0,446.52,0.0,446.52,Debit Card,0
ORD100310,2023-05-15,CUST02975,New,South,Beauty & Personal Care,Face Serum,32.86,3,0,98.58,0.0,98.58,UPI,0
ORD104471,2023-05-15,CUST02646,New,West,Sports & Outdoors,Camping Tent,172.15,2,0,344.3,0.0,344.3,UPI,0
ORD100117,2023-05-15,CUST02126,New,South,Beauty & Personal Care,Electric Trimmer,55.46,4,20,221.84,44.37,177.47,UPI,0
ORD102651,2023-05-16,CUST03795,VIP,West,Apparel,Winter Coat,36.91,3,5,110.73,5.54,105.19,Debit Card,0
ORD104700,2023-05-16,CUST02230,New,East,Sports & Outdoors,Cycling Helmet,61.82,2,5,123.64,6.18,117.46,Debit Card,0
ORD103223,2023-05-16,CUST02021,Returning,Central,Electronics,Smart Watch,246.33,3,0,738.99,0.0,738.99,Credit Card,0
ORD105471,2023-05-16,CUST01884,Returning,East,Apparel,Running Shoes,61.62,4,0,246.48,0.0,246.48,Credit Card,0
ORD104583,2023-05-17,CUST02915,New,West,Electronics,Smart Watch,162.0,2,0,324.0,0.0,324.0,Debit Card,0
ORD103677,2023-05-17,CUST01164,Returning,North,Home & Kitchen,Air Fryer,145.96,3,10,437.88,43.79,394.09,Credit Card,0
ORD101011,2023-05-17,CUST04037,VIP,North,Apparel,Running Shoes,41.94,4,5,167.76,8.39,159.37,Credit Card,0
ORD101143,2023-05-17,CUST02452,Returning,Central,Electronics,Power Bank,249.75,3,5,749.25,37.46,711.79,Credit Card,0
ORD104516,2023-05-17,CUST01403,New,East,Home & Kitchen,Blender,59.05,4,5,236.2,11.81,224.39,Cash on Delivery,0
ORD103971,2023-05-17,CUST04286,Returning,East,Apparel,Denim Jacket,35.98,5,0,179.9,0.0,179.9,Credit Card,0
ORD104363,2023-05-17,CUST03116,New,North,Home & Kitchen,Vacuum Cleaner,27.81,1,0,27.81,0.0,27.81,UPI,0
ORD100944,2023-05-17,CUST02744,New,South,Electronics,Bluetooth Speaker,140.7,4,0,562.8,0.0,562.8,UPI,0
ORD101431,2023-05-17,CUST03466,Returning,East,Home & Kitchen,Blender,59.34,3,20,178.02,35.6,142.42,UPI,0
ORD105261,2023-05-17,CUST01080,New,North,Home & Kitchen,Vacuum Cleaner,136.4,4,0,545.6,0.0,545.6,Debit Card,0
ORD105919,2023-05-17,CUST02811,New,South,Electronics,Power Bank,44.87,5,0,224.35,0.0,224.35,Credit Card,0
ORD102763,2023-05-17,CUST01430,Returning,East,Sports & Outdoors,Dumbbell Set,65.4,4,0,261.6,0.0,261.6,Net Banking,0
ORD102546,2023-05-18,CUST03536,New,West,Apparel,Cotton T-Shirt,84.72,4,0,338.88,0.0,338.88,Credit Card,0
ORD103769,2023-05-18,CUST01244,New,South,Sports & Outdoors,Camping Tent,56.06,4,5,224.24,11.21,213.03,Cash on Delivery,0
ORD105336,2023-05-18,CUST01692,Returning,North,Electronics,Wireless Earbuds,18.51,5,0,92.55,0.0,92.55,Debit Card,0
ORD105691,2023-05-18,CUST02994,Returning,East,Apparel,Yoga Pants,12.48,5,10,62.4,6.24,56.16,Credit Card,0
ORD100803,2023-05-18,CUST03559,New,West,Electronics,Bluetooth Speaker,49.49,6,0,296.94,0.0,296.94,UPI,0
ORD104846,2023-05-18,CUST01252,VIP,East,Apparel,Denim Jacket,23.92,4,0,95.68,0.0,95.68,Net Banking,0
ORD102769,2023-05-18,CUST04088,New,North,Home & Kitchen,Vacuum Cleaner,65.44,5,0,327.2,0.0,327.2,Credit Card,0
ORD100984,2023-05-19,CUST03618,New,East,Home & Kitchen,Air Fryer,44.75,4,0,179.0,0.0,179.0,Credit Card,0
ORD105194,2023-05-19,CUST04819,New,South,Electronics,Power Bank,152.27,3,0,456.81,0.0,456.81,Credit Card,0
ORD105215,2023-05-19,CUST03966,New,North,Sports & Outdoors,Water Bottle,120.1,5,10,600.5,60.05,540.45,Cash on Delivery,0
ORD103936,2023-05-19,CUST01386,VIP,central,Beauty & Personal Care,Perfume,52.42,1,0,52.42,0.0,52.42,Cash on Delivery,0
ORD104645,2023-05-19,CUST04403,Returning,North,Apparel,Winter Coat,20.32,3,5,60.96,3.05,57.91,Credit Card,0
ORD100105,2023-05-19,CUST01564,Returning,Central,Electronics,Power Bank,32.69,2,0,65.38,0.0,65.38,UPI,0
ORD103441,2023-05-19,CUST03013,New,West,Apparel,Running Shoes,44.36,4,15,177.44,26.62,150.82,Debit Card,0
ORD104465,2023-05-19,CUST02247,New,Central,Electronics,Bluetooth Speaker,121.05,3,0,363.15,0.0,363.15,Debit Card,0
ORD103450,2023-05-19,CUST02474,New,North,Home & Kitchen,Cookware Set,154.45,1,0,154.45,0.0,154.45,UPI,0
ORD104247,2023-05-20,CUST02744,New,North,Apparel,Cotton T-Shirt,109.14,6,5,654.84,32.74,622.1,Debit Card,0
ORD104494,2023-05-20,CUST03366,New,East,Home & Kitchen,Coffee Maker,112.39,6,15,674.34,101.15,573.19,UPI,0
ORD103472,2023-05-20,CUST03340,VIP,West,Home & Kitchen,Vacuum Cleaner,130.16,5,5,650.8,32.54,618.26,Cash on Delivery,0
ORD105182,2023-05-20,CUST01488,Returning,East,Electronics,Bluetooth Speaker,206.56,4,5,826.24,41.31,784.93,Credit Card,0
ORD101506,2023-05-20,CUST01272,New,East,Apparel,Cotton T-Shirt,13.03,3,15,39.09,5.86,33.23,UPI,0
ORD105297,2023-05-20,CUST03998,Returning,North,Electronics,Smart Watch,134.68,5,0,673.4,0.0,673.4,UPI,0
ORD100977,2023-05-20,CUST01907,Returning,West,Apparel,Winter Coat,79.63,6,5,477.78,23.89,453.89,UPI,0
ORD104174,2023-05-21,CUST04121,Returning,Central,Home & Kitchen,Coffee Maker,157.5,4,0,630.0,0.0,630.0,UPI,0
ORD102162,2023-05-21,CUST03890,New,South,Sports & Outdoors,Camping Tent,64.04,5,5,320.2,16.01,304.19,Cash on Delivery,0
ORD103682,2023-05-21,CUST01508,Returning,East,Sports & Outdoors,Cycling Helmet,70.31,3,0,210.93,0.0,210.93,Credit Card,0
ORD102119,2023-05-21,CUST01437,Returning,Central,Apparel,Denim Jacket,58.48,4,5,233.92,11.7,222.22,UPI,0
ORD101189,2023-05-21,CUST01606,New,South,Electronics,Smartphone Case,111.43,3,0,334.29,0.0,334.29,Credit Card,0
ORD101110,2023-05-21,CUST02201,New,North,Home & Kitchen,Vacuum Cleaner,67.32,2,0,134.64,0.0,134.64,Cash on Delivery,0
ORD101472,2023-05-21,CUST01458,New,South,Apparel,Cotton T-Shirt,88.87,3,0,266.61,0.0,266.61,Credit Card,0
ORD103558,2023-05-21,CUST02921,VIP,North,Electronics,Wireless Earbuds,102.93,2,0,205.86,0.0,205.86,Credit Card,0
ORD104594,2023-05-21,CUST01535,New,Central,Electronics,Smart Watch,153.22,3,0,459.66,0.0,459.66,Debit Card,0
ORD104267,2023-05-21,CUST01054,New,Central,Home & Kitchen,Coffee Maker,135.2,5,10,676.0,67.6,608.4,UPI,0
ORD105606,2023-05-21,CUST01620,New,North,Beauty & Personal Care,Skincare Kit,80.29,6,5,481.74,24.09,457.65,Credit Card,0
ORD105458,2023-05-21,CUST01112,VIP,North,Beauty & Personal Care,Face Serum,22.51,2,0,45.02,0.0,45.02,Credit Card,0
ORD103955,2023-05-21,CUST02874,New,North,Electronics,Smartphone Case,157.96,5,0,789.8,0.0,789.8,Net Banking,0
ORD102843,2023-05-22,CUST02176,Returning,East,Sports & Outdoors,Cycling Helmet,107.07,2,0,214.14,0.0,214.14,Debit Card,0
ORD101494,2023-05-22,CUST02184,New,North,Sports & Outdoors,Dumbbell Set,139.66,3,0,418.98,0.0,418.98,UPI,0
ORD103214,2023-05-22,CUST03292,Returning,Central,Beauty & Personal Care,Skincare Kit,40.65,3,0,121.95,0.0,121.95,Debit Card,0
ORD103081,2023-05-22,CUST03660,VIP,East,Beauty & Personal Care,Hair Dryer,71.75,2,0,143.5,0.0,143.5,Cash on Delivery,0
ORD105828,2023-05-22,CUST01956,New,West,Apparel,Winter Coat,117.61,3,10,352.83,35.28,317.55,Credit Card,0
ORD103057,2023-05-23,CUST03169,New,West,Apparel,Cotton T-Shirt,49.07,5,0,245.35,0.0,245.35,Credit Card,0
ORD100396,2023-05-23,CUST01299,New,East,Beauty & Personal Care,Skincare Kit,73.24,2,5,146.48,7.32,139.16,UPI,0
ORD101812,2023-05-23,CUST01159,Returning,South,Home & Kitchen,Vacuum Cleaner,103.88,2,0,207.76,0.0,207.76,UPI,0
ORD102327,2023-05-23,CUST01190,New,North,Sports & Outdoors,Dumbbell Set,189.07,6,10,1134.42,113.44,1020.98,Debit Card,0
ORD105162,2023-05-23,CUST01192,Returning,North,Home & Kitchen,Blender,89.82,6,15,538.92,80.84,458.08,Cash on Delivery,1
ORD105318,2023-05-23,CUST04088,Returning,East,Apparel,Cotton T-Shirt,60.62,4,0,242.48,0.0,242.48,UPI,0
ORD101043,2023-05-23,CUST04703,Returning,North,Beauty & Personal Care,Face Serum,30.55,5,0,152.75,0.0,152.75,Cash on Delivery,0
ORD100679,2023-05-23,CUST03226,Returning,East,Electronics,Wireless Earbuds,133.38,3,0,400.14,0.0,400.14,Credit Card,0
ORD103847,2023-05-23,CUST01866,Returning,West,Electronics,Wireless Earbuds,229.66,3,0,688.98,0.0,688.98,Debit Card,0
ORD102079,2023-05-23,CUST04790,New,East,Sports & Outdoors,Camping Tent,163.13,5,5,815.65,40.78,774.87,Debit Card,0
ORD102890,2023-05-24,CUST03937,Returning,North,Home & Kitchen,Air Fryer,164.13,4,5,656.52,32.83,623.69,UPI,1
ORD101201,2023-05-24,CUST04040,Returning,Central,Electronics,Smartphone Case,166.83,2,5,333.66,16.68,316.98,UPI,0
ORD100573,2023-05-24,CUST03930,VIP,West,Electronics,Bluetooth Speaker,67.24,2,0,134.48,0.0,134.48,UPI,0
ORD104937,2023-05-24,CUST04887,New,North,Electronics,Power Bank,33.19,2,0,66.38,0.0,66.38,Debit Card,0
ORD104626,2023-05-24,CUST03133,New,Central,Beauty & Personal Care,Electric Trimmer,70.28,3,0,210.84,0.0,210.84,Credit Card,0
ORD100582,2023-05-24,CUST02143,Returning,North,Home & Kitchen,Vacuum Cleaner,146.06,4,0,584.24,0.0,584.24,UPI,0
ORD102130,2023-05-24,CUST03614,VIP,Central,Electronics,Smart Watch,166.68,6,0,1000.08,0.0,1000.08,UPI,0
ORD105695,2023-05-24,CUST04986,New,South,Beauty & Personal Care,Electric Trimmer,37.98,2,0,75.96,0.0,75.96,UPI,0
ORD100238,2023-05-24,CUST02074,Returning,Central,Beauty & Personal Care,Hair Dryer,56.94,4,15,227.76,34.16,193.6,Debit Card,0
ORD100264,2023-05-24,CUST03819,VIP,North,Electronics,Smart Watch,172.16,4,0,688.64,0.0,688.64,Credit Card,1
ORD100902,2023-05-25,CUST02676,New,South,Beauty & Personal Care,Electric Trimmer,75.87,4,0,303.48,0.0,303.48,UPI,0
ORD101548,2023-05-25,CUST02500,Returning,Central,Sports & Outdoors,Water Bottle,42.32,5,15,211.6,31.74,179.86,Cash on Delivery,0
ORD102028,2023-05-25,CUST02576,New,South,Beauty & Personal Care,Electric Trimmer,82.61,5,20,413.05,82.61,330.44,UPI,0
ORD100751,2023-05-25,CUST03273,VIP,North,Home & Kitchen,Blender,176.09,3,5,528.27,26.41,501.86,Credit Card,0
ORD105024,2023-05-25,CUST03663,Returning,East,Apparel,Winter Coat,24.58,5,0,122.9,0.0,122.9,UPI,0
ORD101045,2023-05-25,CUST03366,Returning,South,Electronics,Bluetooth Speaker,203.1,3,0,609.3,0.0,609.3,Credit Card,0
ORD101928,2023-05-25,CUST02927,Returning,West,Sports & Outdoors,Dumbbell Set,179.86,5,0,899.3,0.0,899.3,Credit Card,0
ORD100706,2023-05-25,CUST04131,VIP,Central,Electronics,Smartphone Case,149.99,7,10,1049.93,104.99,944.94,UPI,0
ORD105451,2023-05-25,CUST04538,Returning,West,Home & Kitchen,Coffee Maker,155.65,5,0,778.25,0.0,778.25,UPI,0
ORD105643,2023-05-26,CUST04127,Returning,Central,Home & Kitchen,Blender,94.92,4,10,379.68,37.97,341.71,Credit Card,0
ORD101498,2023-05-26,CUST02074,Returning,South,Sports & Outdoors,Camping Tent,68.29,3,0,204.87,0.0,204.87,Credit Card,0
ORD105429,2023-05-26,CUST03689,Returning,West,Home & Kitchen,Blender,121.31,6,0,727.86,0.0,727.86,Credit Card,0
ORD101308,2023-05-26,CUST03193,Returning,West,Home & Kitchen,Blender,148.22,3,0,444.66,0.0,444.66,Debit Card,1
ORD105504,2023-05-26,CUST02420,New,West,Electronics,Wireless Earbuds,201.41,3,0,604.23,0.0,604.23,Net Banking,0
ORD100911,2023-05-26,CUST01862,New,East,Electronics,Smart Watch,101.69,8,10,813.52,81.35,732.17,Net Banking,0
ORD100725,2023-05-26,CUST01599,New,West,Sports & Outdoors,Water Bottle,98.73,6,0,592.38,0.0,592.38,Debit Card,0
ORD102188,2023-05-26,CUST02517,Returning,South,Electronics,Power Bank,37.25,4,15,149.0,22.35,126.65,Debit Card,0
ORD102745,2023-05-26,CUST04912,Returning,West,Home & Kitchen,Blender,28.36,5,0,141.8,0.0,141.8,UPI,0
ORD103514,2023-05-27,CUST01216,Returning,West,Apparel,Running Shoes,29.22,5,15,146.1,21.92,124.18,UPI,0
ORD105224,2023-05-27,CUST03550,New,Central,Electronics,Wireless Earbuds,237.33,5,10,1186.65,118.67,1067.98,Debit Card,0
ORD100250,2023-05-27,CUST01697,VIP,East,Electronics,Smartphone Case,140.04,3,0,420.12,0.0,420.12,Credit Card,0
ORD101600,2023-05-27,CUST03161,Returning,East,Electronics,Smart Watch,95.1,7,0,665.7,0.0,665.7,UPI,0
ORD103485,2023-05-27,CUST03751,New,North,Sports & Outdoors,Camping Tent,82.53,4,5,330.12,16.51,313.61,Cash on Delivery,0
ORD104575,2023-05-27,CUST01423,VIP,South,Electronics,Bluetooth Speaker,232.17,3,10,696.51,69.65,626.86,Cash on Delivery,0
ORD104062,2023-05-27,CUST04592,New,South,Beauty & Personal Care,Skincare Kit,7.09,5,0,35.45,0.0,35.45,Credit Card,1
ORD101256,2023-05-27,CUST04111,Returning,North,Electronics,Power Bank,128.77,2,0,257.54,0.0,257.54,UPI,0
ORD105677,2023-05-27,CUST03827,New,West,Sports & Outdoors,Camping Tent,104.45,5,0,522.25,0.0,522.25,Credit Card,0
ORD101853,2023-05-27,CUST04229,VIP,East,Home & Kitchen,Blender,76.8,5,10,384.0,38.4,345.6,UPI,0
ORD102035,2023-05-27,CUST01722,Returning,South,Sports & Outdoors,Dumbbell Set,55.91,5,5,279.55,13.98,265.57,Debit Card,0
ORD101180,2023-05-28,CUST03704,New,East,Beauty & Personal Care,Hair Dryer,68.19,6,0,409.14,0.0,409.14,Credit Card,0
ORD102836,2023-05-28,CUST02560,VIP,East,Sports & Outdoors,Water Bottle,148.14,3,0,444.42,0.0,444.42,UPI,0
ORD102526,2023-05-28,CUST03289,Returning,East,Beauty & Personal Care,Hair Dryer,75.87,5,5,379.35,18.97,360.38,Net Banking,0
ORD104323,2023-05-28,CUST04364,VIP,Central,Home & Kitchen,Cookware Set,176.75,3,5,530.25,26.51,503.74,Cash on Delivery,0
ORD103364,2023-05-28,CUST03180,VIP,North,Sports & Outdoors,Yoga Mat,17.62,6,0,105.72,0.0,105.72,Credit Card,0
ORD105810,2023-05-28,CUST02032,New,West,Electronics,Wireless Earbuds,173.62,2,15,347.24,52.09,295.15,UPI,0
ORD100251,2023-05-28,CUST04830,New,East,Electronics,Power Bank,236.41,3,0,709.23,0.0,709.23,Net Banking,0
ORD105660,2023-05-28,CUST02324,New,Central,Electronics,Bluetooth Speaker,98.32,1,0,98.32,0.0,98.32,UPI,0
ORD101362,2023-05-28,CUST02149,New,North,Electronics,Smart Watch,17.04,1,0,17.04,0.0,17.04,Credit Card,0
ORD102567,2023-05-29,CUST03959,New,North,Electronics,Bluetooth Speaker,33.67,7,0,235.69,0.0,235.69,Debit Card,0
ORD102602,2023-05-29,CUST01320,New,South,Sports & Outdoors,Water Bottle,67.32,5,10,336.6,33.66,302.94,Debit Card,0
ORD102300,2023-05-29,CUST01911,New,North,Apparel,Winter Coat,56.27,2,10,112.54,11.25,101.29,Net Banking,0
ORD105310,2023-05-29,CUST03087,Returning,Central,Beauty & Personal Care,Hair Dryer,24.36,4,0,97.44,0.0,97.44,Debit Card,1
ORD102249,2023-05-29,CUST01253,Returning,East,Apparel,Winter Coat,40.49,2,0,80.98,0.0,80.98,Credit Card,0
ORD105216,2023-05-29,CUST03281,New,North,Home & Kitchen,Cookware Set,132.31,5,0,661.55,0.0,661.55,Credit Card,0
ORD103744,2023-05-29,CUST01984,New,Central,Electronics,Power Bank,157.55,3,0,472.65,0.0,472.65,Credit Card,0
ORD101344,2023-05-29,CUST03703,Returning,Central,Electronics,Smart Watch,47.14,2,5,94.28,4.71,89.57,UPI,0
ORD102407,2023-05-29,CUST02925,Returning,East,Electronics,Power Bank,208.02,6,0,1248.12,0.0,1248.12,Debit Card,0
ORD100664,2023-05-29,CUST03364,New,Central,Beauty & Personal Care,Perfume,84.96,6,0,509.76,0.0,509.76,UPI,0
ORD104927,2023-05-30,CUST01536,New,East,Electronics,Bluetooth Speaker,21.69,5,0,108.45,0.0,108.45,UPI,0
ORD100406,2023-05-30,CUST04483,New,West,Home & Kitchen,Coffee Maker,74.18,3,10,222.54,22.25,200.29,UPI,0
ORD105797,2023-05-30,CUST01491,VIP,North,Electronics,Smart Watch,176.07,3,0,528.21,0.0,528.21,UPI,0
ORD105527,2023-05-30,CUST02867,Returning,East,Beauty & Personal Care,Face Serum,76.08,4,0,304.32,0.0,304.32,Credit Card,0
ORD100581,2023-05-31,CUST03558,Returning,East,Sports & Outdoors,Dumbbell Set,140.22,3,10,420.66,42.07,378.59,UPI,1
ORD104400,2023-05-31,CUST03993,New,North,Sports & Outdoors,Camping Tent,117.05,8,0,936.4,0.0,936.4,Net Banking,0
ORD100259,2023-05-31,CUST01512,Returning,East,Home & Kitchen,Cookware Set,162.06,3,0,486.18,0.0,486.18,Credit Card,0
ORD101254,2023-05-31,CUST01760,VIP,Central,Apparel,Cotton T-Shirt,117.02,2,0,234.04,0.0,234.04,Debit Card,0
ORD102005,2023-05-31,CUST01097,New,South,Electronics,Power Bank,78.03,6,20,468.18,93.64,374.54,Credit Card,0
ORD104225,2023-05-31,CUST02173,New,North,Apparel,Denim Jacket,70.65,2,0,141.3,0.0,141.3,Credit Card,0
ORD105280,2023-06-01,CUST01893,VIP,South,Sports & Outdoors,Yoga Mat,51.44,3,5,154.32,7.72,146.6,Debit Card,0
ORD100282,2023-06-01,CUST04999,Returning,South,Electronics,Power Bank,48.98,4,0,195.92,0.0,195.92,Credit Card,0
ORD101446,2023-06-01,CUST03767,VIP,West,Sports & Outdoors,Cycling Helmet,161.56,4,0,646.24,0.0,646.24,UPI,0
ORD101885,2023-06-01,CUST02488,New,South,Home & Kitchen,Air Fryer,161.93,9,0,1457.37,0.0,1457.37,UPI,0
ORD102175,2023-06-01,CUST04584,New,East,Apparel,Winter Coat,46.82,6,5,280.92,14.05,266.87,Debit Card,0
ORD101752,2023-06-02,CUST01040,VIP,East,Electronics,Smartphone Case,201.13,3,0,603.39,0.0,603.39,Credit Card,0
ORD101316,2023-06-02,CUST02666,VIP,East,Home & Kitchen,Cookware Set,142.99,7,5,1000.93,50.05,950.88,Credit Card,0
ORD104504,2023-06-02,CUST02656,New,West,Apparel,Yoga Pants,97.33,3,0,291.99,0.0,291.99,UPI,0
ORD103267,2023-06-02,CUST04013,Returning,West,Electronics,Power Bank,134.15,2,10,268.3,26.83,241.47,Cash on Delivery,0
ORD101518,2023-06-02,CUST01820,Returning,East,Apparel,Winter Coat,36.3,5,0,181.5,0.0,181.5,Cash on Delivery,0
ORD100298,2023-06-02,CUST02909,Returning,West,Home & Kitchen,Blender,128.76,6,0,772.56,0.0,772.56,Debit Card,1
ORD104148,2023-06-02,CUST03616,Returning,West,Electronics,Bluetooth Speaker,189.15,6,15,1134.9,170.24,964.66,Credit Card,0
ORD104348,2023-06-03,CUST04653,Returning,North,Sports & Outdoors,Water Bottle,21.16,3,0,63.48,0.0,63.48,UPI,0
ORD102908,2023-06-03,CUST03124,New,South,Home & Kitchen,Cookware Set,127.25,2,0,254.5,0.0,254.5,Credit Card,0
ORD104314,2023-06-03,CUST04180,New,South,Electronics,Power Bank,179.29,5,10,896.45,89.65,806.8,Cash on Delivery,0
ORD104023,2023-06-03,CUST02005,New,East,Electronics,Smartphone Case,102.85,1,0,102.85,0.0,102.85,Credit Card,0
ORD100767,2023-06-03,CUST02199,New,South,Apparel,Cotton T-Shirt,47.13,4,15,188.52,28.28,160.24,Debit Card,0
ORD103942,2023-06-03,CUST01613,Returning,East,Sports & Outdoors,Camping Tent,119.35,3,10,358.05,35.8,322.25,UPI,0
ORD102096,2023-06-03,CUST03885,Returning,Central,Electronics,Wireless Earbuds,83.59,5,20,417.95,83.59,334.36,Net Banking,0
ORD102700,2023-06-03,CUST02353,VIP,East,Home & Kitchen,Cookware Set,149.09,1,15,149.09,22.36,126.73,Credit Card,0
ORD101370,2023-06-03,CUST01206,New,West,Electronics,Smartphone Case,70.65,7,0,494.55,0.0,494.55,Cash on Delivery,0
ORD103661,2023-06-03,CUST01532,Returning,North,Home & Kitchen,Air Fryer,47.33,5,0,236.65,0.0,236.65,Debit Card,1
ORD102178,2023-06-03,CUST01868,VIP,South,Apparel,Denim Jacket,116.89,9,0,1052.01,0.0,1052.01,Credit Card,0
ORD104049,2023-06-03,CUST02866,Returning,West,Apparel,Winter Coat,62.33,3,5,186.99,9.35,177.64,UPI,0
ORD103093,2023-06-03,CUST03458,VIP,North,Home & Kitchen,Blender,37.48,5,0,187.4,0.0,187.4,Debit Card,0
ORD100459,2023-06-03,CUST02054,New,East,Apparel,Cotton T-Shirt,64.59,8,5,516.72,25.84,490.88,Credit Card,0
ORD103987,2023-06-04,CUST01228,Returning,South,Sports & Outdoors,Dumbbell Set,159.55,2,20,319.1,63.82,255.28,Debit Card,0
ORD104880,2023-06-04,CUST01664,VIP,Central,Beauty & Personal Care,Skincare Kit,64.79,3,0,194.37,0.0,194.37,Debit Card,0
ORD100374,2023-06-04,CUST03833,VIP,East,Sports & Outdoors,Water Bottle,118.11,4,5,472.44,23.62,448.82,Credit Card,0
ORD102435,2023-06-04,CUST04795,Returning,North,Electronics,Power Bank,69.3,3,0,207.9,0.0,207.9,UPI,0
ORD104941,2023-06-04,CUST02087,New,West,Electronics,Smartphone Case,167.69,2,20,335.38,67.08,268.3,Cash on Delivery,0
ORD103393,2023-06-04,CUST02298,New,South,Apparel,Yoga Pants,100.59,4,15,402.36,60.35,342.01,Net Banking,0
ORD103784,2023-06-05,CUST04152,New,Central,Home & Kitchen,Air Fryer,126.31,4,10,505.24,50.52,454.72,UPI,0
ORD104768,2023-06-05,CUST02977,New,North,Beauty & Personal Care,Face Serum,25.77,4,15,103.08,15.46,87.62,UPI,0
ORD104919,2023-06-05,CUST02829,Returning,North,Electronics,Smartphone Case,93.36,7,0,653.52,0.0,653.52,Cash on Delivery,0
ORD103342,2023-06-05,CUST03816,New,West,Apparel,Cotton T-Shirt,80.83,3,15,242.49,36.37,206.12,Net Banking,1
ORD102409,2023-06-05,CUST03104,New,East,Electronics,Bluetooth Speaker,106.04,9,0,954.36,0.0,954.36,UPI,0
ORD102127,2023-06-05,CUST04839,New,West,Apparel,Yoga Pants,63.11,2,0,126.22,0.0,126.22,Net Banking,0
ORD105141,2023-06-05,CUST02618,Returning,East,Electronics,Smartphone Case,49.55,6,10,297.3,29.73,267.57,Cash on Delivery,0
ORD103977,2023-06-05,CUST04633,New,West,Sports & Outdoors,Camping Tent,179.12,3,0,537.36,0.0,537.36,UPI,0
ORD103045,2023-06-05,CUST03928,New,East,Electronics,Smartphone Case,30.28,3,0,90.84,0.0,90.84,UPI,0
ORD103021,2023-06-05,CUST03165,New,Central,Beauty & Personal Care,Electric Trimmer,12.79,4,0,51.16,0.0,51.16,Net Banking,0
ORD105786,2023-06-05,CUST04865,Returning,South,Home & Kitchen,Coffee Maker,107.65,1,20,107.65,21.53,86.12,UPI,0
ORD101174,2023-06-05,CUST02876,New,South,Apparel,Cotton T-Shirt,116.38,6,5,698.28,34.91,663.37,Net Banking,0
ORD101966,2023-06-05,CUST02526,VIP,Central,Electronics,Bluetooth Speaker,119.62,5,0,598.1,0.0,598.1,Debit Card,0
ORD103670,2023-06-06,CUST02455,Returning,West,Apparel,Winter Coat,81.11,3,0,243.33,0.0,243.33,Credit Card,1
ORD101084,2023-06-06,CUST04960,New,North,Beauty & Personal Care,Perfume,74.19,4,10,296.76,29.68,267.08,Net Banking,0
ORD101066,2023-06-06,CUST03586,New,South,Electronics,Power Bank,49.14,4,5,196.56,9.83,186.73,UPI,0
ORD101704,2023-06-06,CUST04994,Returning,North,Beauty & Personal Care,Skincare Kit,27.67,6,0,166.02,0.0,166.02,UPI,0
ORD101087,2023-06-06,CUST01813,Returning,North,Apparel,Yoga Pants,46.4,3,0,139.2,0.0,139.2,UPI,0
ORD103829,2023-06-06,CUST01934,New,West,Electronics,Smart Watch,172.9,3,0,518.7,0.0,518.7,Cash on Delivery,0
ORD100096,2023-06-06,CUST03379,New,Central,Electronics,Smartphone Case,123.18,2,20,246.36,49.27,197.09,Net Banking,0
ORD101282,2023-06-07,CUST01439,Returning,East,Home & Kitchen,Blender,38.65,4,0,154.6,0.0,154.6,Cash on Delivery,0
ORD102340,2023-06-07,CUST04400,Returning,South,Electronics,Power Bank,98.6,7,0,690.2,0.0,690.2,Debit Card,0
ORD100343,2023-06-07,CUST02406,New,West,Beauty & Personal Care,Skincare Kit,63.57,4,5,254.28,12.71,241.57,Credit Card,0
ORD101079,2023-06-08,CUST02156,New,Central,Sports & Outdoors,Yoga Mat,123.55,3,0,370.65,0.0,370.65,Credit Card,0
ORD105473,2023-06-08,CUST01349,Returning,North,Electronics,Smart Watch,63.51,4,5,254.04,12.7,241.34,Debit Card,0
ORD102147,2023-06-08,CUST03762,Returning,West,Home & Kitchen,Vacuum Cleaner,88.01,3,0,264.03,0.0,264.03,UPI,0
ORD101445,2023-06-08,CUST04137,New,South,Apparel,Cotton T-Shirt,60.4,6,0,362.4,0.0,362.4,Credit Card,0
ORD101878,2023-06-08,CUST04173,VIP,Central,Apparel,Yoga Pants,110.08,4,0,440.32,0.0,440.32,Cash on Delivery,0
ORD103881,2023-06-08,CUST03511,New,West,Home & Kitchen,Blender,74.9,7,10,524.3,52.43,471.87,Debit Card,0
ORD102053,2023-06-08,CUST01398,Returning,East,Sports & Outdoors,Camping Tent,54.02,1,0,54.02,0.0,54.02,UPI,0
ORD102724,2023-06-08,CUST01458,Returning,Central,Apparel,Denim Jacket,58.25,6,20,349.5,69.9,279.6,Credit Card,1
ORD105680,2023-06-08,CUST02712,Returning,West,Sports & Outdoors,Camping Tent,34.17,7,0,239.19,0.0,239.19,Credit Card,0
ORD102248,2023-06-09,CUST03225,New,Central,Electronics,Smartphone Case,229.14,4,0,916.56,0.0,916.56,Credit Card,0
ORD102206,2023-06-09,CUST02372,Returning,South,Home & Kitchen,Blender,51.8,7,15,362.6,54.39,308.21,Cash on Delivery,0
ORD102573,2023-06-09,CUST01348,New,North,Apparel,Denim Jacket,17.37,3,0,52.11,0.0,52.11,Credit Card,0
ORD100274,2023-06-09,CUST03114,Returning,Central,Sports & Outdoors,Water Bottle,140.6,7,5,984.2,49.21,934.99,Credit Card,0
ORD105757,2023-06-09,CUST02310,Returning,West,Beauty & Personal Care,Hair Dryer,42.3,5,10,211.5,21.15,190.35,Net Banking,0
ORD100154,2023-06-09,CUST01904,Returning,North,Home & Kitchen,Coffee Maker,95.41,5,0,477.05,0.0,477.05,UPI,0
ORD103636,2023-06-09,CUST04990,New,West,Electronics,Power Bank,53.87,7,5,377.09,18.85,358.24,UPI,0
ORD100494,2023-06-09,CUST02991,New,North,Beauty & Personal Care,Hair Dryer,40.48,4,15,161.92,24.29,137.63,UPI,0
ORD101551,2023-06-09,CUST02782,New,South,Apparel,Running Shoes,36.47,4,15,145.88,21.88,124.0,Cash on Delivery,0
ORD103816,2023-06-09,CUST04240,Returning,West,Electronics,Smartphone Case,142.05,9,0,1278.45,0.0,1278.45,Cash on Delivery,0
ORD104779,2023-06-10,CUST02025,Returning,Central,Beauty & Personal Care,Electric Trimmer,12.72,1,20,12.72,2.54,10.18,UPI,0
ORD100361,2023-06-10,CUST02578,New,East,Electronics,Power Bank,132.43,3,15,397.29,59.59,337.7,Credit Card,1
ORD101983,2023-06-10,CUST03364,VIP,West,Apparel,Running Shoes,82.12,2,0,164.24,0.0,164.24,Net Banking,0
ORD102047,2023-06-10,CUST02903,Returning,East,Home & Kitchen,Blender,46.67,4,0,186.68,0.0,186.68,Debit Card,0
ORD102858,2023-06-10,CUST02148,New,West,Sports & Outdoors,Yoga Mat,121.76,8,10,974.08,97.41,876.67,UPI,0
ORD102304,2023-06-10,CUST02968,New,West,Home & Kitchen,Air Fryer,172.09,4,0,688.36,0.0,688.36,Cash on Delivery,0
ORD101168,2023-06-10,CUST02113,Returning,Central,Home & Kitchen,Air Fryer,53.94,7,0,377.58,0.0,377.58,Credit Card,0
ORD104413,2023-06-10,CUST03537,Returning,South,Apparel,Running Shoes,28.71,3,0,86.13,0.0,86.13,Net Banking,0
ORD100304,2023-06-10,CUST03241,New,North,Beauty & Personal Care,Electric Trimmer,71.64,5,0,358.2,0.0,358.2,UPI,0
ORD101461,2023-06-10,CUST01151,Returning,Central,Sports & Outdoors,Yoga Mat,56.25,3,0,168.75,0.0,168.75,Cash on Delivery,0
ORD103917,2023-06-10,CUST01978,New,East,Apparel,Running Shoes,114.81,6,5,688.86,34.44,654.42,Credit Card,0
ORD102751,2023-06-10,CUST04527,VIP,North,Electronics,Smartphone Case,120.26,3,0,360.78,0.0,360.78,Credit Card,0
ORD100026,2023-06-10,CUST01571,VIP,North,Sports & Outdoors,Water Bottle,48.22,4,0,192.88,0.0,192.88,Credit Card,0
ORD103591,2023-06-11,CUST04862,Returning,Central,Electronics,Smartphone Case,238.08,2,15,476.16,71.42,404.74,Credit Card,0
ORD101726,2023-06-11,CUST03914,New,North,Sports & Outdoors,Camping Tent,123.04,4,20,492.16,98.43,393.73,Credit Card,0
ORD101219,2023-06-11,CUST03216,VIP,North,Home & Kitchen,Cookware Set,129.35,1,0,129.35,0.0,129.35,Cash on Delivery,0
ORD103737,2023-06-11,CUST02254,New,South,Sports & Outdoors,Water Bottle,99.04,5,0,495.2,0.0,495.2,UPI,0
ORD105294,2023-06-11,CUST02592,New,Central,Home & Kitchen,Cookware Set,105.09,2,0,210.18,0.0,210.18,Credit Card,0
ORD105756,2023-06-11,CUST02443,Returning,North,Home & Kitchen,Coffee Maker,117.31,3,0,351.93,0.0,351.93,Debit Card,0
ORD102984,2023-06-11,CUST03421,New,North,Home & Kitchen,Coffee Maker,39.84,3,10,119.52,11.95,107.57,UPI,0
ORD102721,2023-06-11,CUST03609,Returning,East,Electronics,Power Bank,233.4,4,0,933.6,0.0,933.6,Cash on Delivery,0
ORD100077,2023-06-11,CUST02443,Returning,West,Sports & Outdoors,Camping Tent,82.35,5,20,411.75,82.35,329.4,Credit Card,0
ORD104137,2023-06-11,CUST02192,Returning,East,Home & Kitchen,Blender,141.82,4,5,567.28,28.36,538.92,Credit Card,0
ORD103192,2023-06-11,CUST01836,Returning,South,Electronics,Bluetooth Speaker,142.36,5,0,711.8,0.0,711.8,Debit Card,0
ORD105682,2023-06-12,CUST01467,Returning,South,Beauty & Personal Care,Hair Dryer,19.27,6,5,115.62,5.78,109.84,Credit Card,0
ORD101931,2023-06-12,CUST04306,VIP,West,Electronics,Smartphone Case,133.93,6,5,803.58,40.18,763.4,Cash on Delivery,0
ORD102810,2023-06-12,CUST03424,New,South,Home & Kitchen,Air Fryer,72.36,5,10,361.8,36.18,325.62,Credit Card,0
ORD100301,2023-06-12,CUST03497,New,Central,Sports & Outdoors,Dumbbell Set,20.15,2,15,40.3,6.04,34.26,Cash on Delivery,0
ORD101727,2023-06-12,CUST04322,Returning,Central,Sports & Outdoors,Camping Tent,85.82,3,10,257.46,25.75,231.71,UPI,0
ORD105287,2023-06-12,CUST01772,New,West,Home & Kitchen,Coffee Maker,147.46,4,0,589.84,0.0,589.84,Debit Card,0
ORD103542,2023-06-12,CUST04424,Returning,South,Home & Kitchen,Cookware Set,89.31,2,0,178.62,0.0,178.62,Credit Card,0
ORD103508,2023-06-12,CUST01664,New,Central,Home & Kitchen,Cookware Set,169.52,3,0,508.56,0.0,508.56,Net Banking,1
ORD100593,2023-06-12,CUST01023,New,North,Apparel,Running Shoes,96.14,3,5,288.42,14.42,274.0,Credit Card,0
ORD105404,2023-06-12,CUST04362,New,South,Electronics,Smart Watch,76.6,5,20,383.0,76.6,306.4,Credit Card,0
ORD105809,2023-06-13,CUST02244,Returning,South,Electronics,Wireless Earbuds,186.59,4,0,746.36,0.0,746.36,Debit Card,0
ORD105641,2023-06-13,CUST04989,VIP,Central,Electronics,Smart Watch,199.85,2,0,399.7,0.0,399.7,UPI,0
ORD105983,2023-06-13,CUST03872,Returning,Central,Electronics,Smart Watch,112.23,4,0,448.92,0.0,448.92,Debit Card,0
ORD104364,2023-06-13,CUST03048,New,Central,Beauty & Personal Care,Perfume,65.68,3,15,197.04,29.56,167.48,Debit Card,0
ORD102463,2023-06-13,CUST03057,Returning,South,Beauty & Personal Care,Hair Dryer,45.95,3,0,137.85,0.0,137.85,Credit Card,1
ORD102945,2023-06-13,CUST04057,Returning,East,Home & Kitchen,Cookware Set,83.11,7,0,581.77,0.0,581.77,Credit Card,0
ORD104425,2023-06-13,CUST02741,New,North,Electronics,Bluetooth Speaker,77.81,4,0,311.24,0.0,311.24,UPI,0
ORD102360,2023-06-13,CUST01248,Returning,West,Home & Kitchen,Coffee Maker,43.12,3,0,129.36,0.0,129.36,Debit Card,0
ORD103464,2023-06-13,CUST01688,Returning,south,Sports & Outdoors,Dumbbell Set,129.25,2,10,258.5,25.85,232.65,UPI,0
ORD105457,2023-06-13,CUST03336,Returning,East,Home & Kitchen,Vacuum Cleaner,123.67,2,0,247.34,0.0,247.34,UPI,0
ORD104077,2023-06-13,CUST04244,New,East,Electronics,Wireless Earbuds,122.75,6,0,736.5,0.0,736.5,Debit Card,0
ORD105635,2023-06-14,CUST02202,New,North,Apparel,Winter Coat,25.45,3,0,76.35,0.0,76.35,UPI,0
ORD101023,2023-06-14,CUST02368,New,North,Sports & Outdoors,Water Bottle,155.64,5,0,778.2,0.0,778.2,Credit Card,0
ORD103458,2023-06-14,CUST01047,New,North,Electronics,Smartphone Case,75.05,4,0,300.2,0.0,300.2,UPI,1
ORD103424,2023-06-14,CUST01404,VIP,North,Apparel,Denim Jacket,68.59,4,0,274.36,0.0,274.36,Net Banking,0
ORD101961,2023-06-14,CUST03278,Returning,West,Electronics,Power Bank,186.93,6,0,1121.58,0.0,1121.58,UPI,0
ORD101248,2023-06-14,CUST02101,New,South,Electronics,Smartphone Case,216.74,2,0,433.48,0.0,433.48,Credit Card,0
ORD102845,2023-06-14,CUST04990,Returning,South,Apparel,Winter Coat,71.91,3,5,215.73,10.79,204.94,Credit Card,0
ORD100613,2023-06-14,CUST04247,New,Central,Electronics,Bluetooth Speaker,143.21,7,15,1002.47,150.37,852.1,Credit Card,0
ORD105400,2023-06-15,CUST04149,New,East,Home & Kitchen,Vacuum Cleaner,145.81,4,15,583.24,87.49,495.75,UPI,0
ORD104374,2023-06-15,CUST03321,VIP,South,Electronics,Smart Watch,33.25,4,0,133.0,0.0,133.0,UPI,0
ORD101808,2023-06-15,CUST04520,New,West,Sports & Outdoors,Camping Tent,49.99,6,5,299.94,15.0,284.94,UPI,0
ORD104831,2023-06-15,CUST01204,VIP,North,Electronics,Smart Watch,22.33,2,10,44.66,4.47,40.19,UPI,0
ORD104312,2023-06-15,CUST04484,New,East,Beauty & Personal Care,Face Serum,72.0,4,5,288.0,14.4,273.6,UPI,0
ORD105002,2023-06-15,CUST02961,Returning,East,Apparel,Denim Jacket,89.36,3,0,268.08,0.0,268.08,Cash on Delivery,0
ORD104917,2023-06-15,CUST02857,New,South,Home & Kitchen,Blender,134.12,4,0,536.48,0.0,536.48,Debit Card,0
ORD101776,2023-06-15,CUST03255,Returning,South,Apparel,Denim Jacket,79.58,4,0,318.32,0.0,318.32,Debit Card,0
ORD103732,2023-06-15,CUST02237,VIP,South,Electronics,Bluetooth Speaker,126.95,7,0,888.65,0.0,888.65,UPI,0
ORD100795,2023-06-15,CUST04572,Returning,West,Sports & Outdoors,Yoga Mat,134.67,2,0,269.34,0.0,269.34,Credit Card,0
ORD102186,2023-06-16,CUST02689,New,South,Apparel,Yoga Pants,41.38,3,10,124.14,12.41,111.73,Debit Card,0
ORD102221,2023-06-16,CUST02653,Returning,East,Home & Kitchen,Coffee Maker,175.46,5,0,877.3,0.0,877.3,UPI,0
ORD104165,2023-06-16,CUST02214,Returning,North,Sports & Outdoors,Dumbbell Set,180.72,3,15,542.16,81.32,460.84,Credit Card,0
ORD100632,2023-06-16,CUST04178,VIP,East,Electronics,Smartphone Case,219.41,7,5,1535.87,76.79,1459.08,Debit Card,0
ORD102232,2023-06-16,CUST02412,Returning,North,Home & Kitchen,Cookware Set,59.46,3,0,178.38,0.0,178.38,Credit Card,0
ORD100048,2023-06-16,CUST01847,New,North,Home & Kitchen,Coffee Maker,137.55,4,0,550.2,0.0,550.2,Cash on Delivery,0
ORD103251,2023-06-17,CUST04131,New,North,Beauty & Personal Care,Hair Dryer,89.73,4,0,358.92,0.0,358.92,Net Banking,0
ORD100994,2023-06-17,CUST01222,New,North,Apparel,Winter Coat,114.72,6,0,688.32,0.0,688.32,UPI,0
ORD101326,2023-06-17,CUST04128,Returning,North,Beauty & Personal Care,Electric Trimmer,39.5,4,0,158.0,0.0,158.0,UPI,0
ORD100606,2023-06-17,CUST02698,VIP,Central,Apparel,Winter Coat,28.49,2,20,56.98,11.4,45.58,Credit Card,0
ORD101602,2023-06-17,CUST03714,VIP,West,Beauty & Personal Care,Skincare Kit,10.22,2,0,20.44,0.0,20.44,Credit Card,0
ORD104205,2023-06-17,CUST04582,New,North,Electronics,Smart Watch,231.38,4,5,925.52,46.28,879.24,Credit Card,0
ORD100507,2023-06-17,CUST04152,New,South,Electronics,Bluetooth Speaker,202.65,5,5,1013.25,50.66,962.59,Debit Card,0
ORD104111,2023-06-18,CUST02916,New,South,Apparel,Winter Coat,106.26,6,0,637.56,0.0,637.56,Credit Card,0
ORD102561,2023-06-18,CUST04646,Returning,North,Electronics,Smart Watch,201.17,5,0,1005.85,0.0,1005.85,Credit Card,0
ORD101566,2023-06-19,CUST03351,Returning,South,Sports & Outdoors,Yoga Mat,55.11,4,0,220.44,0.0,220.44,Net Banking,0
ORD104873,2023-06-19,CUST03974,New,South,Electronics,Smartphone Case,224.5,6,15,1347.0,202.05,1144.95,UPI,0
ORD104394,2023-06-19,CUST04260,VIP,West,Apparel,Running Shoes,41.63,3,5,124.89,6.24,118.65,Net Banking,0
ORD101612,2023-06-19,CUST03083,New,West,Electronics,Smartphone Case,103.83,5,20,519.15,103.83,415.32,Credit Card,0
ORD103407,2023-06-19,CUST01098,Returning,South,Home & Kitchen,Cookware Set,46.13,6,0,276.78,0.0,276.78,Cash on Delivery,0
ORD103981,2023-06-19,CUST02326,VIP,West,Sports & Outdoors,Yoga Mat,119.32,5,0,596.6,0.0,596.6,Credit Card,0
ORD100607,2023-06-19,CUST04768,New,South,Home & Kitchen,Coffee Maker,171.92,5,5,859.6,42.98,816.62,UPI,0
ORD101468,2023-06-19,CUST04671,Returning,West,Beauty & Personal Care,Face Serum,15.58,7,20,109.06,21.81,87.25,Debit Card,0
ORD105904,2023-06-20,CUST03946,New,East,Beauty & Personal Care,Face Serum,77.28,3,0,231.84,0.0,231.84,UPI,0
ORD105472,2023-06-20,CUST04194,New,West,Apparel,Denim Jacket,61.53,5,0,307.65,0.0,307.65,Debit Card,0
ORD103778,2023-06-20,CUST01238,Returning,West,Electronics,Smart Watch,167.6,3,0,502.8,0.0,502.8,UPI,0
ORD104617,2023-06-20,CUST01902,VIP,Central,Electronics,Bluetooth Speaker,243.28,3,0,729.84,0.0,729.84,Cash on Delivery,0
ORD101451,2023-06-20,CUST04918,Returning,North,Beauty & Personal Care,Skincare Kit,30.5,4,0,122.0,0.0,122.0,Cash on Delivery,0
ORD105723,2023-06-20,CUST03783,New,Central,Beauty & Personal Care,Electric Trimmer,79.36,5,0,396.8,0.0,396.8,Cash on Delivery,0
ORD100150,2023-06-20,CUST04386,New,West,Electronics,Power Bank,82.23,8,10,657.84,65.78,592.06,Debit Card,0
ORD103979,2023-06-20,CUST02211,Returning,North,Electronics,Power Bank,130.92,4,20,523.68,104.74,418.94,UPI,0
ORD105490,2023-06-20,CUST02055,Returning,North,Electronics,Power Bank,61.37,3,10,184.11,18.41,165.7,UPI,0
ORD105155,2023-06-20,CUST03824,New,West,Electronics,Power Bank,241.92,2,5,483.84,24.19,459.65,Credit Card,0
ORD100341,2023-06-21,CUST02973,Returning,East,Beauty & Personal Care,Skincare Kit,40.62,4,15,162.48,24.37,138.11,Cash on Delivery,0
ORD102157,2023-06-21,CUST01530,New,North,Apparel,Yoga Pants,28.44,5,0,142.2,0.0,142.2,UPI,0
ORD101388,2023-06-21,CUST02823,Returning,East,Home & Kitchen,Cookware Set,139.89,4,0,559.56,0.0,559.56,Credit Card,0
ORD103343,2023-06-21,CUST04064,New,North,Electronics,Smart Watch,28.51,3,0,85.53,0.0,85.53,Net Banking,0
ORD100992,2023-06-21,CUST02778,Returning,Central,Home & Kitchen,Blender,150.63,3,10,451.89,45.19,406.7,UPI,0
ORD102260,2023-06-21,CUST03425,New,North,Home & Kitchen,Blender,87.64,6,5,525.84,26.29,499.55,Debit Card,0
ORD102589,2023-06-21,CUST01440,New,South,Electronics,Smartphone Case,229.3,3,0,687.9,0.0,687.9,Cash on Delivery,0
ORD102461,2023-06-22,CUST04415,VIP,West,Sports & Outdoors,Dumbbell Set,160.05,4,0,640.2,0.0,640.2,UPI,0
ORD100663,2023-06-22,CUST02152,New,West,Electronics,Wireless Earbuds,138.92,5,0,694.6,0.0,694.6,UPI,0
ORD103736,2023-06-22,CUST01799,Returning,North,Electronics,Bluetooth Speaker,68.57,1,0,68.57,0.0,68.57,Debit Card,0
ORD102376,2023-06-22,CUST03828,Returning,Central,Beauty & Personal Care,Face Serum,78.09,6,0,468.54,0.0,468.54,UPI,0
ORD105492,2023-06-22,CUST01073,New,North,Home & Kitchen,Vacuum Cleaner,140.63,1,20,140.63,28.13,112.5,Credit Card,1
ORD102506,2023-06-22,CUST04410,Returning,East,Apparel,Cotton T-Shirt,29.61,4,5,118.44,5.92,112.52,Credit Card,0
ORD103991,2023-06-22,CUST02116,New,North,Electronics,Smartphone Case,90.95,5,15,454.75,68.21,386.54,Cash on Delivery,0
ORD103103,2023-06-22,CUST03421,New,Central,Home & Kitchen,Air Fryer,33.85,4,20,135.4,27.08,108.32,Cash on Delivery,0
ORD100967,2023-06-22,CUST01877,Returning,East,Sports & Outdoors,Dumbbell Set,120.23,3,0,360.69,0.0,360.69,Credit Card,0
ORD100639,2023-06-22,CUST03244,New,West,Electronics,Smartphone Case,118.52,5,5,592.6,29.63,562.97,Credit Card,0
ORD103268,2023-06-23,CUST04252,Returning,East,Electronics,Smart Watch,137.21,3,5,411.63,20.58,391.05,UPI,0
ORD103170,2023-06-23,CUST04169,VIP,North,Apparel,Denim Jacket,56.38,2,0,112.76,0.0,112.76,UPI,0
ORD100604,2023-06-23,CUST03087,New,North,Beauty & Personal Care,Electric Trimmer,68.59,4,0,274.36,0.0,274.36,Net Banking,0
ORD104185,2023-06-24,CUST02483,New,South,Electronics,Smartphone Case,224.31,1,20,224.31,44.86,179.45,Debit Card,0
ORD105542,2023-06-24,CUST04558,New,East,Electronics,Wireless Earbuds,201.25,6,5,1207.5,60.38,1147.12,UPI,0
ORD104590,2023-06-24,CUST02371,New,Central,Electronics,Bluetooth Speaker,240.71,2,0,481.42,0.0,481.42,Credit Card,0
ORD103696,2023-06-24,CUST02845,Returning,South,Electronics,Smartphone Case,144.56,7,0,1011.92,0.0,1011.92,Debit Card,0
ORD102020,2023-06-24,CUST01971,VIP,North,Electronics,Power Bank,22.58,1,10,22.58,2.26,20.32,Net Banking,0
ORD103794,2023-06-24,CUST04247,New,South,Sports & Outdoors,Water Bottle,36.51,3,0,109.53,0.0,109.53,UPI,0
ORD104584,2023-06-24,CUST04622,Returning,West,Beauty & Personal Care,Perfume,34.65,5,15,173.25,25.99,147.26,Credit Card,0
ORD105617,2023-06-24,CUST04497,New,Central,Apparel,Running Shoes,13.26,5,0,66.3,0.0,66.3,Cash on Delivery,0
ORD101207,2023-06-24,CUST04498,New,East,Apparel,Winter Coat,56.84,2,20,113.68,22.74,90.94,Cash on Delivery,0
ORD104373,2023-06-25,CUST01933,Returning,Central,Apparel,Winter Coat,75.99,1,0,75.99,0.0,75.99,Debit Card,0
ORD101578,2023-06-25,CUST01779,Returning,North,Electronics,Smart Watch,205.53,4,0,822.12,0.0,822.12,Debit Card,0
ORD103034,2023-06-25,CUST01556,New,North,Electronics,Wireless Earbuds,90.71,5,5,453.55,22.68,430.87,Debit Card,0
ORD100380,2023-06-25,CUST02189,Returning,East,Electronics,Wireless Earbuds,149.15,2,5,298.3,14.92,283.38,Debit Card,0
ORD104511,2023-06-26,CUST03325,New,East,Electronics,Smart Watch,170.41,2,5,340.82,17.04,323.78,UPI,0
ORD101169,2023-06-26,CUST03293,Returning,Central,Apparel,Denim Jacket,51.96,5,5,259.8,12.99,246.81,Debit Card,0
ORD105104,2023-06-26,CUST03703,New,West,Electronics,Wireless Earbuds,27.31,5,0,136.55,0.0,136.55,Debit Card,0
ORD100728,2023-06-26,CUST04225,Returning,North,Home & Kitchen,Air Fryer,87.07,3,0,261.21,0.0,261.21,UPI,0
ORD102876,2023-06-26,CUST01812,Returning,East,Home & Kitchen,Air Fryer,93.16,4,10,372.64,37.26,335.38,UPI,0
ORD103684,2023-06-26,CUST01140,New,North,Home & Kitchen,Coffee Maker,120.0,2,5,240.0,12.0,228.0,UPI,0
ORD100560,2023-06-26,CUST01257,New,Central,Sports & Outdoors,Water Bottle,171.45,4,0,685.8,0.0,685.8,Debit Card,0
ORD105235,2023-06-26,CUST01454,New,West,Home & Kitchen,Coffee Maker,169.58,2,15,339.16,50.87,288.29,UPI,0
ORD102934,2023-06-27,CUST03016,VIP,West,Sports & Outdoors,Water Bottle,114.53,5,0,572.65,0.0,572.65,Debit Card,0
ORD102859,2023-06-27,CUST03639,Returning,West,Electronics,Smart Watch,68.83,9,15,619.47,92.92,526.55,Debit Card,0
ORD103638,2023-06-27,CUST04077,Returning,East,Electronics,Power Bank,134.27,4,0,537.08,0.0,537.08,Debit Card,0
ORD101224,2023-06-27,CUST04192,New,West,Apparel,Cotton T-Shirt,49.95,4,5,199.8,9.99,189.81,Cash on Delivery,0
ORD104752,2023-06-27,CUST03643,Returning,North,Sports & Outdoors,Yoga Mat,170.97,3,0,512.91,0.0,512.91,Debit Card,0
ORD102002,2023-06-27,CUST03567,New,North,Electronics,Bluetooth Speaker,47.55,4,15,190.2,28.53,161.67,Credit Card,0
ORD100701,2023-06-27,CUST03298,Returning,Central,Sports & Outdoors,Dumbbell Set,54.04,7,0,378.28,0.0,378.28,UPI,0
ORD104948,2023-06-28,CUST04419,Returning,Central,Home & Kitchen,Air Fryer,54.61,7,20,382.27,76.45,305.82,Credit Card,0
ORD101161,2023-06-28,CUST02211,New,Central,Home & Kitchen,Blender,150.92,5,0,754.6,0.0,754.6,Net Banking,0
ORD104236,2023-06-28,CUST03561,VIP,South,Apparel,Yoga Pants,50.62,3,15,151.86,22.78,129.08,Net Banking,0
ORD101055,2023-06-28,CUST04295,Returning,West,Beauty & Personal Care,Electric Trimmer,24.8,2,0,49.6,0.0,49.6,Net Banking,0
ORD103182,2023-06-28,CUST03794,Returning,South,Electronics,Power Bank,120.74,2,15,241.48,36.22,205.26,UPI,0
ORD105164,2023-06-29,CUST01254,Returning,West,Home & Kitchen,Vacuum Cleaner,71.6,5,0,358.0,0.0,358.0,Debit Card,0
ORD101165,2023-06-29,CUST04505,New,South,Electronics,Bluetooth Speaker,248.74,4,0,994.96,0.0,994.96,Debit Card,0
ORD100483,2023-06-29,CUST04874,Returning,East,Electronics,Smart Watch,118.32,4,15,473.28,70.99,402.29,Debit Card,0
ORD102317,2023-06-29,CUST01897,New,East,Home & Kitchen,Vacuum Cleaner,120.67,3,0,362.01,0.0,362.01,Credit Card,0
ORD105338,2023-06-29,CUST03174,Returning,South,Sports & Outdoors,Camping Tent,168.06,5,10,840.3,84.03,756.27,Credit Card,0
ORD105623,2023-06-29,CUST01873,Returning,East,Electronics,Smartphone Case,237.72,4,5,950.88,47.54,903.34,Credit Card,1
ORD105714,2023-06-30,CUST03170,New,East,Electronics,Smartphone Case,19.65,5,0,98.25,0.0,98.25,Credit Card,0
ORD104084,2023-06-30,CUST02344,New,Central,Apparel,Running Shoes,32.56,6,20,195.36,39.07,156.29,Cash on Delivery,0
ORD104090,2023-06-30,CUST03220,New,East,Home & Kitchen,Vacuum Cleaner,174.31,8,5,1394.48,69.72,1324.76,Credit Card,0
ORD104942,2023-06-30,CUST03330,VIP,South,Electronics,Smartphone Case,128.9,4,15,515.6,77.34,438.26,Debit Card,0
ORD105688,2023-06-30,CUST04359,Returning,East,Electronics,Power Bank,22.88,2,10,45.76,4.58,41.18,Debit Card,0
ORD105030,2023-06-30,CUST03002,New,South,Apparel,Winter Coat,88.48,7,10,619.36,61.94,557.42,Credit Card,0
ORD100354,2023-06-30,CUST01613,New,South,Electronics,Bluetooth Speaker,204.09,4,0,816.36,0.0,816.36,Credit Card,0
ORD101136,2023-07-01,CUST03118,Returning,North,Beauty & Personal Care,Face Serum,19.14,2,0,38.28,0.0,38.28,Credit Card,0
ORD103775,2023-07-01,CUST01340,New,Central,Apparel,Cotton T-Shirt,116.7,5,0,583.5,0.0,583.5,Debit Card,0
ORD102815,2023-07-01,CUST01784,VIP,West,Home & Kitchen,Vacuum Cleaner,106.8,2,0,213.6,0.0,213.6,UPI,0
ORD105730,2023-07-01,CUST04901,Returning,South,Beauty & Personal Care,Face Serum,44.87,1,0,44.87,0.0,44.87,Debit Card,0
ORD100631,2023-07-01,CUST02986,New,South,Sports & Outdoors,Water Bottle,197.38,2,0,394.76,0.0,394.76,Cash on Delivery,0
ORD102795,2023-07-01,CUST02433,VIP,West,Sports & Outdoors,Yoga Mat,180.02,3,10,540.06,54.01,486.05,Debit Card,0
ORD104892,2023-07-01,CUST03045,Returning,North,Electronics,Smart Watch,41.05,3,0,123.15,0.0,123.15,UPI,0
ORD101162,2023-07-01,CUST01087,VIP,North,Apparel,Yoga Pants,65.7,4,0,262.8,0.0,262.8,Net Banking,0
ORD101249,2023-07-01,CUST04722,New,South,Beauty & Personal Care,Perfume,26.39,6,0,158.34,0.0,158.34,UPI,0
ORD104806,2023-07-01,CUST02168,Returning,South,Beauty & Personal Care,Face Serum,87.15,5,10,435.75,43.58,392.17,Credit Card,0
ORD100817,2023-07-02,CUST03390,New,Central,Beauty & Personal Care,Hair Dryer,45.8,6,0,274.8,0.0,274.8,Net Banking,0
ORD102470,2023-07-02,CUST02898,VIP,East,Electronics,Bluetooth Speaker,157.03,3,0,471.09,0.0,471.09,Credit Card,0
ORD102741,2023-07-02,CUST03701,Returning,West,Sports & Outdoors,Water Bottle,56.58,3,0,169.74,0.0,169.74,UPI,0
ORD103239,2023-07-02,CUST04391,VIP,East,Electronics,Smart Watch,40.37,4,20,161.48,32.3,129.18,Credit Card,0
ORD102442,2023-07-02,CUST03828,New,West,Electronics,Wireless Earbuds,45.86,4,0,183.44,0.0,183.44,Debit Card,0
ORD104187,2023-07-02,CUST01419,New,North,Electronics,Smartphone Case,193.81,4,0,775.24,0.0,775.24,Credit Card,0
ORD102582,2023-07-02,CUST04228,VIP,East,Home & Kitchen,Coffee Maker,60.09,8,20,480.72,96.14,384.58,Credit Card,0
ORD101452,2023-07-02,CUST03045,New,Central,Beauty & Personal Care,Face Serum,13.87,3,10,41.61,4.16,37.45,Debit Card,0
ORD102743,2023-07-02,CUST02928,New,East,Electronics,Smart Watch,129.1,4,15,516.4,77.46,438.94,Credit Card,0
ORD105302,2023-07-02,CUST01418,New,East,Apparel,Cotton T-Shirt,73.83,5,0,369.15,0.0,369.15,Credit Card,0
ORD103625,2023-07-02,CUST04272,New,South,Electronics,Smart Watch,21.17,4,0,84.68,0.0,84.68,Cash on Delivery,0
ORD100230,2023-07-03,CUST03431,New,North,Home & Kitchen,Coffee Maker,89.19,2,0,178.38,0.0,178.38,Debit Card,0
ORD100804,2023-07-03,CUST04913,New,South,Home & Kitchen,Coffee Maker,104.04,5,10,520.2,52.02,468.18,Debit Card,0
ORD103479,2023-07-03,CUST03944,Returning,East,Home & Kitchen,Air Fryer,60.0,6,0,360.0,0.0,360.0,Debit Card,0
ORD105263,2023-07-03,CUST03046,Returning,North,Beauty & Personal Care,Face Serum,11.6,3,0,34.8,0.0,34.8,Cash on Delivery,0
ORD105031,2023-07-03,CUST01285,Returning,South,Apparel,Winter Coat,11.16,5,0,55.8,0.0,55.8,Net Banking,0
ORD105225,2023-07-03,CUST02802,Returning,Central,Electronics,Bluetooth Speaker,30.93,4,0,123.72,0.0,123.72,Debit Card,1
ORD103600,2023-07-03,CUST02534,VIP,Central,Electronics,Smart Watch,19.07,3,0,57.21,0.0,57.21,Debit Card,0
ORD101999,2023-07-03,CUST02599,Returning,South,Apparel,Winter Coat,75.34,7,0,527.38,0.0,527.38,Net Banking,1
ORD104920,2023-07-03,CUST04118,Returning,South,Electronics,Wireless Earbuds,179.2,6,0,1075.2,0.0,1075.2,Credit Card,0
ORD104120,2023-07-04,CUST01983,New,Central,Home & Kitchen,Blender,41.17,5,0,205.85,0.0,205.85,Debit Card,0
ORD104467,2023-07-04,CUST04243,Returning,South,Apparel,Winter Coat,25.77,5,5,128.85,6.44,122.41,Credit Card,0
ORD104659,2023-07-04,CUST03872,Returning,West,Apparel,Winter Coat,92.98,5,0,464.9,0.0,464.9,Credit Card,0
ORD105096,2023-07-04,CUST03369,New,South,Home & Kitchen,Air Fryer,175.13,5,0,875.65,0.0,875.65,Credit Card,0
ORD105750,2023-07-04,CUST02433,Returning,East,Home & Kitchen,Air Fryer,159.56,4,0,638.24,0.0,638.24,Net Banking,0
ORD101996,2023-07-04,CUST04156,New,South,Electronics,Power Bank,146.34,4,5,585.36,29.27,556.09,Credit Card,0
ORD101899,2023-07-05,CUST03768,VIP,South,Apparel,Cotton T-Shirt,68.58,1,5,68.58,3.43,65.15,Credit Card,0
ORD105249,2023-07-05,CUST04585,New,South,Electronics,Smartphone Case,155.62,3,0,466.86,0.0,466.86,Debit Card,1
ORD100588,2023-07-05,CUST03555,VIP,North,Electronics,Smartphone Case,65.64,5,5,328.2,16.41,311.79,Credit Card,0
ORD102653,2023-07-05,CUST01724,Returning,Central,Home & Kitchen,Blender,116.8,6,0,700.8,0.0,700.8,Cash on Delivery,0
ORD105078,2023-07-06,CUST04627,Returning,Central,Apparel,Yoga Pants,13.62,4,0,54.48,0.0,54.48,UPI,0
ORD105462,2023-07-06,CUST04604,Returning,North,Home & Kitchen,Blender,179.25,6,5,1075.5,53.78,1021.72,Credit Card,0
ORD100242,2023-07-06,CUST04863,New,East,Electronics,Smart Watch,147.95,6,0,887.7,0.0,887.7,UPI,0
ORD105690,2023-07-06,CUST04169,Returning,East,Apparel,Yoga Pants,21.2,5,20,106.0,21.2,84.8,Debit Card,0
ORD104447,2023-07-06,CUST03514,New,West,Apparel,Running Shoes,107.59,5,15,537.95,80.69,457.26,Debit Card,0
ORD103965,2023-07-06,CUST03353,Returning,East,Apparel,Winter Coat,93.6,5,0,468.0,0.0,468.0,Credit Card,0
ORD101350,2023-07-06,CUST03472,New,Central,Electronics,Bluetooth Speaker,140.45,5,15,702.25,105.34,596.91,Debit Card,0
ORD105585,2023-07-06,CUST03292,Returning,West,Electronics,Power Bank,171.32,4,5,685.28,34.26,651.02,Cash on Delivery,0
ORD101507,2023-07-06,CUST03820,Returning,West,Beauty & Personal Care,Face Serum,80.4,3,10,241.2,24.12,217.08,Debit Card,0
ORD105063,2023-07-06,CUST03266,VIP,North,Home & Kitchen,Vacuum Cleaner,59.07,5,0,295.35,0.0,295.35,Credit Card,0
ORD105070,2023-07-07,CUST01844,Returning,Central,Apparel,Winter Coat,110.69,3,0,332.07,0.0,332.07,UPI,0
ORD103338,2023-07-07,CUST03324,Returning,North,Electronics,Bluetooth Speaker,233.87,5,15,1169.35,175.4,993.95,Debit Card,0
ORD103595,2023-07-07,CUST04672,Returning,Central,Electronics,Power Bank,65.06,4,0,260.24,0.0,260.24,Debit Card,0
ORD104452,2023-07-07,CUST01601,New,East,Home & Kitchen,Vacuum Cleaner,107.91,6,5,647.46,32.37,615.09,UPI,0
ORD105890,2023-07-07,CUST02173,New,South,Electronics,Smartphone Case,76.28,5,0,381.4,0.0,381.4,Net Banking,0
ORD105906,2023-07-07,CUST03585,New,North,Electronics,Smartphone Case,193.3,1,0,193.3,0.0,193.3,Net Banking,0
ORD103579,2023-07-07,CUST02663,New,South,Electronics,Smartphone Case,130.86,3,0,392.58,0.0,392.58,Net Banking,0
ORD101448,2023-07-07,CUST03973,Returning,East,Sports & Outdoors,Cycling Helmet,188.98,4,0,755.92,0.0,755.92,Cash on Delivery,0
ORD103781,2023-07-07,CUST02447,New,South,Electronics,Smart Watch,125.02,3,5,375.06,18.75,356.31,UPI,0
ORD100092,2023-07-07,CUST02978,Returning,East,Electronics,Power Bank,181.13,6,0,1086.78,0.0,1086.78,Credit Card,0
ORD103560,2023-07-07,CUST02419,Returning,North,Electronics,Bluetooth Speaker,71.62,3,20,214.86,42.97,171.89,Debit Card,0
ORD102705,2023-07-07,CUST04114,Returning,West,Beauty & Personal Care,Electric Trimmer,16.47,2,20,32.94,6.59,26.35,Debit Card,0
ORD102725,2023-07-07,CUST03597,Returning,South,Beauty & Personal Care,Face Serum,80.28,6,0,481.68,0.0,481.68,Credit Card,0
ORD102798,2023-07-07,CUST04272,Returning,West,Apparel,Yoga Pants,84.65,4,0,338.6,0.0,338.6,Debit Card,0
ORD104076,2023-07-08,CUST01100,New,East,Home & Kitchen,Blender,43.65,4,5,174.6,8.73,165.87,Net Banking,0
ORD100453,2023-07-08,CUST01214,Returning,West,Home & Kitchen,Blender,105.37,3,10,316.11,31.61,284.5,Cash on Delivery,1
ORD105684,2023-07-08,CUST03043,New,West,Sports & Outdoors,Dumbbell Set,185.23,6,0,1111.38,0.0,1111.38,Cash on Delivery,0
ORD104879,2023-07-08,CUST04653,Returning,North,Sports & Outdoors,Cycling Helmet,135.72,6,5,814.32,40.72,773.6,Credit Card,0
ORD105187,2023-07-09,CUST02314,Returning,East,Home & Kitchen,Air Fryer,146.49,5,0,732.45,0.0,732.45,Credit Card,0
ORD103222,2023-07-09,CUST01725,New,Central,Beauty & Personal Care,Face Serum,28.09,4,15,112.36,16.85,95.51,Cash on Delivery,1
ORD100545,2023-07-09,CUST04530,VIP,North,Beauty & Personal Care,Skincare Kit,7.19,1,5,7.19,0.36,6.83,Credit Card,0
ORD105464,2023-07-09,CUST01844,New,West,Beauty & Personal Care,Hair Dryer,68.16,3,20,204.48,40.9,163.58,UPI,0
ORD100651,2023-07-09,CUST03840,Returning,North,Electronics,Smart Watch,196.38,4,0,785.52,0.0,785.52,Cash on Delivery,0
ORD103023,2023-07-09,CUST02790,Returning,North,Apparel,Running Shoes,84.0,11,0,924.0,0.0,924.0,Credit Card,0
ORD105851,2023-07-09,CUST02209,New,Central,Home & Kitchen,Air Fryer,47.77,5,0,238.85,0.0,238.85,Debit Card,0
ORD102410,2023-07-09,CUST03434,Returning,Central,Electronics,Smartphone Case,117.08,3,5,351.24,17.56,333.68,Cash on Delivery,0
ORD105012,2023-07-09,CUST01712,Returning,Central,Sports & Outdoors,Cycling Helmet,160.87,4,0,643.48,0.0,643.48,Credit Card,0
ORD100038,2023-07-09,CUST04768,New,East,Electronics,Power Bank,249.0,4,0,996.0,0.0,996.0,UPI,0
ORD100404,2023-07-09,CUST03537,Returning,East,Apparel,Yoga Pants,79.45,4,10,317.8,31.78,286.02,Credit Card,0
ORD102565,2023-07-09,CUST01519,New,East,Electronics,Smartphone Case,81.92,3,5,245.76,12.29,233.47,Net Banking,0
ORD100173,2023-07-09,CUST03094,Returning,West,Electronics,Smart Watch,27.62,2,5,55.24,2.76,52.48,Cash on Delivery,0
ORD104867,2023-07-10,CUST02331,Returning,Central,Electronics,Power Bank,19.87,3,10,59.61,5.96,53.65,Cash on Delivery,0
ORD100359,2023-07-10,CUST02910,New,West,Home & Kitchen,Air Fryer,86.04,3,0,258.12,0.0,258.12,Credit Card,0
ORD103058,2023-07-10,CUST02945,New,West,Beauty & Personal Care,Electric Trimmer,56.39,3,15,169.17,25.38,143.79,UPI,0
ORD105080,2023-07-10,CUST01089,New,West,Apparel,Yoga Pants,18.96,3,0,56.88,0.0,56.88,Credit Card,0
ORD101614,2023-07-10,CUST03863,New,Central,Sports & Outdoors,Dumbbell Set,62.2,3,20,186.6,37.32,149.28,Cash on Delivery,0
ORD103053,2023-07-10,CUST04705,Returning,North,Sports & Outdoors,Cycling Helmet,187.15,1,10,187.15,18.72,168.43,UPI,0
ORD105382,2023-07-10,CUST01880,Returning,Central,Electronics,Smartphone Case,218.03,3,0,654.09,0.0,654.09,UPI,0
ORD104151,2023-07-10,CUST02778,VIP,South,Beauty & Personal Care,Perfume,15.46,8,0,123.68,0.0,123.68,UPI,0
ORD100653,2023-07-10,CUST04527,Returning,South,Sports & Outdoors,Yoga Mat,157.15,2,0,314.3,0.0,314.3,Credit Card,0
ORD105333,2023-07-11,CUST03317,Returning,South,Apparel,Running Shoes,38.06,5,0,190.3,0.0,190.3,Debit Card,0
ORD105014,2023-07-11,CUST01734,New,East,Apparel,Denim Jacket,102.89,5,5,514.45,25.72,488.73,Credit Card,0
ORD105209,2023-07-11,CUST04026,Returning,North,Apparel,Yoga Pants,67.32,1,0,67.32,0.0,67.32,UPI,0
ORD105343,2023-07-11,CUST01944,New,East,Electronics,Smart Watch,104.0,4,10,416.0,41.6,374.4,Credit Card,0
ORD100538,2023-07-11,CUST02298,VIP,East,Apparel,Denim Jacket,59.42,2,10,118.84,11.88,106.96,Credit Card,0
ORD100024,2023-07-11,CUST03294,New,West,Electronics,Smart Watch,172.19,3,0,516.57,0.0,516.57,UPI,0
ORD101668,2023-07-11,CUST02903,Returning,East,Sports & Outdoors,Yoga Mat,112.46,5,0,562.3,0.0,562.3,Net Banking,0
ORD100337,2023-07-11,CUST01733,New,South,Apparel,Denim Jacket,73.31,3,5,219.93,11.0,208.93,Credit Card,0
ORD104188,2023-07-11,CUST03817,Returning,East,Home & Kitchen,Cookware Set,54.82,3,0,164.46,0.0,164.46,Credit Card,0
ORD100890,2023-07-11,CUST03172,New,East,Home & Kitchen,Vacuum Cleaner,48.14,3,5,144.42,7.22,137.2,Credit Card,0
ORD104985,2023-07-11,CUST01573,New,South,Sports & Outdoors,Yoga Mat,32.38,9,0,291.42,0.0,291.42,Debit Card,0
ORD102487,2023-07-11,CUST04502,New,South,Home & Kitchen,Blender,55.47,2,0,110.94,0.0,110.94,Debit Card,0
ORD104207,2023-07-12,CUST03379,Returning,South,Beauty & Personal Care,Face Serum,53.66,6,0,321.96,0.0,321.96,Credit Card,0
ORD102021,2023-07-12,CUST02008,New,North,Beauty & Personal Care,Electric Trimmer,43.82,3,0,131.46,0.0,131.46,Net Banking,0
ORD104896,2023-07-12,CUST04716,VIP,South,Home & Kitchen,Coffee Maker,172.24,3,0,516.72,0.0,516.72,Debit Card,0
ORD104031,2023-07-12,CUST01775,Returning,East,Electronics,Power Bank,81.75,1,0,81.75,0.0,81.75,Credit Card,0
ORD105878,2023-07-12,CUST01854,Returning,South,Beauty & Personal Care,Electric Trimmer,83.39,2,20,166.78,33.36,133.42,Cash on Delivery,0
ORD104614,2023-07-12,CUST02721,New,East,Sports & Outdoors,Water Bottle,175.13,4,0,700.52,0.0,700.52,Net Banking,0
ORD103362,2023-07-12,CUST04528,New,North,Electronics,Bluetooth Speaker,27.12,6,0,162.72,0.0,162.72,UPI,0
ORD105526,2023-07-12,CUST03982,New,East,Home & Kitchen,Blender,92.19,4,10,368.76,36.88,331.88,Credit Card,0
ORD103191,2023-07-13,CUST04791,Returning,South,Electronics,Bluetooth Speaker,80.28,5,0,401.4,0.0,401.4,UPI,0
ORD105781,2023-07-13,CUST03325,New,South,Electronics,Smartphone Case,30.41,3,0,91.23,0.0,91.23,UPI,0
ORD103567,2023-07-13,CUST02130,New,Central,Sports & Outdoors,Dumbbell Set,14.9,2,0,29.8,0.0,29.8,Cash on Delivery,0
ORD100962,2023-07-13,CUST01898,Returning,North,Beauty & Personal Care,Skincare Kit,57.05,7,0,399.35,0.0,399.35,UPI,0
ORD104157,2023-07-13,CUST03036,Returning,North,Electronics,Wireless Earbuds,107.47,6,0,644.82,0.0,644.82,Net Banking,0
ORD105469,2023-07-13,CUST01186,Returning,East,Apparel,Denim Jacket,62.97,4,0,251.88,0.0,251.88,Debit Card,0
ORD103534,2023-07-13,CUST02726,Returning,West,Home & Kitchen,Air Fryer,74.9,7,10,524.3,52.43,471.87,Debit Card,0
ORD105693,2023-07-13,CUST03666,New,North,Electronics,Power Bank,93.88,4,0,375.52,0.0,375.52,UPI,0
ORD100610,2023-07-13,CUST04046,Returning,West,Sports & Outdoors,Camping Tent,198.93,1,0,198.93,0.0,198.93,Credit Card,0
ORD101807,2023-07-13,CUST01812,New,South,Electronics,Smart Watch,70.29,5,15,351.45,52.72,298.73,Debit Card,0
ORD104654,2023-07-13,CUST04787,Returning,East,Electronics,Smartphone Case,154.55,1,0,154.55,0.0,154.55,Credit Card,0
ORD101208,2023-07-13,CUST03317,New,East,Apparel,Cotton T-Shirt,92.05,2,0,184.1,0.0,184.1,UPI,0
ORD105282,2023-07-14,CUST02213,Returning,North,Apparel,Cotton T-Shirt,75.4,5,5,377.0,18.85,358.15,Debit Card,0
ORD105726,2023-07-14,CUST04289,New,West,Home & Kitchen,Air Fryer,101.71,2,0,203.42,0.0,203.42,Net Banking,0
ORD104762,2023-07-14,CUST01358,Returning,South,Sports & Outdoors,Water Bottle,11.33,1,0,11.33,0.0,11.33,UPI,0
ORD105813,2023-07-14,CUST02964,New,Central,Beauty & Personal Care,Face Serum,63.58,5,0,317.9,0.0,317.9,Debit Card,0
ORD105728,2023-07-14,CUST02634,New,North,Home & Kitchen,Vacuum Cleaner,110.7,2,10,221.4,22.14,199.26,UPI,0
ORD105627,2023-07-14,CUST01304,Returning,South,Sports & Outdoors,Camping Tent,32.09,7,0,224.63,0.0,224.63,Credit Card,0
ORD100825,2023-07-14,CUST01994,New,North,Electronics,Bluetooth Speaker,92.28,7,0,645.96,0.0,645.96,Cash on Delivery,1
ORD103827,2023-07-14,CUST02399,Returning,Central,Home & Kitchen,Coffee Maker,21.17,8,5,169.36,8.47,160.89,Credit Card,0
ORD104588,2023-07-14,CUST03494,New,West,Electronics,Bluetooth Speaker,238.61,4,20,954.44,190.89,763.55,Debit Card,0
ORD100824,2023-07-14,CUST02877,VIP,Central,Electronics,Bluetooth Speaker,50.33,3,0,150.99,0.0,150.99,Credit Card,0
ORD101564,2023-07-14,CUST02056,New,South,Beauty & Personal Care,Hair Dryer,74.5,3,15,223.5,33.52,189.98,UPI,0
ORD103341,2023-07-14,CUST04056,New,South,Beauty & Personal Care,Hair Dryer,28.69,3,10,86.07,8.61,77.46,UPI,0
ORD100311,2023-07-14,CUST01697,Returning,South,Electronics,Bluetooth Speaker,71.61,3,0,214.83,0.0,214.83,Credit Card,0
ORD104493,2023-07-15,CUST02612,New,South,Home & Kitchen,Coffee Maker,150.65,5,0,753.25,0.0,753.25,UPI,0
ORD102321,2023-07-15,CUST02896,New,East,Electronics,Wireless Earbuds,120.43,7,0,843.01,0.0,843.01,Credit Card,0
ORD102828,2023-07-15,CUST04348,Returning,East,Home & Kitchen,Cookware Set,121.2,5,10,606.0,60.6,545.4,Credit Card,0
ORD101663,2023-07-15,CUST02177,New,North,Electronics,Wireless Earbuds,154.79,4,5,619.16,30.96,588.2,Credit Card,0
ORD101073,2023-07-15,CUST02738,Returning,North,Apparel,Winter Coat,115.74,4,0,462.96,0.0,462.96,Debit Card,0
ORD102994,2023-07-15,CUST02846,Returning,Central,Home & Kitchen,Vacuum Cleaner,164.59,3,0,493.77,0.0,493.77,Credit Card,0
ORD103359,2023-07-15,CUST01048,VIP,Central,Sports & Outdoors,Yoga Mat,196.65,2,10,393.3,39.33,353.97,UPI,0
ORD100525,2023-07-15,CUST01829,Returning,North,Sports & Outdoors,Cycling Helmet,33.54,1,0,33.54,0.0,33.54,Credit Card,0
ORD100422,2023-07-15,CUST02828,New,West,Home & Kitchen,Air Fryer,89.18,5,0,445.9,0.0,445.9,Net Banking,0
ORD105486,2023-07-16,CUST01325,Returning,North,Apparel,Cotton T-Shirt,20.52,4,15,82.08,12.31,69.77,UPI,0
ORD104261,2023-07-16,CUST01967,VIP,North,Apparel,Winter Coat,45.12,3,10,135.36,13.54,121.82,Credit Card,0
ORD105352,2023-07-16,CUST04309,New,East,Electronics,Bluetooth Speaker,96.7,3,10,290.1,29.01,261.09,UPI,0
ORD102880,2023-07-17,CUST01819,New,West,Electronics,Wireless Earbuds,60.91,8,10,487.28,48.73,438.55,Cash on Delivery,0
ORD101980,2023-07-17,CUST03519,Returning,North,Home & Kitchen,Cookware Set,78.73,5,10,393.65,39.36,354.29,UPI,0
ORD101051,2023-07-17,CUST01569,Returning,East,Electronics,Smartphone Case,104.65,3,0,313.95,0.0,313.95,Debit Card,0
ORD102753,2023-07-17,CUST04381,Returning,North,Beauty & Personal Care,Electric Trimmer,47.29,2,0,94.58,0.0,94.58,UPI,0
ORD103685,2023-07-17,CUST02414,VIP,Central,Apparel,Winter Coat,51.45,6,5,308.7,15.44,293.26,Debit Card,0
ORD104161,2023-07-17,CUST04465,New,North,Electronics,Power Bank,152.03,5,5,760.15,38.01,722.14,UPI,1
ORD100236,2023-07-17,CUST04167,Returning,West,Apparel,Yoga Pants,72.88,1,5,72.88,3.64,69.24,Debit Card,0
ORD103855,2023-07-18,CUST02295,Returning,West,Home & Kitchen,Coffee Maker,70.75,6,5,424.5,21.22,403.28,UPI,0
ORD102839,2023-07-18,CUST02846,Returning,West,Home & Kitchen,Air Fryer,167.87,5,0,839.35,0.0,839.35,Debit Card,0
ORD101744,2023-07-18,CUST04401,Returning,Central,Apparel,Denim Jacket,28.32,2,10,56.64,5.66,50.98,Credit Card,0
ORD104046,2023-07-18,CUST02039,VIP,South,Sports & Outdoors,Cycling Helmet,131.87,4,0,527.48,0.0,527.48,UPI,0
ORD104639,2023-07-18,CUST04352,Returning,South,Home & Kitchen,Air Fryer,66.74,2,0,133.48,0.0,133.48,Credit Card,0
ORD102514,2023-07-19,CUST02874,Returning,West,Apparel,Denim Jacket,79.1,4,15,316.4,47.46,268.94,UPI,0
ORD105914,2023-07-19,CUST04685,New,Central,Apparel,Yoga Pants,83.65,3,0,250.95,0.0,250.95,Debit Card,0
ORD102504,2023-07-19,CUST04664,Returning,Central,Electronics,Smartphone Case,158.88,3,10,476.64,47.66,428.98,Credit Card,1
ORD101411,2023-07-19,CUST01260,New,East,Beauty & Personal Care,Skincare Kit,58.18,3,0,174.54,0.0,174.54,Cash on Delivery,0
ORD103413,2023-07-20,CUST03201,Returning,North,Home & Kitchen,Vacuum Cleaner,88.07,4,15,352.28,52.84,299.44,Credit Card,0
ORD103048,2023-07-20,CUST03412,New,South,Sports & Outdoors,Yoga Mat,187.16,3,5,561.48,28.07,533.41,Credit Card,0
ORD101296,2023-07-20,CUST02708,New,North,Electronics,Bluetooth Speaker,142.96,6,0,857.76,0.0,857.76,Cash on Delivery,0
ORD100240,2023-07-20,CUST01808,Returning,South,Sports & Outdoors,Dumbbell Set,115.5,3,10,346.5,34.65,311.85,UPI,0
ORD105474,2023-07-20,CUST02178,VIP,West,Electronics,Smart Watch,42.31,2,0,84.62,0.0,84.62,Credit Card,0
ORD105163,2023-07-20,CUST03685,VIP,Central,Sports & Outdoors,Cycling Helmet,66.32,3,10,198.96,19.9,179.06,Debit Card,0
ORD105051,2023-07-20,CUST01238,New,West,Apparel,Yoga Pants,42.86,6,0,257.16,0.0,257.16,Debit Card,0
ORD105765,2023-07-20,CUST04354,Returning,North,Home & Kitchen,Cookware Set,42.07,3,5,126.21,6.31,119.9,UPI,0
ORD100707,2023-07-20,CUST02047,Returning,North,Home & Kitchen,Blender,54.15,5,0,270.75,0.0,270.75,Net Banking,0
ORD104701,2023-07-20,CUST02988,Returning,Central,Electronics,Bluetooth Speaker,88.67,3,0,266.01,0.0,266.01,UPI,0
ORD100118,2023-07-20,CUST01675,New,East,Sports & Outdoors,Dumbbell Set,59.01,5,20,295.05,59.01,236.04,Cash on Delivery,0
ORD101369,2023-07-20,CUST02119,VIP,South,Apparel,Yoga Pants,88.13,2,15,176.26,26.44,149.82,Credit Card,0
ORD103562,2023-07-20,CUST01220,New,North,Sports & Outdoors,Yoga Mat,148.12,1,0,148.12,0.0,148.12,Credit Card,1
ORD103154,2023-07-20,CUST02684,VIP,West,Sports & Outdoors,Dumbbell Set,9.97,6,0,59.82,0.0,59.82,Cash on Delivery,0
ORD105856,2023-07-20,CUST03425,VIP,West,Home & Kitchen,Coffee Maker,98.59,1,5,98.59,4.93,93.66,Credit Card,0
ORD101144,2023-07-21,CUST04062,New,Central,Electronics,Bluetooth Speaker,88.74,5,20,443.7,88.74,354.96,Credit Card,0
ORD104134,2023-07-21,CUST01431,New,South,Beauty & Personal Care,Face Serum,14.56,2,0,29.12,0.0,29.12,UPI,0
ORD100078,2023-07-21,CUST03635,New,Central,Apparel,Running Shoes,34.06,5,5,170.3,8.52,161.78,Cash on Delivery,0
ORD102703,2023-07-21,CUST01601,Returning,Central,Electronics,Smart Watch,145.57,6,15,873.42,131.01,742.41,Net Banking,0
ORD105508,2023-07-21,CUST01631,Returning,North,Home & Kitchen,Coffee Maker,33.26,3,0,99.78,0.0,99.78,UPI,0
ORD102187,2023-07-21,CUST03258,New,North,Home & Kitchen,Air Fryer,53.4,5,0,267.0,0.0,267.0,UPI,0
ORD103366,2023-07-21,CUST04941,VIP,West,Electronics,Power Bank,160.49,4,0,641.96,0.0,641.96,Net Banking,1
ORD104288,2023-07-21,CUST04147,Returning,Central,Electronics,Power Bank,25.64,2,10,51.28,5.13,46.15,Cash on Delivery,0
ORD103291,2023-07-21,CUST03722,New,West,Apparel,Denim Jacket,18.38,4,0,73.52,0.0,73.52,Cash on Delivery,0
ORD100229,2023-07-22,CUST04922,Returning,Central,Beauty & Personal Care,Face Serum,15.18,8,0,121.44,0.0,121.44,Debit Card,0
ORD103124,2023-07-22,CUST03484,Returning,East,Beauty & Personal Care,Skincare Kit,79.6,2,0,159.2,0.0,159.2,UPI,0
ORD100667,2023-07-22,CUST02966,VIP,East,Home & Kitchen,Air Fryer,50.2,2,0,100.4,0.0,100.4,UPI,0
ORD105341,2023-07-22,CUST04841,New,West,Electronics,Smart Watch,228.07,5,0,1140.35,0.0,1140.35,Debit Card,0
ORD102835,2023-07-22,CUST02999,Returning,North,Apparel,Running Shoes,51.81,3,0,155.43,0.0,155.43,Credit Card,0
ORD104410,2023-07-22,CUST01921,Returning,West,Electronics,Smart Watch,248.29,4,0,993.16,0.0,993.16,Credit Card,0
ORD102612,2023-07-22,CUST04925,Returning,Central,Beauty & Personal Care,Perfume,36.34,2,0,72.68,0.0,72.68,Credit Card,0
ORD100470,2023-07-23,CUST04980,Returning,Central,Electronics,Smart Watch,235.04,2,0,470.08,0.0,470.08,UPI,0
ORD101960,2023-07-23,CUST01121,VIP,Central,Home & Kitchen,Vacuum Cleaner,24.3,3,0,72.9,0.0,72.9,Debit Card,0
ORD104303,2023-07-23,CUST03951,New,East,Electronics,Wireless Earbuds,21.39,4,0,85.56,0.0,85.56,Debit Card,0
ORD103533,2023-07-23,CUST04459,New,South,Electronics,Smart Watch,96.28,3,0,288.84,0.0,288.84,Credit Card,0
ORD105895,2023-07-23,CUST01909,New,Central,Sports & Outdoors,Yoga Mat,175.11,6,20,1050.66,210.13,840.53,Credit Card,0
ORD104778,2023-07-23,CUST03394,New,West,Apparel,Cotton T-Shirt,31.29,1,0,31.29,0.0,31.29,Debit Card,0
ORD103380,2023-07-23,CUST02007,New,North,Electronics,Wireless Earbuds,236.53,3,10,709.59,70.96,638.63,Debit Card,0
ORD100812,2023-07-24,CUST01810,VIP,East,Home & Kitchen,Cookware Set,120.37,2,0,240.74,0.0,240.74,Credit Card,0
ORD103646,2023-07-24,CUST04401,New,South,Sports & Outdoors,Dumbbell Set,73.93,2,0,147.86,0.0,147.86,Debit Card,0
ORD103833,2023-07-24,CUST02833,New,South,Electronics,Wireless Earbuds,156.64,2,0,313.28,0.0,313.28,UPI,0
ORD102818,2023-07-24,CUST02840,New,North,Home & Kitchen,Coffee Maker,179.55,4,5,718.2,35.91,682.29,UPI,0
ORD104597,2023-07-24,CUST02360,Returning,East,Sports & Outdoors,Yoga Mat,173.47,4,0,693.88,0.0,693.88,Credit Card,0
ORD104468,2023-07-24,CUST02546,Returning,West,Electronics,Wireless Earbuds,179.33,3,0,537.99,0.0,537.99,UPI,0
ORD104119,2023-07-25,CUST01756,Returning,East,Sports & Outdoors,Yoga Mat,29.78,3,0,89.34,0.0,89.34,Credit Card,0
ORD105098,2023-07-25,CUST02832,New,North,Apparel,Winter Coat,36.29,1,0,36.29,0.0,36.29,Cash on Delivery,0
ORD105803,2023-07-25,CUST04056,New,Central,Home & Kitchen,Blender,51.7,1,0,51.7,0.0,51.7,UPI,0
ORD104570,2023-07-25,CUST02697,New,East,Apparel,Running Shoes,92.48,2,0,184.96,0.0,184.96,Cash on Delivery,0
ORD101753,2023-07-25,CUST04156,New,South,Home & Kitchen,Blender,74.23,3,0,222.69,0.0,222.69,Net Banking,0
ORD104231,2023-07-25,CUST03943,VIP,West,Sports & Outdoors,Water Bottle,23.79,4,15,95.16,14.27,80.89,Net Banking,0
ORD100064,2023-07-25,CUST03524,Returning,West,Apparel,Yoga Pants,63.88,4,10,255.52,25.55,229.97,UPI,0
ORD105843,2023-07-25,CUST02028,Returning,East,Electronics,Smartphone Case,44.66,4,0,178.64,0.0,178.64,UPI,0
ORD104675,2023-07-25,CUST02852,VIP,South,Beauty & Personal Care,Face Serum,50.05,5,5,250.25,12.51,237.74,Debit Card,0
ORD101985,2023-07-25,CUST02586,VIP,East,Home & Kitchen,Blender,32.83,4,10,131.32,13.13,118.19,Net Banking,0
ORD102355,2023-07-25,CUST02317,VIP,South,Apparel,Denim Jacket,72.31,3,10,216.93,21.69,195.24,UPI,0
ORD103069,2023-07-26,CUST03273,Returning,West,Beauty & Personal Care,Face Serum,53.14,6,20,318.84,63.77,255.07,UPI,0
ORD104955,2023-07-26,CUST04773,Returning,East,Electronics,Bluetooth Speaker,138.81,5,10,694.05,69.4,624.65,Net Banking,0
ORD104912,2023-07-26,CUST01443,New,Central,Home & Kitchen,Coffee Maker,132.56,4,0,530.24,0.0,530.24,Credit Card,0
ORD104838,2023-07-26,CUST03283,Returning,North,Home & Kitchen,Coffee Maker,166.12,3,5,498.36,24.92,473.44,Credit Card,0
ORD104474,2023-07-26,CUST01183,Returning,East,Sports & Outdoors,Water Bottle,184.89,1,0,184.89,0.0,184.89,Cash on Delivery,0
ORD100137,2023-07-26,CUST02743,New,South,Home & Kitchen,Vacuum Cleaner,179.36,4,0,717.44,0.0,717.44,UPI,0
ORD105925,2023-07-26,CUST01686,VIP,South,Sports & Outdoors,Cycling Helmet,145.29,6,5,871.74,43.59,828.15,Net Banking,0
ORD100780,2023-07-26,CUST01399,New,South,Home & Kitchen,Vacuum Cleaner,148.92,1,0,148.92,0.0,148.92,Credit Card,0
ORD104747,2023-07-26,CUST01436,Returning,South,Home & Kitchen,Vacuum Cleaner,156.31,2,0,312.62,0.0,312.62,Credit Card,0
ORD101874,2023-07-26,CUST02197,New,South,Electronics,Wireless Earbuds,190.84,3,0,572.52,0.0,572.52,Credit Card,0
ORD104621,2023-07-26,CUST04226,Returning,East,Sports & Outdoors,Yoga Mat,52.73,1,20,52.73,10.55,42.18,Debit Card,0
ORD104773,2023-07-26,CUST02210,Returning,Central,Apparel,Winter Coat,115.12,4,0,460.48,0.0,460.48,Credit Card,0
ORD104308,2023-07-27,CUST03266,Returning,West,Electronics,Wireless Earbuds,224.59,8,0,1796.72,0.0,1796.72,Net Banking,0
ORD102275,2023-07-27,CUST01747,Returning,Central,Electronics,Smart Watch,43.75,4,0,175.0,0.0,175.0,Net Banking,1
ORD101731,2023-07-27,CUST01031,New,West,Electronics,Power Bank,172.4,5,0,862.0,0.0,862.0,Net Banking,0
ORD104843,2023-07-27,CUST02489,New,West,Home & Kitchen,Blender,53.11,8,5,424.88,21.24,403.64,Credit Card,0
ORD100279,2023-07-27,CUST03544,New,Central,Apparel,Running Shoes,113.13,4,10,452.52,45.25,407.27,Credit Card,0
ORD105392,2023-07-27,CUST03965,Returning,North,Sports & Outdoors,Camping Tent,152.04,4,0,608.16,0.0,608.16,Debit Card,0
ORD101837,2023-07-27,CUST03642,New,West,Beauty & Personal Care,Hair Dryer,87.9,5,0,439.5,0.0,439.5,UPI,0
ORD102681,2023-07-28,CUST02338,New,South,Sports & Outdoors,Camping Tent,88.74,5,15,443.7,66.55,377.15,Debit Card,0
ORD101289,2023-07-28,CUST04601,Returning,East,Home & Kitchen,Coffee Maker,136.45,5,15,682.25,102.34,579.91,UPI,0
ORD103665,2023-07-28,CUST03318,VIP,South,Home & Kitchen,Coffee Maker,166.32,6,5,997.92,49.9,948.02,Debit Card,0
ORD102262,2023-07-28,CUST04816,Returning,East,Electronics,Bluetooth Speaker,113.96,3,0,341.88,0.0,341.88,Cash on Delivery,0
ORD105388,2023-07-28,CUST01906,New,West,Home & Kitchen,Vacuum Cleaner,161.76,4,0,647.04,0.0,647.04,Debit Card,0
ORD102953,2023-07-29,CUST02232,New,East,Electronics,Smart Watch,198.55,1,5,198.55,9.93,188.62,Credit Card,1
ORD103725,2023-07-29,CUST02316,Returning,East,Electronics,Smartphone Case,154.32,5,0,771.6,0.0,771.6,UPI,0
ORD101112,2023-07-29,CUST01221,New,West,Sports & Outdoors,Dumbbell Set,13.63,2,10,27.26,2.73,24.53,UPI,0
ORD101155,2023-07-29,CUST02704,Returning,Central,Sports & Outdoors,Cycling Helmet,71.19,6,15,427.14,64.07,363.07,Cash on Delivery,1
ORD105253,2023-07-29,CUST02391,Returning,North,Apparel,Running Shoes,115.33,8,15,922.64,138.4,784.24,Cash on Delivery,0
ORD103904,2023-07-29,CUST04875,Returning,Central,Apparel,Running Shoes,70.78,4,5,283.12,14.16,268.96,Cash on Delivery,0
ORD103294,2023-07-29,CUST02212,New,North,Home & Kitchen,Air Fryer,97.56,1,0,97.56,0.0,97.56,Credit Card,0
ORD101676,2023-07-29,CUST03734,New,West,Apparel,Running Shoes,40.66,5,0,203.3,0.0,203.3,UPI,0
ORD104237,2023-07-29,CUST01338,New,Central,Home & Kitchen,Cookware Set,111.95,4,0,447.8,0.0,447.8,Net Banking,0
ORD103070,2023-07-29,CUST01878,Returning,East,Electronics,Smart Watch,87.99,3,0,263.97,0.0,263.97,Debit Card,0
ORD105913,2023-07-30,CUST01777,Returning,Central,Beauty & Personal Care,Perfume,82.41,5,0,412.05,0.0,412.05,Credit Card,0
ORD105279,2023-07-30,CUST03668,Returning,Central,Beauty & Personal Care,Face Serum,62.79,3,0,188.37,0.0,188.37,Credit Card,1
ORD103007,2023-07-30,CUST03624,Returning,West,Beauty & Personal Care,Skincare Kit,83.37,3,15,250.11,37.52,212.59,Credit Card,0
ORD104712,2023-07-30,CUST02432,Returning,West,Apparel,Winter Coat,107.16,5,0,535.8,0.0,535.8,UPI,0
ORD104861,2023-07-30,CUST04870,VIP,Central,Sports & Outdoors,Cycling Helmet,,5,0,506.7,0.0,506.7,Cash on Delivery,0
ORD105055,2023-07-30,CUST04978,VIP,East,Beauty & Personal Care,Perfume,54.52,3,0,163.56,0.0,163.56,Debit Card,0
ORD102534,2023-07-30,CUST04201,New,North,Beauty & Personal Care,Perfume,21.6,6,15,129.6,19.44,110.16,Credit Card,0
ORD102690,2023-07-30,CUST02819,Returning,West,Home & Kitchen,Cookware Set,126.38,5,0,631.9,0.0,631.9,Credit Card,0
ORD105922,2023-07-30,CUST04824,New,South,Electronics,Power Bank,121.42,4,15,485.68,72.85,412.83,Credit Card,0
ORD102728,2023-07-30,CUST01319,New,Central,Beauty & Personal Care,Face Serum,46.77,1,0,46.77,0.0,46.77,Net Banking,0
ORD104949,2023-07-31,CUST02095,New,Central,Electronics,Bluetooth Speaker,115.6,6,0,693.6,0.0,693.6,Credit Card,0
ORD105896,2023-07-31,CUST02798,Returning,North,Electronics,Power Bank,221.62,3,5,664.86,33.24,631.62,UPI,0
ORD104395,2023-07-31,CUST02373,New,North,Electronics,Smartphone Case,59.01,4,5,236.04,11.8,224.24,Net Banking,0
ORD105509,2023-07-31,CUST02940,New,West,Home & Kitchen,Cookware Set,64.03,4,5,256.12,12.81,243.31,Debit Card,0
ORD104103,2023-07-31,CUST01368,New,East,Electronics,Smart Watch,75.19,7,0,526.33,0.0,526.33,Credit Card,0
ORD100904,2023-07-31,CUST03527,Returning,East,Home & Kitchen,Vacuum Cleaner,153.94,5,5,769.7,38.49,731.21,Credit Card,0
ORD100666,2023-08-01,CUST04081,New,North,Electronics,Power Bank,149.69,5,0,748.45,0.0,748.45,Credit Card,0
ORD104515,2023-08-01,CUST03073,Returning,South,Sports & Outdoors,Camping Tent,184.07,4,0,736.28,0.0,736.28,Credit Card,0
ORD104129,2023-08-01,CUST02061,New,East,Electronics,Wireless Earbuds,147.07,4,0,588.28,0.0,588.28,Credit Card,1
ORD103318,2023-08-01,CUST01384,New,South,Apparel,Winter Coat,76.62,5,10,383.1,38.31,344.79,Credit Card,0
ORD102458,2023-08-01,CUST01315,New,North,Electronics,Wireless Earbuds,223.87,4,5,895.48,44.77,850.71,Cash on Delivery,0
ORD102914,2023-08-01,CUST02841,Returning,West,Apparel,Cotton T-Shirt,78.96,7,15,552.72,82.91,469.81,Cash on Delivery,0
ORD102621,2023-08-01,CUST04186,New,East,Apparel,Denim Jacket,17.97,3,10,53.91,5.39,48.52,Cash on Delivery,0
ORD102455,2023-08-01,CUST01486,VIP,West,Home & Kitchen,Cookware Set,92.9,5,0,464.5,0.0,464.5,Credit Card,0
ORD101784,2023-08-02,CUST01582,New,West,Apparel,Winter Coat,36.24,4,0,144.96,0.0,144.96,Debit Card,0
ORD105572,2023-08-02,CUST02842,Returning,East,Electronics,Bluetooth Speaker,77.59,4,0,310.36,0.0,310.36,Credit Card,0
ORD103823,2023-08-02,CUST02684,New,South,Beauty & Personal Care,Electric Trimmer,83.63,3,20,250.89,50.18,200.71,Net Banking,0
ORD103456,2023-08-02,CUST01269,VIP,North,Electronics,Wireless Earbuds,126.1,5,10,630.5,63.05,567.45,UPI,0
ORD100852,2023-08-02,CUST02604,New,West,Electronics,Power Bank,45.97,5,0,229.85,0.0,229.85,Credit Card,0
ORD104469,2023-08-02,CUST03113,New,Central,Electronics,Wireless Earbuds,216.81,3,5,650.43,32.52,617.91,UPI,0
ORD102911,2023-08-02,CUST03254,Returning,West,Beauty & Personal Care,Electric Trimmer,32.51,2,0,65.02,0.0,65.02,Net Banking,0
ORD103198,2023-08-02,CUST02131,VIP,North,Electronics,Smart Watch,87.8,1,0,87.8,0.0,87.8,Net Banking,0
ORD100010,2023-08-03,CUST04440,New,Central,Apparel,Yoga Pants,22.49,7,0,157.43,0.0,157.43,Credit Card,0
ORD104272,2023-08-03,CUST02510,Returning,East,Electronics,Smartphone Case,159.96,3,20,479.88,95.98,383.9,UPI,0
ORD104943,2023-08-03,CUST03521,New,South,Home & Kitchen,Coffee Maker,73.26,2,5,146.52,7.33,139.19,Credit Card,0
ORD104274,2023-08-03,CUST04735,New,West,Beauty & Personal Care,Perfume,15.83,6,0,94.98,0.0,94.98,Debit Card,0
ORD101190,2023-08-03,CUST01190,Returning,West,Apparel,Cotton T-Shirt,64.05,3,0,192.15,0.0,192.15,UPI,1
ORD105973,2023-08-03,CUST02436,New,Central,Electronics,Smart Watch,224.78,1,5,224.78,11.24,213.54,Debit Card,0
ORD103606,2023-08-03,CUST02891,Returning,East,Sports & Outdoors,Water Bottle,159.21,7,0,1114.47,0.0,1114.47,UPI,0
ORD100594,2023-08-03,CUST04174,New,East,Beauty & Personal Care,Hair Dryer,44.29,3,0,132.87,0.0,132.87,Credit Card,0
ORD101081,2023-08-04,CUST03659,Returning,East,Apparel,Cotton T-Shirt,113.69,4,10,454.76,45.48,409.28,Net Banking,0
ORD103876,2023-08-04,CUST04068,New,East,Sports & Outdoors,Camping Tent,93.68,4,0,374.72,0.0,374.72,Credit Card,0
ORD102341,2023-08-04,CUST03355,Returning,Central,Home & Kitchen,Cookware Set,149.57,4,5,598.28,29.91,568.37,Net Banking,0
ORD103495,2023-08-04,CUST02099,New,West,Beauty & Personal Care,Face Serum,80.61,3,0,241.83,0.0,241.83,Debit Card,0
ORD101599,2023-08-04,CUST02375,Returning,North,Beauty & Personal Care,Face Serum,16.47,2,0,32.94,0.0,32.94,Credit Card,0
ORD101549,2023-08-04,CUST02239,New,South,Home & Kitchen,Vacuum Cleaner,125.46,4,5,501.84,25.09,476.75,Credit Card,0
ORD101991,2023-08-04,CUST02262,New,West,Electronics,Power Bank,116.32,2,15,232.64,34.9,197.74,UPI,0
ORD100875,2023-08-04,CUST02101,Returning,West,Electronics,Wireless Earbuds,27.04,5,0,135.2,0.0,135.2,Credit Card,0
ORD101403,2023-08-04,CUST04275,Returning,North,Sports & Outdoors,Cycling Helmet,187.86,2,5,375.72,18.79,356.93,Net Banking,0
ORD105995,2023-08-05,CUST02192,VIP,North,Beauty & Personal Care,Face Serum,45.78,4,20,183.12,36.62,146.5,Credit Card,0
ORD100551,2023-08-05,CUST04412,Returning,East,Sports & Outdoors,Camping Tent,56.7,8,15,453.6,68.04,385.56,Cash on Delivery,0
ORD101378,2023-08-05,CUST02927,New,West,Home & Kitchen,Coffee Maker,44.65,3,0,133.95,0.0,133.95,Credit Card,0
ORD105421,2023-08-05,CUST02212,New,South,Home & Kitchen,Vacuum Cleaner,65.81,4,10,263.24,26.32,236.92,UPI,0
ORD100091,2023-08-05,CUST03426,New,South,Sports & Outdoors,Cycling Helmet,106.66,4,10,426.64,42.66,383.98,Debit Card,0
ORD100731,2023-08-05,CUST01978,VIP,North,Apparel,Cotton T-Shirt,28.73,3,0,86.19,0.0,86.19,UPI,0
ORD104794,2023-08-05,CUST02064,VIP,East,Sports & Outdoors,Water Bottle,130.44,5,10,652.2,65.22,586.98,Credit Card,0
ORD102562,2023-08-05,CUST01634,New,Central,Electronics,Smart Watch,115.52,6,0,693.12,0.0,693.12,Credit Card,0
ORD100624,2023-08-05,CUST03774,New,North,Beauty & Personal Care,Skincare Kit,66.36,4,0,265.44,0.0,265.44,Net Banking,0
ORD101994,2023-08-05,CUST01995,Returning,South,Home & Kitchen,Air Fryer,61.91,1,15,61.91,9.29,52.62,Debit Card,0
ORD105047,2023-08-06,CUST01773,Returning,Central,Beauty & Personal Care,Face Serum,80.98,7,20,566.86,113.37,453.49,Credit Card,0
ORD103837,2023-08-06,CUST04413,New,South,Sports & Outdoors,Cycling Helmet,190.68,3,10,572.04,57.2,514.84,Debit Card,0
ORD100133,2023-08-06,CUST01987,New,North,Apparel,Running Shoes,109.49,1,0,109.49,0.0,109.49,Net Banking,0
ORD103022,2023-08-06,CUST04598,Returning,North,Electronics,Smart Watch,144.08,4,5,576.32,28.82,547.5,Credit Card,0
ORD102228,2023-08-06,CUST02712,VIP,North,Beauty & Personal Care,Hair Dryer,81.56,6,15,489.36,73.4,415.96,Credit Card,0
ORD105234,2023-08-06,CUST04874,Returning,West,Home & Kitchen,Vacuum Cleaner,75.66,6,0,453.96,0.0,453.96,UPI,0
ORD101109,2023-08-06,CUST03968,VIP,East,Apparel,Running Shoes,79.67,6,0,478.02,0.0,478.02,Debit Card,0
ORD100471,2023-08-06,CUST03853,New,North,Sports & Outdoors,Camping Tent,195.31,5,10,976.55,97.66,878.89,Debit Card,0
ORD101532,2023-08-06,CUST04943,New,West,Electronics,Smartphone Case,227.8,3,0,683.4,0.0,683.4,Debit Card,0
ORD102024,2023-08-06,CUST02041,New,West,Electronics,Wireless Earbuds,89.72,5,0,448.6,0.0,448.6,Debit Card,0
ORD104285,2023-08-06,CUST03064,Returning,South,Home & Kitchen,Air Fryer,74.96,6,0,449.76,0.0,449.76,Debit Card,1
ORD103693,2023-08-06,CUST03621,New,South,Home & Kitchen,Vacuum Cleaner,167.83,4,0,671.32,0.0,671.32,Debit Card,0
ORD104317,2023-08-07,CUST04543,New,North,Home & Kitchen,Blender,68.27,6,0,409.62,0.0,409.62,Credit Card,0
ORD103074,2023-08-07,CUST04099,New,North,Electronics,Smart Watch,239.17,4,5,956.68,47.83,908.85,Debit Card,0
ORD102043,2023-08-08,CUST02908,Returning,West,Sports & Outdoors,Camping Tent,131.3,1,0,131.3,0.0,131.3,Debit Card,0
ORD102809,2023-08-08,CUST03776,Returning,West,Apparel,Winter Coat,57.4,4,0,229.6,0.0,229.6,Debit Card,0
ORD100641,2023-08-08,CUST02837,New,Central,Beauty & Personal Care,Perfume,86.1,6,10,516.6,51.66,464.94,Cash on Delivery,0
ORD100342,2023-08-08,CUST04389,VIP,Central,Apparel,Running Shoes,59.51,1,5,59.51,2.98,56.53,Credit Card,0
ORD102811,2023-08-08,CUST03434,Returning,West,Beauty & Personal Care,Perfume,56.03,4,0,224.12,0.0,224.12,Cash on Delivery,0
ORD100214,2023-08-08,CUST01381,Returning,North,Home & Kitchen,Coffee Maker,24.77,1,0,24.77,0.0,24.77,UPI,0
ORD104720,2023-08-08,CUST04556,New,North,Sports & Outdoors,Yoga Mat,87.91,9,5,791.19,39.56,751.63,Cash on Delivery,0
ORD102550,2023-08-08,CUST03284,New,Central,Electronics,Bluetooth Speaker,110.83,2,0,221.66,0.0,221.66,UPI,0
ORD102166,2023-08-08,CUST01219,New,South,Electronics,Smartphone Case,38.28,4,0,153.12,0.0,153.12,UPI,0
ORD105936,2023-08-08,CUST04787,New,Central,Sports & Outdoors,Camping Tent,110.05,4,0,440.2,0.0,440.2,Cash on Delivery,0
ORD100465,2023-08-08,CUST04953,New,East,Home & Kitchen,Coffee Maker,90.86,9,0,817.74,0.0,817.74,UPI,0
ORD105083,2023-08-08,CUST04302,New,South,Electronics,Power Bank,108.54,1,0,108.54,0.0,108.54,Net Banking,0
ORD102965,2023-08-08,CUST03611,New,South,Electronics,Smartphone Case,72.54,2,0,145.08,0.0,145.08,UPI,0
ORD102712,2023-08-09,CUST02053,New,East,Sports & Outdoors,Cycling Helmet,197.67,7,0,1383.69,0.0,1383.69,Credit Card,0
ORD104670,2023-08-09,CUST03829,VIP,West,Apparel,Winter Coat,47.13,5,10,235.65,23.56,212.09,Credit Card,0
ORD102422,2023-08-09,CUST03198,Returning,South,Beauty & Personal Care,Skincare Kit,47.87,4,0,191.48,0.0,191.48,UPI,0
ORD105650,2023-08-09,CUST02824,Returning,West,Apparel,Denim Jacket,15.95,3,0,47.85,0.0,47.85,UPI,0
ORD102095,2023-08-09,CUST01156,Returning,South,Electronics,Smart Watch,242.14,5,5,1210.7,60.54,1150.16,Credit Card,0
ORD104059,2023-08-09,CUST02949,New,West,Electronics,Power Bank,224.51,3,0,673.53,0.0,673.53,Credit Card,0
ORD101660,2023-08-10,CUST03202,Returning,Central,Home & Kitchen,Vacuum Cleaner,102.43,5,5,512.15,25.61,486.54,Debit Card,0
ORD104764,2023-08-10,CUST03934,New,North,Beauty & Personal Care,Perfume,33.95,2,0,67.9,0.0,67.9,Cash on Delivery,0
ORD104916,2023-08-10,CUST03791,New,East,Apparel,Running Shoes,36.89,5,15,184.45,27.67,156.78,Net Banking,0
ORD102596,2023-08-10,CUST02155,VIP,Central,Electronics,Smartphone Case,60.03,5,15,300.15,45.02,255.13,Credit Card,0
ORD101212,2023-08-10,CUST01465,New,East,Apparel,Cotton T-Shirt,96.25,1,0,96.25,0.0,96.25,Net Banking,0
ORD103126,2023-08-10,CUST02802,New,North,Apparel,Running Shoes,48.03,2,0,96.06,0.0,96.06,Cash on Delivery,0
ORD105000,2023-08-11,CUST03280,New,Central,Apparel,Winter Coat,19.08,6,0,114.48,0.0,114.48,Credit Card,0
ORD103908,2023-08-11,CUST03075,Returning,South,Electronics,Smart Watch,168.56,2,20,337.12,67.42,269.7,Credit Card,0
ORD103322,2023-08-11,CUST03110,New,West,Home & Kitchen,Coffee Maker,146.39,7,0,1024.73,0.0,1024.73,UPI,0
ORD104952,2023-08-11,CUST01593,Returning,Central,Home & Kitchen,Air Fryer,90.19,3,5,270.57,13.53,257.04,Net Banking,0
ORD102552,2023-08-11,CUST01874,VIP,Central,Electronics,Smart Watch,15.29,5,5,76.45,3.82,72.63,UPI,0
ORD101645,2023-08-11,CUST04679,Returning,West,Electronics,Smartphone Case,157.27,2,15,314.54,47.18,267.36,UPI,0
ORD100950,2023-08-11,CUST01453,VIP,South,Electronics,Wireless Earbuds,148.01,5,0,740.05,0.0,740.05,Debit Card,0
ORD101821,2023-08-11,CUST03947,VIP,South,Electronics,Bluetooth Speaker,241.62,4,0,966.48,0.0,966.48,Debit Card,0
ORD100484,2023-08-11,CUST02524,New,North,Beauty & Personal Care,Perfume,6.84,3,0,20.52,0.0,20.52,Credit Card,0
ORD100590,2023-08-11,CUST04107,Returning,West,Sports & Outdoors,Water Bottle,18.24,4,15,72.96,10.94,62.02,UPI,0
ORD101437,2023-08-11,CUST04511,VIP,North,Apparel,Yoga Pants,10.14,4,0,40.56,0.0,40.56,Cash on Delivery,1
ORD101998,2023-08-11,CUST03428,New,Central,Electronics,Bluetooth Speaker,160.93,6,0,965.58,0.0,965.58,Debit Card,1
ORD101656,2023-08-12,CUST04447,Returning,North,Home & Kitchen,Blender,169.32,3,10,507.96,50.8,457.16,Cash on Delivery,1
ORD105065,2023-08-12,CUST01517,New,West,Apparel,Denim Jacket,60.14,4,20,240.56,48.11,192.45,Credit Card,0
ORD101588,2023-08-12,CUST02417,New,South,Beauty & Personal Care,Electric Trimmer,17.32,2,15,34.64,5.2,29.44,Credit Card,0
ORD102662,2023-08-12,CUST01333,Returning,West,Home & Kitchen,Blender,47.67,3,5,143.01,7.15,135.86,Debit Card,0
ORD101637,2023-08-12,CUST04414,Returning,East,Sports & Outdoors,Water Bottle,122.24,2,0,244.48,0.0,244.48,UPI,1
ORD105642,2023-08-12,CUST04594,Returning,West,Electronics,Smart Watch,209.78,3,5,629.34,31.47,597.87,UPI,0
ORD100726,2023-08-12,CUST04943,New,South,Electronics,Power Bank,39.01,4,5,156.04,7.8,148.24,Credit Card,0
ORD105710,2023-08-13,CUST04460,New,Central,Beauty & Personal Care,Hair Dryer,37.04,3,0,111.12,0.0,111.12,Credit Card,0
ORD101046,2023-08-13,CUST03736,Returning,South,Sports & Outdoors,Water Bottle,197.74,10,5,1977.4,98.87,1878.53,Credit Card,0
ORD100188,2023-08-13,CUST01227,Returning,North,Apparel,Yoga Pants,49.18,5,0,245.9,0.0,245.9,Credit Card,0
ORD100174,2023-08-13,CUST04738,New,Central,Home & Kitchen,Blender,88.29,4,0,353.16,0.0,353.16,Net Banking,0
ORD101802,2023-08-13,CUST03475,Returning,Central,Electronics,Power Bank,105.59,4,5,422.36,21.12,401.24,Debit Card,0
ORD100974,2023-08-13,CUST03708,New,Central,Beauty & Personal Care,Hair Dryer,71.7,5,0,358.5,0.0,358.5,UPI,0
ORD105534,2023-08-13,CUST04239,Returning,Central,Home & Kitchen,Cookware Set,135.36,1,0,135.36,0.0,135.36,UPI,1
ORD100216,2023-08-13,CUST01498,New,South,Home & Kitchen,Air Fryer,122.94,2,0,245.88,0.0,245.88,Credit Card,0
ORD103818,2023-08-13,CUST04650,New,West,Beauty & Personal Care,Perfume,71.91,5,0,359.55,0.0,359.55,Net Banking,0
ORD101531,2023-08-14,CUST03269,VIP,Central,Apparel,Yoga Pants,87.51,5,0,437.55,0.0,437.55,Credit Card,0
ORD101517,2023-08-14,CUST01712,VIP,West,Home & Kitchen,Coffee Maker,77.77,6,0,466.62,0.0,466.62,UPI,0
ORD105032,2023-08-14,CUST01832,Returning,East,Beauty & Personal Care,Electric Trimmer,89.03,3,0,267.09,0.0,267.09,UPI,0
ORD102197,2023-08-14,CUST02931,New,South,Electronics,Wireless Earbuds,115.58,5,0,577.9,0.0,577.9,Cash on Delivery,0
ORD101573,2023-08-14,CUST01746,New,North,Sports & Outdoors,Cycling Helmet,106.07,3,20,318.21,63.64,254.57,UPI,0
ORD103016,2023-08-14,CUST03868,New,East,Sports & Outdoors,Camping Tent,178.84,2,5,357.68,17.88,339.8,UPI,0
ORD101274,2023-08-14,CUST04788,New,North,Home & Kitchen,Vacuum Cleaner,177.09,2,0,354.18,0.0,354.18,Debit Card,0
ORD102577,2023-08-14,CUST04254,New,Central,Electronics,Smartphone Case,38.07,3,5,114.21,5.71,108.5,Debit Card,0
ORD100328,2023-08-14,CUST02052,New,Central,Electronics,Smartphone Case,155.21,4,10,620.84,62.08,558.76,Credit Card,0
ORD103831,2023-08-14,CUST03780,Returning,Central,Apparel,Cotton T-Shirt,34.29,3,20,102.87,20.57,82.3,UPI,0
ORD103721,2023-08-15,CUST02837,Returning,Central,Home & Kitchen,Blender,141.14,3,15,423.42,63.51,359.91,Net Banking,0
ORD102478,2023-08-15,CUST03490,New,East,Sports & Outdoors,Cycling Helmet,90.78,1,0,90.78,0.0,90.78,Debit Card,0
ORD102699,2023-08-15,CUST04551,Returning,Central,Beauty & Personal Care,Skincare Kit,16.75,6,15,100.5,15.08,85.42,Debit Card,0
ORD101351,2023-08-15,CUST01507,Returning,Central,Electronics,Wireless Earbuds,175.62,5,15,878.1,131.72,746.38,Debit Card,0
ORD103721,2023-08-15,CUST02837,Returning,Central,Home & Kitchen,Blender,141.14,3,15,423.42,63.51,359.91,Net Banking,0
ORD102929,2023-08-15,CUST03080,Returning,South,Electronics,Power Bank,197.41,4,10,789.64,78.96,710.68,UPI,0
ORD100293,2023-08-15,CUST01591,Returning,South,Electronics,Power Bank,111.47,2,0,222.94,0.0,222.94,Debit Card,0
ORD101684,2023-08-15,CUST02126,Returning,North,Home & Kitchen,Vacuum Cleaner,33.09,5,0,165.45,0.0,165.45,UPI,0
ORD105058,2023-08-15,CUST03794,Returning,North,Apparel,Yoga Pants,80.8,3,15,242.4,36.36,206.04,Debit Card,0
ORD102998,2023-08-15,CUST04411,Returning,West,Electronics,Power Bank,171.48,4,5,685.92,34.3,651.62,Credit Card,0
ORD105213,2023-08-15,CUST03165,New,East,Electronics,Smart Watch,142.31,5,0,711.55,0.0,711.55,UPI,0
ORD103753,2023-08-15,CUST03269,VIP,East,Beauty & Personal Care,Electric Trimmer,87.67,1,5,87.67,4.38,83.29,UPI,0
ORD103060,2023-08-15,CUST03001,Returning,West,Electronics,Smartphone Case,53.21,4,10,212.84,21.28,191.56,Credit Card,1
ORD100670,2023-08-15,CUST03142,Returning,West,Electronics,Smart Watch,116.54,5,0,582.7,0.0,582.7,UPI,0
ORD105244,2023-08-16,CUST04117,Returning,North,Home & Kitchen,Cookware Set,106.39,5,10,531.95,53.2,478.75,UPI,0
ORD103491,2023-08-16,CUST03771,Returning,East,Beauty & Personal Care,Face Serum,45.67,3,0,137.01,0.0,137.01,UPI,0
ORD100913,2023-08-16,CUST02772,Returning,South,Beauty & Personal Care,Face Serum,50.93,6,0,305.58,0.0,305.58,Cash on Delivery,0
ORD102821,2023-08-16,CUST01034,Returning,South,Electronics,Power Bank,138.0,4,0,552.0,0.0,552.0,Credit Card,0
ORD102530,2023-08-16,CUST04739,Returning,West,Electronics,Smart Watch,218.54,1,15,218.54,32.78,185.76,UPI,0
ORD103812,2023-08-16,CUST03338,New,North,Home & Kitchen,Coffee Maker,57.21,4,15,228.84,34.33,194.51,Debit Card,0
ORD101080,2023-08-16,CUST02703,New,South,Home & Kitchen,Air Fryer,104.64,3,10,313.92,31.39,282.53,UPI,0
ORD105628,2023-08-16,CUST03699,Returning,North,Beauty & Personal Care,Electric Trimmer,85.27,5,0,426.35,0.0,426.35,UPI,0
ORD101233,2023-08-17,CUST01725,Returning,East,Home & Kitchen,Vacuum Cleaner,144.41,2,0,288.82,0.0,288.82,UPI,0
ORD101932,2023-08-17,CUST03096,New,Central,Sports & Outdoors,Dumbbell Set,189.5,6,0,1137.0,0.0,1137.0,Net Banking,0
ORD101019,2023-08-17,CUST04464,New,South,Apparel,Denim Jacket,65.73,2,5,131.46,6.57,124.89,Credit Card,0
ORD101386,2023-08-17,CUST04658,Returning,West,Apparel,Cotton T-Shirt,48.79,2,15,97.58,14.64,82.94,Credit Card,0
ORD102649,2023-08-17,CUST03741,New,North,Electronics,Wireless Earbuds,144.6,7,15,1012.2,151.83,860.37,Net Banking,0
ORD105067,2023-08-17,CUST01190,VIP,West,Electronics,Smartphone Case,159.3,9,0,1433.7,0.0,1433.7,Debit Card,0
ORD100781,2023-08-17,CUST03623,Returning,South,Home & Kitchen,Coffee Maker,39.41,2,20,78.82,15.76,63.06,UPI,0
ORD105139,2023-08-17,CUST03698,Returning,South,Apparel,Cotton T-Shirt,56.84,4,5,227.36,11.37,215.99,UPI,0
ORD100668,2023-08-17,CUST02252,New,South,Home & Kitchen,Coffee Maker,101.76,3,0,305.28,0.0,305.28,Credit Card,0
ORD100948,2023-08-17,CUST03988,New,East,Home & Kitchen,Vacuum Cleaner,119.13,1,0,119.13,0.0,119.13,UPI,0
ORD103782,2023-08-18,CUST02203,Returning,North,Electronics,Bluetooth Speaker,247.49,4,0,989.96,0.0,989.96,Net Banking,0
ORD100322,2023-08-18,CUST02057,Returning,South,Beauty & Personal Care,Skincare Kit,21.26,5,0,106.3,0.0,106.3,Credit Card,0
ORD104320,2023-08-18,CUST01638,New,South,Beauty & Personal Care,Skincare Kit,54.64,5,0,273.2,0.0,273.2,Cash on Delivery,0
ORD105484,2023-08-18,CUST04646,Returning,South,Electronics,Smartphone Case,171.75,3,0,515.25,0.0,515.25,UPI,0
ORD100602,2023-08-18,CUST01463,New,Central,Electronics,Bluetooth Speaker,138.7,3,0,416.1,0.0,416.1,Debit Card,0
ORD104802,2023-08-18,CUST01006,Returning,North,Sports & Outdoors,Camping Tent,120.48,6,0,722.88,0.0,722.88,UPI,0
ORD102250,2023-08-18,CUST03462,Returning,West,Sports & Outdoors,Yoga Mat,167.56,4,10,670.24,67.02,603.22,Cash on Delivery,0
ORD103611,2023-08-19,CUST02734,New,North,Home & Kitchen,Coffee Maker,149.53,4,0,598.12,0.0,598.12,Debit Card,0
ORD101064,2023-08-19,CUST03396,Returning,West,Electronics,Smartphone Case,25.06,4,0,100.24,0.0,100.24,UPI,0
ORD100897,2023-08-19,CUST01946,Returning,South,Electronics,Wireless Earbuds,241.49,11,10,2656.39,265.64,2390.75,Debit Card,0
ORD101925,2023-08-19,CUST01243,New,North,Home & Kitchen,Vacuum Cleaner,150.05,4,10,600.2,60.02,540.18,UPI,1
ORD100148,2023-08-19,CUST02030,Returning,East,Sports & Outdoors,Water Bottle,156.45,3,0,469.35,0.0,469.35,Cash on Delivery,0
ORD102668,2023-08-19,CUST03530,VIP,Central,Home & Kitchen,Air Fryer,26.56,3,5,79.68,3.98,75.7,Credit Card,0
ORD102426,2023-08-19,CUST02208,New,South,Electronics,Bluetooth Speaker,186.38,7,5,1304.66,65.23,1239.43,UPI,0
ORD100114,2023-08-19,CUST04397,New,South,Apparel,Denim Jacket,84.38,5,10,421.9,42.19,379.71,Credit Card,0
ORD100172,2023-08-19,CUST04341,Returning,South,Home & Kitchen,Vacuum Cleaner,100.56,3,0,301.68,0.0,301.68,UPI,0
ORD103177,2023-08-20,CUST04529,Returning,North,Beauty & Personal Care,Skincare Kit,7.96,3,5,23.88,1.19,22.69,UPI,0
ORD105938,2023-08-20,CUST01569,New,West,Home & Kitchen,Vacuum Cleaner,69.98,5,0,349.9,0.0,349.9,Debit Card,0
ORD104649,2023-08-20,CUST01960,New,East,Apparel,Yoga Pants,94.31,6,0,565.86,0.0,565.86,Credit Card,0
ORD105191,2023-08-20,CUST02820,VIP,North,Sports & Outdoors,Camping Tent,187.08,4,0,748.32,0.0,748.32,UPI,0
ORD102528,2023-08-20,CUST01939,Returning,South,Sports & Outdoors,Cycling Helmet,83.56,6,0,501.36,0.0,501.36,Credit Card,0
ORD102500,2023-08-20,CUST01041,New,North,Apparel,Winter Coat,37.53,5,0,187.65,0.0,187.65,Credit Card,0
ORD101655,2023-08-21,CUST01334,Returning,East,Electronics,Smartphone Case,185.86,7,0,1301.02,0.0,1301.02,UPI,0
ORD100564,2023-08-21,CUST02460,VIP,West,Beauty & Personal Care,Perfume,56.02,3,5,168.06,8.4,159.66,UPI,0
ORD102600,2023-08-21,CUST02788,New,North,Electronics,Smartphone Case,92.87,6,0,557.22,0.0,557.22,Credit Card,0
ORD105538,2023-08-21,CUST04199,VIP,West,Apparel,Denim Jacket,67.82,4,5,271.28,13.56,257.72,Credit Card,0
ORD103614,2023-08-21,CUST03378,New,West,Beauty & Personal Care,Perfume,88.79,6,0,532.74,0.0,532.74,Debit Card,0
ORD105212,2023-08-21,CUST01820,New,South,Beauty & Personal Care,Face Serum,19.66,4,0,78.64,0.0,78.64,Net Banking,0
ORD103850,2023-08-21,CUST02280,VIP,Central,Home & Kitchen,Air Fryer,98.06,4,10,392.24,39.22,353.02,UPI,1
ORD100276,2023-08-21,CUST02868,Returning,North,Home & Kitchen,Vacuum Cleaner,52.02,3,0,156.06,0.0,156.06,Debit Card,0
ORD100196,2023-08-21,CUST04863,New,West,Apparel,Running Shoes,43.63,3,10,130.89,13.09,117.8,UPI,0
ORD100909,2023-08-21,CUST02662,New,Central,Apparel,Cotton T-Shirt,53.1,7,5,371.7,18.58,353.12,Net Banking,0
ORD100676,2023-08-21,CUST02823,Returning,East,Home & Kitchen,Cookware Set,60.84,2,0,121.68,0.0,121.68,UPI,1
ORD101642,2023-08-21,CUST01613,New,North,Home & Kitchen,Air Fryer,43.62,2,5,87.24,4.36,82.88,UPI,0
ORD100841,2023-08-21,CUST03269,Returning,East,Apparel,Winter Coat,14.58,2,0,29.16,0.0,29.16,UPI,0
ORD103233,2023-08-21,CUST01872,VIP,West,Home & Kitchen,Cookware Set,128.21,2,0,256.42,0.0,256.42,Credit Card,0
ORD103397,2023-08-22,CUST02239,New,Central,Sports & Outdoors,Camping Tent,190.21,4,5,760.84,38.04,722.8,Net Banking,0
ORD104567,2023-08-22,CUST01760,New,West,Sports & Outdoors,Water Bottle,41.26,2,0,82.52,0.0,82.52,Net Banking,0
ORD104950,2023-08-22,CUST02432,Returning,West,Home & Kitchen,Vacuum Cleaner,130.69,3,0,392.07,0.0,392.07,Debit Card,0
ORD102676,2023-08-22,CUST01573,New,North,Apparel,Yoga Pants,79.89,5,10,399.45,39.94,359.51,Debit Card,0
ORD100189,2023-08-22,CUST01376,VIP,South,Apparel,Winter Coat,82.83,6,0,496.98,0.0,496.98,Debit Card,0
ORD103915,2023-08-23,CUST01180,Returning,West,Beauty & Personal Care,Electric Trimmer,54.22,3,15,162.66,24.4,138.26,Credit Card,0
ORD104559,2023-08-23,CUST02190,Returning,Central,Sports & Outdoors,Yoga Mat,99.07,5,0,495.35,0.0,495.35,UPI,0
ORD100595,2023-08-23,CUST04445,Returning,West,Electronics,Wireless Earbuds,147.73,5,0,738.65,0.0,738.65,UPI,0
ORD103752,2023-08-23,CUST01319,Returning,West,Home & Kitchen,Blender,93.93,7,5,657.51,32.88,624.63,Cash on Delivery,0
ORD102616,2023-08-23,CUST04066,VIP,West,Electronics,Smart Watch,101.66,3,0,304.98,0.0,304.98,UPI,0
ORD103315,2023-08-23,CUST03360,New,North,Apparel,Yoga Pants,64.99,6,15,389.94,58.49,331.45,UPI,0
ORD101298,2023-08-23,CUST02279,VIP,South,Home & Kitchen,Air Fryer,116.56,2,0,233.12,0.0,233.12,UPI,0
ORD103699,2023-08-23,CUST04701,Returning,South,Home & Kitchen,Cookware Set,152.87,4,15,611.48,91.72,519.76,UPI,0
ORD104687,2023-08-23,CUST01520,Returning,East,Electronics,Smartphone Case,167.67,3,0,503.01,0.0,503.01,UPI,0
ORD104839,2023-08-23,CUST04400,Returning,North,Apparel,Cotton T-Shirt,91.31,5,10,456.55,45.66,410.89,UPI,0
ORD104981,2023-08-24,CUST02845,VIP,Central,Home & Kitchen,Coffee Maker,166.78,5,0,833.9,0.0,833.9,Credit Card,0
ORD101007,2023-08-24,CUST02251,VIP,South,Home & Kitchen,Vacuum Cleaner,111.14,4,5,444.56,22.23,422.33,Cash on Delivery,0
ORD102611,2023-08-24,CUST03424,New,West,Electronics,Wireless Earbuds,232.97,7,0,1630.79,0.0,1630.79,Credit Card,0
ORD103722,2023-08-24,CUST04266,VIP,North,Apparel,Running Shoes,61.71,6,0,370.26,0.0,370.26,Credit Card,0
ORD100775,2023-08-24,CUST01187,New,South,Sports & Outdoors,Dumbbell Set,33.1,5,0,165.5,0.0,165.5,Net Banking,1
ORD101756,2023-08-24,CUST01822,Returning,West,Electronics,Smart Watch,138.76,5,0,693.8,0.0,693.8,Debit Card,0
ORD105748,2023-08-25,CUST02760,Returning,West,Apparel,Running Shoes,91.61,3,0,274.83,0.0,274.83,Credit Card,0
ORD105351,2023-08-25,CUST01220,New,East,Home & Kitchen,Blender,168.41,4,0,673.64,0.0,673.64,Net Banking,0
ORD101293,2023-08-25,CUST01391,New,West,Apparel,Yoga Pants,85.68,5,15,428.4,64.26,364.14,Debit Card,0
ORD105468,2023-08-25,CUST03031,New,West,Beauty & Personal Care,Perfume,12.62,3,0,37.86,0.0,37.86,Credit Card,0
ORD105184,2023-08-25,CUST03729,VIP,South,Home & Kitchen,Vacuum Cleaner,138.99,2,0,277.98,0.0,277.98,UPI,0
ORD104740,2023-08-25,CUST02954,Returning,South,Electronics,Smart Watch,162.47,1,0,162.47,0.0,162.47,Debit Card,0
ORD104369,2023-08-25,CUST01899,VIP,North,Sports & Outdoors,Cycling Helmet,73.64,4,5,294.56,14.73,279.83,UPI,0
ORD101904,2023-08-25,CUST03738,New,North,Electronics,Smart Watch,44.99,5,0,224.95,0.0,224.95,Credit Card,0
ORD105345,2023-08-25,CUST04326,Returning,North,Apparel,Yoga Pants,30.43,3,5,91.29,4.56,86.73,Debit Card,0
ORD105088,2023-08-25,CUST02027,New,North,Sports & Outdoors,Water Bottle,166.75,5,0,833.75,0.0,833.75,Debit Card,0
ORD100451,2023-08-25,CUST04344,Returning,South,Apparel,Winter Coat,53.21,5,0,266.05,0.0,266.05,Debit Card,0
ORD105549,2023-08-25,CUST01067,Returning,North,Home & Kitchen,Air Fryer,151.19,6,0,907.14,0.0,907.14,UPI,0
ORD102288,2023-08-25,CUST01539,Returning,West,Apparel,Cotton T-Shirt,79.1,4,0,316.4,0.0,316.4,Cash on Delivery,0
ORD102608,2023-08-26,CUST03093,New,North,Apparel,Winter Coat,60.87,2,0,121.74,0.0,121.74,Cash on Delivery,0
ORD102951,2023-08-26,CUST03970,New,Central,Home & Kitchen,Air Fryer,59.42,5,0,297.1,0.0,297.1,Credit Card,0
ORD105152,2023-08-26,CUST04819,New,North,Beauty & Personal Care,Perfume,7.81,3,0,23.43,0.0,23.43,Net Banking,0
ORD105019,2023-08-26,CUST03225,Returning,East,Beauty & Personal Care,Electric Trimmer,78.67,3,0,236.01,0.0,236.01,Cash on Delivery,0
ORD102364,2023-08-26,CUST01979,New,North,Apparel,Cotton T-Shirt,74.28,1,10,74.28,7.43,66.85,UPI,0
ORD105657,2023-08-27,CUST04760,VIP,South,Home & Kitchen,Coffee Maker,44.3,2,0,88.6,0.0,88.6,Credit Card,0
ORD100853,2023-08-27,CUST03721,Returning,East,Apparel,Running Shoes,16.16,2,0,32.32,0.0,32.32,Credit Card,0
ORD102334,2023-08-27,CUST04329,New,South,Electronics,Smart Watch,175.66,3,0,526.98,0.0,526.98,Net Banking,0
ORD105591,2023-08-27,CUST02208,New,North,Apparel,Yoga Pants,44.58,2,20,89.16,17.83,71.33,UPI,0
ORD105407,2023-08-27,CUST01785,New,Central,Home & Kitchen,Cookware Set,116.74,5,0,583.7,0.0,583.7,Debit Card,0
ORD104596,2023-08-27,CUST04587,New,Central,Electronics,Smart Watch,167.64,5,0,838.2,0.0,838.2,UPI,0
ORD104940,2023-08-27,CUST04090,VIP,West,Home & Kitchen,Air Fryer,125.79,4,5,503.16,25.16,478.0,Debit Card,0
ORD101484,2023-08-27,CUST02362,Returning,North,Electronics,Smart Watch,94.64,7,0,662.48,0.0,662.48,Cash on Delivery,0
ORD101232,2023-08-27,CUST01651,New,South,Home & Kitchen,Vacuum Cleaner,164.45,5,0,822.25,0.0,822.25,Net Banking,0
ORD104761,2023-08-27,CUST02096,Returning,West,Electronics,Wireless Earbuds,213.04,6,0,1278.24,0.0,1278.24,Debit Card,0
ORD100727,2023-08-27,CUST02676,Returning,East,Apparel,Denim Jacket,109.88,2,0,219.76,0.0,219.76,UPI,0
ORD104534,2023-08-27,CUST02059,VIP,East,Apparel,Winter Coat,45.62,5,15,228.1,34.21,193.89,Debit Card,0
ORD103260,2023-08-28,CUST02218,New,Central,Sports & Outdoors,Cycling Helmet,27.47,1,10,27.47,2.75,24.72,Credit Card,0
ORD104213,2023-08-28,CUST04220,Returning,Central,Home & Kitchen,Blender,33.92,3,20,101.76,20.35,81.41,Net Banking,0
ORD102150,2023-08-29,CUST03537,VIP,South,Apparel,Winter Coat,84.02,4,0,336.08,0.0,336.08,Credit Card,0
ORD100143,2023-08-29,CUST03515,Returning,North,Electronics,Smart Watch,166.12,4,0,664.48,0.0,664.48,Credit Card,0
ORD105582,2023-08-29,CUST04239,Returning,West,Sports & Outdoors,Water Bottle,19.76,6,5,118.56,5.93,112.63,UPI,0
ORD103660,2023-08-29,CUST02340,New,South,Electronics,Smart Watch,157.83,4,0,631.32,0.0,631.32,UPI,0
ORD100054,2023-08-30,CUST04959,New,East,Home & Kitchen,Coffee Maker,166.64,4,20,666.56,133.31,533.25,Credit Card,0
ORD101800,2023-08-30,CUST01989,Returning,West,Apparel,Running Shoes,77.38,3,5,232.14,11.61,220.53,Net Banking,0
ORD102191,2023-08-30,CUST04966,Returning,West,Apparel,Cotton T-Shirt,53.47,3,15,160.41,24.06,136.35,Debit Card,0
ORD104485,2023-08-30,CUST03695,New,East,Beauty & Personal Care,Skincare Kit,27.48,3,5,82.44,4.12,78.32,Net Banking,0
ORD101990,2023-08-30,CUST01798,New,North,Apparel,Winter Coat,117.13,3,5,351.39,17.57,333.82,UPI,0
ORD102499,2023-08-30,CUST02703,VIP,Central,Beauty & Personal Care,Skincare Kit,62.38,6,0,374.28,0.0,374.28,Credit Card,0
ORD105335,2023-08-30,CUST04117,Returning,North,Electronics,Smartphone Case,246.27,7,0,1723.89,0.0,1723.89,Net Banking,0
ORD102456,2023-08-30,CUST03171,Returning,South,Electronics,Bluetooth Speaker,233.15,2,15,466.3,69.94,396.36,Debit Card,0
ORD103884,2023-08-30,CUST02820,New,East,Home & Kitchen,Air Fryer,178.14,4,0,712.56,0.0,712.56,Debit Card,0
ORD101665,2023-08-30,CUST04337,New,West,Sports & Outdoors,Water Bottle,152.13,5,0,760.65,0.0,760.65,UPI,0
ORD100719,2023-08-30,CUST04870,VIP,North,Electronics,Smart Watch,156.32,7,0,1094.24,0.0,1094.24,Debit Card,1
ORD101526,2023-08-31,CUST03957,VIP,West,Electronics,Power Bank,79.91,6,0,479.46,0.0,479.46,Net Banking,0
ORD101851,2023-08-31,CUST04447,New,West,Apparel,Running Shoes,86.98,7,0,608.86,0.0,608.86,UPI,0
ORD105901,2023-08-31,CUST02197,Returning,Central,Home & Kitchen,Blender,146.51,5,5,732.55,36.63,695.92,Credit Card,0
ORD100156,2023-08-31,CUST01242,New,North,Apparel,Yoga Pants,50.95,5,0,254.75,0.0,254.75,Credit Card,0
ORD102902,2023-08-31,CUST01941,Returning,South,Electronics,Smart Watch,166.07,3,0,498.21,0.0,498.21,Net Banking,1
ORD100945,2023-08-31,CUST01791,New,South,Beauty & Personal Care,Perfume,46.95,3,0,140.85,0.0,140.85,Debit Card,0
ORD102331,2023-09-01,CUST01916,New,Central,Electronics,Power Bank,86.74,3,15,260.22,39.03,221.19,Net Banking,0
ORD100042,2023-09-01,CUST04506,Returning,Central,Beauty & Personal Care,Hair Dryer,50.76,5,0,253.8,0.0,253.8,Credit Card,0
ORD105231,2023-09-01,CUST04881,New,North,Apparel,Running Shoes,56.65,5,15,283.25,42.49,240.76,Credit Card,0
ORD101150,2023-09-01,CUST01170,New,East,Home & Kitchen,Coffee Maker,46.17,3,5,138.51,6.93,131.58,UPI,0
ORD101364,2023-09-01,CUST04451,Returning,South,Home & Kitchen,Cookware Set,53.88,4,0,215.52,0.0,215.52,Net Banking,0
ORD105845,2023-09-02,CUST03535,VIP,Central,Beauty & Personal Care,Face Serum,72.14,2,5,144.28,7.21,137.07,Net Banking,0
ORD103401,2023-09-02,CUST04985,Returning,Central,Apparel,Yoga Pants,58.07,4,0,232.28,0.0,232.28,Credit Card,0
ORD105414,2023-09-02,CUST01329,VIP,South,Electronics,Smart Watch,117.59,3,0,352.77,0.0,352.77,Net Banking,0
ORD105699,2023-09-02,CUST01462,New,South,Apparel,Yoga Pants,93.2,3,0,279.6,0.0,279.6,Cash on Delivery,0
ORD103951,2023-09-02,CUST04485,New,South,Apparel,Denim Jacket,65.41,6,5,392.46,19.62,372.84,Credit Card,0
ORD104600,2023-09-02,CUST02576,Returning,East,Home & Kitchen,Air Fryer,126.41,1,15,126.41,18.96,107.45,UPI,0
ORD101480,2023-09-02,CUST01584,VIP,North,Electronics,Wireless Earbuds,238.4,5,0,1192.0,0.0,1192.0,UPI,0
ORD104179,2023-09-02,CUST02073,New,Central,Apparel,Cotton T-Shirt,113.4,5,15,567.0,85.05,481.95,Credit Card,0
ORD105305,2023-09-03,CUST04702,New,West,Electronics,Wireless Earbuds,203.04,9,15,1827.36,274.1,1553.26,Credit Card,0
ORD102447,2023-09-03,CUST03289,Returning,South,Sports & Outdoors,Dumbbell Set,107.33,2,0,214.66,0.0,214.66,UPI,0
ORD100379,2023-09-03,CUST03793,New,Central,Apparel,Yoga Pants,95.86,8,10,766.88,76.69,690.19,Cash on Delivery,0
ORD103473,2023-09-03,CUST02859,VIP,Central,Electronics,Bluetooth Speaker,236.98,3,10,710.94,71.09,639.85,UPI,0
ORD105746,2023-09-03,CUST03733,VIP,Central,Apparel,Denim Jacket,20.36,7,10,142.52,14.25,128.27,UPI,0
ORD101900,2023-09-03,CUST04557,Returning,West,Sports & Outdoors,Yoga Mat,38.47,4,20,153.88,30.78,123.1,Credit Card,0
ORD105372,2023-09-04,CUST03710,Returning,West,Beauty & Personal Care,Electric Trimmer,19.92,3,0,59.76,0.0,59.76,Credit Card,0
ORD100457,2023-09-04,CUST04071,Returning,West,Sports & Outdoors,Water Bottle,174.92,3,0,524.76,0.0,524.76,Cash on Delivery,0
ORD102989,2023-09-04,CUST01810,VIP,South,Sports & Outdoors,Water Bottle,32.97,2,10,65.94,6.59,59.35,Net Banking,0
ORD103995,2023-09-04,CUST04800,New,Central,Apparel,Yoga Pants,118.52,6,0,711.12,0.0,711.12,Cash on Delivery,0
ORD103953,2023-09-04,CUST03327,Returning,West,Electronics,Wireless Earbuds,129.3,3,0,387.9,0.0,387.9,UPI,0
ORD105026,2023-09-04,CUST03055,New,West,Beauty & Personal Care,Face Serum,41.73,2,10,83.46,8.35,75.11,Debit Card,0
ORD105245,2023-09-04,CUST04361,Returning,North,Electronics,Smart Watch,114.04,3,0,342.12,0.0,342.12,UPI,0
ORD105865,2023-09-04,CUST01255,New,North,Sports & Outdoors,Dumbbell Set,168.79,4,0,675.16,0.0,675.16,Credit Card,0
ORD100227,2023-09-04,CUST04923,New,South,Electronics,Power Bank,81.81,5,0,409.05,0.0,409.05,UPI,0
ORD104572,2023-09-04,CUST01076,VIP,North,Apparel,Yoga Pants,116.33,7,0,814.31,0.0,814.31,Credit Card,0
ORD105094,2023-09-04,CUST04942,Returning,West,Apparel,Winter Coat,22.92,3,10,68.76,6.88,61.88,Cash on Delivery,0
ORD104545,2023-09-04,CUST01478,Returning,South,Electronics,Bluetooth Speaker,154.17,6,5,925.02,46.25,878.77,Debit Card,0
ORD104354,2023-09-05,CUST03049,VIP,North,Electronics,Power Bank,46.16,5,5,230.8,11.54,219.26,Debit Card,0
ORD105550,2023-09-05,CUST02232,New,South,Apparel,Cotton T-Shirt,61.01,5,0,305.05,0.0,305.05,Debit Card,0
ORD103889,2023-09-05,CUST03657,New,North,Electronics,Smartphone Case,98.67,6,5,592.02,29.6,562.42,Credit Card,0
ORD104085,2023-09-05,CUST04878,Returning,West,Home & Kitchen,Vacuum Cleaner,125.9,2,5,251.8,12.59,239.21,UPI,0
ORD102295,2023-09-05,CUST01081,New,Central,Electronics,Smartphone Case,89.35,3,0,268.05,0.0,268.05,Credit Card,0
ORD104390,2023-09-05,CUST03259,New,West,Electronics,Smart Watch,219.03,1,0,219.03,0.0,219.03,UPI,1
ORD103044,2023-09-05,CUST01957,New,North,Sports & Outdoors,Dumbbell Set,156.37,3,0,469.11,0.0,469.11,Net Banking,0
ORD100794,2023-09-06,CUST04614,New,West,Sports & Outdoors,Yoga Mat,15.72,3,0,47.16,0.0,47.16,UPI,0
ORD100849,2023-09-06,CUST01847,New,West,Beauty & Personal Care,Electric Trimmer,76.54,4,0,306.16,0.0,306.16,Cash on Delivery,0
ORD105431,2023-09-06,CUST03993,Returning,East,Home & Kitchen,Air Fryer,85.03,5,0,425.15,0.0,425.15,UPI,0
ORD105319,2023-09-07,CUST02352,Returning,South,Electronics,Wireless Earbuds,78.18,4,5,312.72,15.64,297.08,UPI,0
ORD102825,2023-09-07,CUST03273,New,South,Beauty & Personal Care,Hair Dryer,35.12,5,0,175.6,0.0,175.6,Debit Card,0
ORD103264,2023-09-07,CUST04607,New,South,Home & Kitchen,Blender,23.09,6,0,138.54,0.0,138.54,Debit Card,0
ORD104702,2023-09-07,CUST04673,VIP,North,Sports & Outdoors,Camping Tent,150.52,3,20,451.56,90.31,361.25,UPI,0
ORD101891,2023-09-07,CUST02928,Returning,North,Beauty & Personal Care,Face Serum,36.12,5,5,180.6,9.03,171.57,UPI,0
ORD101426,2023-09-07,CUST02724,Returning,South,Beauty & Personal Care,Face Serum,89.79,6,0,538.74,0.0,538.74,Cash on Delivery,0
ORD100768,2023-09-07,CUST03505,Returning,East,Apparel,Winter Coat,45.1,3,0,135.3,0.0,135.3,Debit Card,0
ORD105272,2023-09-07,CUST04582,New,Central,Electronics,Wireless Earbuds,231.34,7,0,1619.38,0.0,1619.38,Credit Card,0
ORD105852,2023-09-08,CUST04706,Returning,East,Apparel,Cotton T-Shirt,10.76,3,5,32.28,1.61,30.67,UPI,0
ORD104619,2023-09-08,CUST03954,New,Central,Home & Kitchen,Vacuum Cleaner,176.66,4,0,706.64,0.0,706.64,Debit Card,0
ORD103073,2023-09-08,CUST02013,VIP,North,Electronics,Power Bank,36.98,3,0,110.94,0.0,110.94,Debit Card,1
ORD101577,2023-09-08,CUST04282,VIP,Central,Home & Kitchen,Coffee Maker,142.38,4,0,569.52,0.0,569.52,Credit Card,0
ORD101471,2023-09-08,CUST04989,Returning,South,Beauty & Personal Care,Hair Dryer,69.76,4,0,279.04,0.0,279.04,UPI,0
ORD101992,2023-09-08,CUST03772,VIP,East,Electronics,Power Bank,151.2,3,20,453.6,90.72,362.88,Cash on Delivery,0
ORD101970,2023-09-08,CUST03764,Returning,West,Home & Kitchen,Vacuum Cleaner,76.45,5,0,382.25,0.0,382.25,UPI,1
ORD101832,2023-09-08,CUST01984,Returning,West,Home & Kitchen,Blender,72.28,5,0,361.4,0.0,361.4,UPI,0
ORD100720,2023-09-08,CUST03652,Returning,West,Sports & Outdoors,Dumbbell Set,60.4,4,0,241.6,0.0,241.6,Cash on Delivery,0
ORD105537,2023-09-08,CUST02879,New,North,Apparel,Winter Coat,11.9,2,0,23.8,0.0,23.8,Debit Card,1
ORD100628,2023-09-09,CUST04311,Returning,Central,Home & Kitchen,Coffee Maker,174.85,4,0,699.4,0.0,699.4,Cash on Delivery,0
ORD104456,2023-09-09,CUST04934,Returning,Central,Home & Kitchen,Blender,117.49,5,0,587.45,0.0,587.45,UPI,0
ORD100084,2023-09-09,CUST04149,New,East,Beauty & Personal Care,Hair Dryer,43.27,4,0,173.08,0.0,173.08,Credit Card,1
ORD105250,2023-09-09,CUST02255,New,West,Beauty & Personal Care,Hair Dryer,55.23,4,0,220.92,0.0,220.92,Debit Card,0
ORD103751,2023-09-09,CUST01174,New,Central,Apparel,Cotton T-Shirt,48.17,5,0,240.85,0.0,240.85,Credit Card,0
ORD103929,2023-09-09,CUST03833,Returning,East,Home & Kitchen,Blender,138.89,5,0,694.45,0.0,694.45,Credit Card,0
ORD100601,2023-09-10,CUST01848,New,East,Electronics,Smartphone Case,233.3,6,5,1399.8,69.99,1329.81,Debit Card,0
ORD102401,2023-09-10,CUST02891,New,South,Sports & Outdoors,Camping Tent,146.98,5,15,734.9,110.24,624.66,Debit Card,0
ORD104823,2023-09-10,CUST04627,VIP,North,Electronics,Power Bank,136.86,4,0,547.44,0.0,547.44,Debit Card,0
ORD100515,2023-09-10,CUST02655,VIP,West,Apparel,Running Shoes,112.14,5,15,560.7,84.1,476.6,Debit Card,0
ORD102358,2023-09-10,CUST03732,Returning,North,Electronics,Bluetooth Speaker,97.17,4,5,388.68,19.43,369.25,UPI,0
ORD100030,2023-09-10,CUST04223,Returning,South,Electronics,Smartphone Case,86.08,7,0,602.56,0.0,602.56,Net Banking,0
ORD100864,2023-09-10,CUST02884,Returning,West,Electronics,Wireless Earbuds,125.06,6,0,750.36,0.0,750.36,Credit Card,0
ORD105610,2023-09-10,CUST04830,New,Central,Home & Kitchen,Air Fryer,28.54,2,0,57.08,0.0,57.08,Debit Card,0
ORD100712,2023-09-10,CUST02464,Returning,North,Apparel,Winter Coat,66.26,3,15,198.78,29.82,168.96,Credit Card,1
ORD100360,2023-09-10,CUST02563,New,Central,Home & Kitchen,Coffee Maker,25.7,5,0,128.5,0.0,128.5,Debit Card,0
ORD100270,2023-09-11,CUST04884,Returning,East,Beauty & Personal Care,Perfume,64.97,3,0,194.91,0.0,194.91,Cash on Delivery,0
ORD104138,2023-09-11,CUST02971,Returning,South,Beauty & Personal Care,Electric Trimmer,79.22,4,5,316.88,15.84,301.04,Credit Card,0
ORD102213,2023-09-11,CUST01636,Returning,North,Home & Kitchen,Coffee Maker,21.5,4,0,86.0,0.0,86.0,Credit Card,0
ORD101100,2023-09-11,CUST01262,New,East,Apparel,Running Shoes,41.33,3,0,123.99,0.0,123.99,Credit Card,0
ORD100292,2023-09-11,CUST01232,New,East,Beauty & Personal Care,Face Serum,44.5,5,0,222.5,0.0,222.5,Credit Card,0
ORD101072,2023-09-11,CUST01764,New,North,Home & Kitchen,Air Fryer,86.8,6,5,520.8,26.04,494.76,UPI,0
ORD102925,2023-09-11,CUST01792,VIP,Central,Electronics,Smart Watch,165.86,7,0,1161.02,0.0,1161.02,Debit Card,0
ORD104089,2023-09-11,CUST04659,VIP,West,Home & Kitchen,Blender,177.64,2,0,355.28,0.0,355.28,Net Banking,0
ORD102773,2023-09-11,CUST04249,VIP,Central,Apparel,Yoga Pants,105.58,5,0,527.9,0.0,527.9,Cash on Delivery,0
ORD100478,2023-09-11,CUST02217,VIP,West,Electronics,Smartphone Case,17.47,4,15,69.88,10.48,59.4,Cash on Delivery,0
ORD102389,2023-09-11,CUST02051,Returning,North,Sports & Outdoors,Yoga Mat,35.23,7,0,246.61,0.0,246.61,UPI,0
ORD103136,2023-09-12,CUST01058,Returning,North,Electronics,Power Bank,105.37,3,0,316.11,0.0,316.11,UPI,0
ORD103978,2023-09-12,CUST02223,Returning,South,Beauty & Personal Care,Hair Dryer,70.84,6,5,425.04,21.25,403.79,Credit Card,0
ORD105106,2023-09-12,CUST04092,Returning,North,Electronics,Wireless Earbuds,52.72,6,0,316.32,0.0,316.32,Debit Card,0
ORD100715,2023-09-13,CUST03603,Returning,East,Apparel,Running Shoes,29.92,10,0,299.2,0.0,299.2,UPI,0
ORD101273,2023-09-13,CUST04287,New,Central,Electronics,Wireless Earbuds,133.33,4,5,533.32,26.67,506.65,Credit Card,0
ORD104470,2023-09-13,CUST01467,Returning,East,Beauty & Personal Care,Skincare Kit,28.1,4,0,112.4,0.0,112.4,Net Banking,1
ORD104037,2023-09-13,CUST01388,Returning,South,Apparel,Yoga Pants,22.19,4,0,88.76,0.0,88.76,Credit Card,0
ORD105545,2023-09-13,CUST04732,VIP,West,Electronics,Wireless Earbuds,186.09,4,0,744.36,0.0,744.36,Credit Card,0
ORD104945,2023-09-13,CUST02220,Returning,South,Sports & Outdoors,Water Bottle,63.75,3,0,191.25,0.0,191.25,Credit Card,0
ORD102613,2023-09-13,CUST02534,New,South,Sports & Outdoors,Dumbbell Set,107.57,6,0,645.42,0.0,645.42,Credit Card,0
ORD104689,2023-09-13,CUST03159,VIP,East,Electronics,Smartphone Case,42.48,3,0,127.44,0.0,127.44,UPI,1
ORD100362,2023-09-13,CUST03955,Returning,South,Electronics,Wireless Earbuds,35.43,2,0,70.86,0.0,70.86,Credit Card,0
ORD101723,2023-09-14,CUST04873,Returning,North,Apparel,Running Shoes,49.65,2,0,99.3,0.0,99.3,Debit Card,0
ORD103564,2023-09-14,CUST01812,VIP,East,Electronics,Wireless Earbuds,60.27,3,0,180.81,0.0,180.81,UPI,1
ORD101949,2023-09-14,CUST02594,VIP,South,Sports & Outdoors,Dumbbell Set,71.01,3,15,213.03,31.95,181.08,Net Banking,0
ORD100861,2023-09-14,CUST03699,New,North,Sports & Outdoors,Cycling Helmet,199.25,5,0,996.25,0.0,996.25,Credit Card,0
ORD101632,2023-09-15,CUST04745,New,South,Home & Kitchen,Blender,165.42,4,0,661.68,0.0,661.68,UPI,0
ORD105578,2023-09-15,CUST04117,New,West,Home & Kitchen,Blender,73.86,3,0,221.58,0.0,221.58,UPI,0
ORD104803,2023-09-15,CUST01420,Returning,West,Sports & Outdoors,Yoga Mat,27.76,3,0,83.28,0.0,83.28,Net Banking,0
ORD104343,2023-09-15,CUST01609,Returning,South,Apparel,Winter Coat,49.44,7,5,346.08,17.3,328.78,UPI,0
ORD103311,2023-09-15,CUST04346,New,South,Home & Kitchen,Coffee Maker,127.44,7,0,892.08,0.0,892.08,Debit Card,0
ORD100492,2023-09-15,CUST02022,Returning,west,Home & Kitchen,Air Fryer,134.12,4,5,536.48,26.82,509.66,Cash on Delivery,0
ORD102256,2023-09-16,CUST02235,Returning,Central,Electronics,Bluetooth Speaker,207.89,7,5,1455.23,72.76,1382.47,Credit Card,0
ORD100180,2023-09-16,CUST02695,New,West,Electronics,Wireless Earbuds,245.75,8,15,1966.0,294.9,1671.1,UPI,0
ORD100986,2023-09-16,CUST02557,Returning,South,Home & Kitchen,Vacuum Cleaner,175.83,1,20,175.83,35.17,140.66,Debit Card,0
ORD100684,2023-09-16,CUST02945,New,West,Beauty & Personal Care,Skincare Kit,69.94,4,0,279.76,0.0,279.76,UPI,0
ORD101534,2023-09-16,CUST04317,Returning,East,Sports & Outdoors,Yoga Mat,124.6,6,0,747.6,0.0,747.6,UPI,0
ORD102960,2023-09-16,CUST02173,New,West,Apparel,Cotton T-Shirt,106.52,4,0,426.08,0.0,426.08,Debit Card,0
ORD103944,2023-09-17,CUST01650,Returning,West,Electronics,Smartphone Case,173.98,4,5,695.92,34.8,661.12,Debit Card,0
ORD104895,2023-09-17,CUST01344,Returning,West,Apparel,Yoga Pants,41.44,2,0,82.88,0.0,82.88,Credit Card,0
ORD102789,2023-09-17,CUST01448,New,Central,Electronics,Wireless Earbuds,137.5,3,10,412.5,41.25,371.25,Credit Card,0
ORD103645,2023-09-17,CUST01754,VIP,East,Electronics,Smart Watch,109.26,4,10,437.04,43.7,393.34,Debit Card,0
ORD102416,2023-09-17,CUST03174,Returning,South,Electronics,Bluetooth Speaker,201.65,2,5,403.3,20.17,383.13,Debit Card,0
ORD103573,2023-09-17,CUST01179,New,East,Home & Kitchen,Blender,56.38,5,0,281.9,0.0,281.9,Debit Card,0
ORD102754,2023-09-17,CUST03036,Returning,North,Apparel,Winter Coat,30.94,5,15,154.7,23.2,131.5,UPI,0
ORD102972,2023-09-17,CUST02402,VIP,West,Apparel,Running Shoes,114.76,6,0,688.56,0.0,688.56,UPI,0
ORD105963,2023-09-17,CUST03854,VIP,East,Sports & Outdoors,Yoga Mat,52.99,3,15,158.97,23.85,135.12,Credit Card,0
ORD102985,2023-09-17,CUST04899,Returning,North,Electronics,Smartphone Case,155.62,5,0,778.1,0.0,778.1,UPI,0
ORD104524,2023-09-18,CUST01479,New,North,Electronics,Smart Watch,227.17,5,0,1135.85,0.0,1135.85,Credit Card,0
ORD101933,2023-09-18,CUST02581,New,West,Beauty & Personal Care,Hair Dryer,22.72,5,0,113.6,0.0,113.6,UPI,0
ORD100990,2023-09-18,CUST02123,New,South,Electronics,Wireless Earbuds,120.16,3,0,360.48,0.0,360.48,Credit Card,0
ORD101086,2023-09-18,CUST04894,Returning,West,Apparel,Denim Jacket,112.55,3,5,337.65,16.88,320.77,Credit Card,1
ORD101571,2023-09-18,CUST01443,New,West,Home & Kitchen,Coffee Maker,111.44,10,15,1114.4,167.16,947.24,UPI,0
ORD102657,2023-09-18,CUST01095,New,Central,Electronics,Power Bank,35.77,6,15,214.62,32.19,182.43,UPI,0
ORD102541,2023-09-18,CUST02907,Returning,North,Apparel,Yoga Pants,77.36,2,5,154.72,7.74,146.98,UPI,0
ORD102785,2023-09-18,CUST02702,Returning,South,Beauty & Personal Care,Hair Dryer,76.5,3,0,229.5,0.0,229.5,Cash on Delivery,0
ORD104524,2023-09-18,CUST01479,New,North,Electronics,Smart Watch,227.17,5,0,1135.85,0.0,1135.85,Credit Card,0
ORD101272,2023-09-18,CUST03833,New,Central,Electronics,Wireless Earbuds,88.38,3,5,265.14,13.26,251.88,Net Banking,0
ORD104176,2023-09-19,CUST04622,New,East,Beauty & Personal Care,Hair Dryer,46.38,1,0,46.38,0.0,46.38,Debit Card,0
ORD103197,2023-09-19,CUST03578,Returning,Central,Beauty & Personal Care,Hair Dryer,48.88,5,0,244.4,0.0,244.4,Cash on Delivery,0
ORD101598,2023-09-19,CUST04586,New,South,Home & Kitchen,Air Fryer,103.61,3,0,310.83,0.0,310.83,Credit Card,0
ORD103202,2023-09-19,CUST04307,Returning,West,Electronics,Smart Watch,69.43,4,0,277.72,0.0,277.72,Debit Card,0
ORD105587,2023-09-19,CUST04136,New,West,Electronics,Smart Watch,19.59,6,10,117.54,11.75,105.79,Debit Card,0
ORD103399,2023-09-19,CUST02431,Returning,East,Electronics,Smart Watch,186.34,1,15,186.34,27.95,158.39,UPI,1
ORD102324,2023-09-19,CUST01909,Returning,Central,Electronics,Smartphone Case,201.2,3,0,603.6,0.0,603.6,Debit Card,0
ORD104372,2023-09-19,CUST04759,New,West,Apparel,Cotton T-Shirt,106.17,4,0,424.68,0.0,424.68,Net Banking,0
ORD103739,2023-09-20,CUST02167,New,North,Sports & Outdoors,Camping Tent,37.88,3,15,113.64,17.05,96.59,Credit Card,0
ORD105943,2023-09-20,CUST03836,New,East,Sports & Outdoors,Water Bottle,45.88,5,0,229.4,0.0,229.4,Debit Card,0
ORD100263,2023-09-20,CUST03333,Returning,East,Electronics,Wireless Earbuds,174.49,5,0,872.45,0.0,872.45,Debit Card,0
ORD102142,2023-09-20,CUST02712,Returning,West,Apparel,Winter Coat,82.99,6,20,497.94,99.59,398.35,UPI,0
ORD102412,2023-09-20,CUST04595,Returning,South,Home & Kitchen,Cookware Set,63.82,3,0,191.46,0.0,191.46,UPI,0
ORD105602,2023-09-20,CUST04174,VIP,South,Home & Kitchen,Air Fryer,166.64,4,0,666.56,0.0,666.56,Credit Card,0
ORD102215,2023-09-20,CUST01056,New,Central,Electronics,Smart Watch,182.67,2,0,365.34,0.0,365.34,UPI,0
ORD101215,2023-09-21,CUST04758,New,Central,Apparel,Yoga Pants,69.61,2,0,139.22,0.0,139.22,Debit Card,0
ORD104804,2023-09-21,CUST04884,New,South,Home & Kitchen,Cookware Set,50.88,4,15,203.52,30.53,172.99,Credit Card,0
ORD100416,2023-09-21,CUST03926,New,Central,Beauty & Personal Care,Face Serum,63.38,4,0,253.52,0.0,253.52,Net Banking,0
ORD104954,2023-09-21,CUST03685,Returning,Central,Beauty & Personal Care,Perfume,8.43,4,5,33.72,1.69,32.03,UPI,0
ORD103545,2023-09-21,CUST03313,Returning,West,Apparel,Yoga Pants,20.06,5,5,100.3,5.02,95.28,Credit Card,0
ORD101238,2023-09-21,CUST04777,Returning,South,Electronics,Smartphone Case,158.57,5,0,792.85,0.0,792.85,UPI,0
ORD102266,2023-09-21,CUST03548,New,South,Home & Kitchen,Blender,68.08,5,0,340.4,0.0,340.4,Debit Card,0
ORD101826,2023-09-21,CUST03575,New,Central,Home & Kitchen,Blender,88.49,4,0,353.96,0.0,353.96,Credit Card,0
ORD103993,2023-09-22,CUST01883,New,East,Home & Kitchen,Coffee Maker,129.34,5,0,646.7,0.0,646.7,UPI,0
ORD105181,2023-09-22,CUST02653,Returning,West,Sports & Outdoors,Dumbbell Set,177.57,3,0,532.71,0.0,532.71,Credit Card,0
ORD100566,2023-09-22,CUST02372,Returning,West,Electronics,Power Bank,135.42,5,0,677.1,0.0,677.1,Credit Card,0
ORD103571,2023-09-22,CUST02245,New,North,Beauty & Personal Care,Skincare Kit,36.31,4,0,145.24,0.0,145.24,UPI,0
ORD103118,2023-09-22,CUST04338,Returning,South,Apparel,Running Shoes,48.0,4,5,192.0,9.6,182.4,UPI,0
ORD104719,2023-09-22,CUST04648,New,East,Electronics,Bluetooth Speaker,214.52,9,0,1930.68,0.0,1930.68,Net Banking,0
ORD103002,2023-09-22,CUST02968,New,South,Sports & Outdoors,Water Bottle,24.08,4,10,96.32,9.63,86.69,Credit Card,0
ORD104349,2023-09-23,CUST01811,New,South,Sports & Outdoors,Camping Tent,124.2,4,15,496.8,74.52,422.28,UPI,0
ORD101486,2023-09-23,CUST03367,VIP,Central,Sports & Outdoors,Water Bottle,70.46,2,0,140.92,0.0,140.92,Cash on Delivery,0
ORD102356,2023-09-23,CUST01544,New,Central,Apparel,Yoga Pants,75.43,4,15,301.72,45.26,256.46,Credit Card,0
ORD103293,2023-09-23,CUST04125,New,South,Electronics,Bluetooth Speaker,191.59,4,0,766.36,0.0,766.36,Debit Card,0
ORD105016,2023-09-23,CUST01098,New,East,Home & Kitchen,Coffee Maker,157.58,8,0,1260.64,0.0,1260.64,Debit Card,0
ORD104026,2023-09-23,CUST03794,New,East,Electronics,Smart Watch,228.58,5,20,1142.9,228.58,914.32,UPI,0
ORD104733,2023-09-24,CUST03374,New,East,Home & Kitchen,Coffee Maker,152.43,7,0,1067.01,0.0,1067.01,Cash on Delivery,0
ORD102087,2023-09-24,CUST01597,New,South,Home & Kitchen,Vacuum Cleaner,57.23,3,5,171.69,8.58,163.11,Credit Card,0
ORD103864,2023-09-24,CUST01061,New,West,Home & Kitchen,Coffee Maker,79.0,4,0,316.0,0.0,316.0,Credit Card,0
ORD103469,2023-09-24,CUST03916,New,Central,Electronics,Smartphone Case,41.87,3,15,125.61,18.84,106.77,Credit Card,0
ORD101558,2023-09-24,CUST03815,New,South,Apparel,Running Shoes,77.32,1,20,77.32,15.46,61.86,Credit Card,0
ORD105944,2023-09-24,CUST04963,New,South,Beauty & Personal Care,Perfume,80.33,4,0,321.32,0.0,321.32,Cash on Delivery,0
ORD104962,2023-09-25,CUST03111,New,West,Beauty & Personal Care,Skincare Kit,65.85,4,0,263.4,0.0,263.4,Credit Card,0
ORD102939,2023-09-25,CUST02689,New,West,Apparel,Denim Jacket,19.52,5,5,97.6,4.88,92.72,Credit Card,0
ORD102957,2023-09-25,CUST04004,New,East,Home & Kitchen,Air Fryer,135.82,2,0,271.64,0.0,271.64,UPI,0
ORD103313,2023-09-25,CUST04722,Returning,South,Electronics,Smartphone Case,212.58,5,5,1062.9,53.15,1009.75,Cash on Delivery,0
ORD105188,2023-09-25,CUST04728,Returning,Central,Home & Kitchen,Cookware Set,93.59,6,5,561.54,28.08,533.46,Credit Card,0
ORD103143,2023-09-25,CUST04304,VIP,East,Home & Kitchen,Coffee Maker,176.49,4,0,705.96,0.0,705.96,Cash on Delivery,0
ORD103258,2023-09-25,CUST04829,VIP,South,Electronics,Power Bank,175.87,2,0,351.74,0.0,351.74,Net Banking,1
ORD102939,2023-09-25,CUST02689,New,West,Apparel,Denim Jacket,19.52,5,5,97.6,4.88,92.72,Credit Card,0
ORD100504,2023-09-25,CUST01633,Returning,West,Beauty & Personal Care,Perfume,30.21,8,0,241.68,0.0,241.68,Debit Card,0
ORD101415,2023-09-25,CUST02934,New,East,Apparel,Denim Jacket,78.17,5,0,390.85,0.0,390.85,UPI,0
ORD101902,2023-09-25,CUST01516,Returning,South,Electronics,Bluetooth Speaker,36.98,5,10,184.9,18.49,166.41,Cash on Delivery,0
ORD100773,2023-09-25,CUST01178,VIP,North,Sports & Outdoors,Water Bottle,198.17,3,0,594.51,0.0,594.51,Cash on Delivery,0
ORD101328,2023-09-25,CUST04422,Returning,West,Beauty & Personal Care,Face Serum,63.15,1,0,63.15,0.0,63.15,UPI,0
ORD100202,2023-09-25,CUST03812,Returning,Central,Electronics,Wireless Earbuds,17.59,3,5,52.77,2.64,50.13,Credit Card,0
ORD105412,2023-09-26,CUST03336,New,North,Beauty & Personal Care,Hair Dryer,37.68,3,10,113.04,11.3,101.74,UPI,0
ORD105956,2023-09-26,CUST01594,New,North,Apparel,Running Shoes,55.78,3,0,167.34,0.0,167.34,Credit Card,0
ORD104732,2023-09-26,CUST02598,VIP,South,Electronics,Wireless Earbuds,139.0,3,15,417.0,62.55,354.45,Credit Card,0
ORD104607,2023-09-26,CUST04968,New,Central,Sports & Outdoors,Camping Tent,131.67,3,0,395.01,0.0,395.01,Credit Card,0
ORD100426,2023-09-26,CUST02186,VIP,Central,Apparel,Yoga Pants,21.66,2,5,43.32,2.17,41.15,Credit Card,0
ORD102983,2023-09-26,CUST02151,Returning,Central,Electronics,Bluetooth Speaker,244.42,5,0,1222.1,0.0,1222.1,UPI,0
ORD105239,2023-09-26,CUST04966,VIP,East,Apparel,Denim Jacket,92.7,3,0,278.1,0.0,278.1,Cash on Delivery,0
ORD101020,2023-09-27,CUST01418,New,South,Sports & Outdoors,Cycling Helmet,189.44,6,0,1136.64,0.0,1136.64,UPI,0
ORD101945,2023-09-27,CUST02679,New,South,Home & Kitchen,Air Fryer,57.81,2,0,115.62,0.0,115.62,UPI,0
ORD104200,2023-09-27,CUST02691,New,East,Apparel,Yoga Pants,105.86,7,0,741.02,0.0,741.02,UPI,0
ORD105071,2023-09-27,CUST02485,New,Central,Sports & Outdoors,Yoga Mat,199.0,7,15,1393.0,208.95,1184.05,UPI,0
ORD100079,2023-09-27,CUST01560,New,East,Electronics,Smartphone Case,109.0,2,15,218.0,32.7,185.3,Debit Card,0
ORD103092,2023-09-27,CUST01690,Returning,East,Electronics,Smartphone Case,171.96,5,0,859.8,0.0,859.8,Credit Card,0
ORD105533,2023-09-27,CUST01746,New,North,Apparel,Winter Coat,55.14,3,0,165.42,0.0,165.42,Net Banking,0
ORD101678,2023-09-27,CUST03633,New,Central,Apparel,Yoga Pants,34.5,3,0,103.5,0.0,103.5,Debit Card,0
ORD102812,2023-09-27,CUST03347,New,East,Beauty & Personal Care,Skincare Kit,60.89,5,10,304.45,30.44,274.01,Net Banking,0
ORD104069,2023-09-28,CUST03767,New,South,Electronics,Smart Watch,60.91,1,20,60.91,12.18,48.73,UPI,0
ORD105286,2023-09-28,CUST04514,VIP,West,Home & Kitchen,Cookware Set,49.38,8,10,395.04,39.5,355.54,Credit Card,0
ORD100002,2023-09-28,CUST04834,New,South,Electronics,Smart Watch,174.42,3,15,523.26,78.49,444.77,UPI,0
ORD100080,2023-09-28,CUST02074,New,West,Home & Kitchen,Cookware Set,21.18,3,0,63.54,0.0,63.54,Debit Card,1
ORD105039,2023-09-28,CUST03356,New,Central,Electronics,Bluetooth Speaker,204.79,3,0,614.37,0.0,614.37,UPI,0
ORD101703,2023-09-28,CUST01248,Returning,East,Apparel,Cotton T-Shirt,12.26,5,0,61.3,0.0,61.3,Cash on Delivery,0
ORD101729,2023-09-28,CUST04803,New,South,Electronics,Smartphone Case,86.99,5,0,434.95,0.0,434.95,UPI,0
ORD104385,2023-09-28,CUST01744,New,South,Electronics,Bluetooth Speaker,71.89,3,10,215.67,21.57,194.1,Net Banking,0
ORD105144,2023-09-29,CUST03740,New,Central,Sports & Outdoors,Yoga Mat,75.94,1,0,75.94,0.0,75.94,Credit Card,0
ORD101482,2023-09-29,CUST03511,New,Central,Apparel,Running Shoes,76.34,5,0,381.7,0.0,381.7,Net Banking,0
ORD104132,2023-09-29,CUST01999,Returning,East,Apparel,Yoga Pants,51.84,6,20,311.04,62.21,248.83,Cash on Delivery,0
ORD103041,2023-09-29,CUST03816,Returning,North,Home & Kitchen,Vacuum Cleaner,120.86,5,0,604.3,0.0,604.3,Debit Card,0
ORD100452,2023-09-29,CUST01195,New,East,Electronics,Power Bank,135.8,7,0,950.6,0.0,950.6,Credit Card,0
ORD103927,2023-09-29,CUST03533,New,Central,Electronics,Smartphone Case,123.71,5,10,618.55,61.86,556.69,Debit Card,0
ORD105197,2023-09-30,CUST04233,Returning,Central,Apparel,Cotton T-Shirt,61.84,6,0,371.04,0.0,371.04,Debit Card,0
ORD100552,2023-09-30,CUST04989,Returning,North,Electronics,Power Bank,18.64,2,0,37.28,0.0,37.28,Net Banking,0
ORD105127,2023-09-30,CUST03810,New,South,Home & Kitchen,Blender,176.91,3,0,530.73,0.0,530.73,UPI,0
ORD102708,2023-09-30,CUST01691,VIP,East,Sports & Outdoors,Cycling Helmet,198.4,3,5,595.2,29.76,565.44,Credit Card,0
ORD105222,2023-09-30,CUST02827,Returning,North,Electronics,Smartphone Case,50.42,9,0,453.78,0.0,453.78,UPI,0
ORD101755,2023-09-30,CUST03614,New,North,Electronics,Smart Watch,63.39,5,0,316.95,0.0,316.95,Net Banking,0
ORD102580,2023-09-30,CUST01898,Returning,North,Home & Kitchen,Cookware Set,69.99,2,5,139.98,7.0,132.98,Net Banking,0
ORD103036,2023-09-30,CUST03264,VIP,South,Home & Kitchen,Air Fryer,99.16,4,0,396.64,0.0,396.64,Credit Card,0
ORD103453,2023-09-30,CUST02953,New,Central,Home & Kitchen,Cookware Set,123.24,2,15,246.48,36.97,209.51,Cash on Delivery,0
ORD100896,2023-09-30,CUST01949,New,South,Beauty & Personal Care,Face Serum,24.88,2,5,49.76,2.49,47.27,UPI,0
ORD101443,2023-09-30,CUST04978,Returning,North,Sports & Outdoors,Yoga Mat,32.38,2,5,64.76,3.24,61.52,Credit Card,0
ORD105987,2023-09-30,CUST04763,New,East,Sports & Outdoors,Dumbbell Set,130.28,4,5,521.12,26.06,495.06,Credit Card,0
ORD103949,2023-09-30,CUST04896,VIP,East,Apparel,Denim Jacket,109.66,3,0,328.98,0.0,328.98,UPI,0
ORD100049,2023-10-01,CUST02759,Returning,South,Sports & Outdoors,Water Bottle,36.04,6,0,216.24,0.0,216.24,Credit Card,0
ORD101473,2023-10-01,CUST03727,New,South,Sports & Outdoors,Camping Tent,104.27,3,5,312.81,15.64,297.17,Cash on Delivery,0
ORD101770,2023-10-01,CUST04136,VIP,Central,Electronics,Bluetooth Speaker,104.59,2,5,209.18,10.46,198.72,UPI,0
ORD100887,2023-10-01,CUST02572,VIP,North,Beauty & Personal Care,Perfume,63.52,2,0,127.04,0.0,127.04,Credit Card,0
ORD104014,2023-10-01,CUST02662,Returning,South,Electronics,Smart Watch,180.56,3,0,541.68,0.0,541.68,Debit Card,0
ORD103740,2023-10-01,CUST04932,New,North,Sports & Outdoors,Cycling Helmet,191.77,3,0,575.31,0.0,575.31,UPI,0
ORD103939,2023-10-01,CUST01412,Returning,West,Apparel,Running Shoes,90.6,1,5,90.6,4.53,86.07,UPI,0
ORD103100,2023-10-02,CUST04967,New,West,Beauty & Personal Care,Perfume,72.19,5,15,360.95,54.14,306.81,Cash on Delivery,0
ORD101393,2023-10-02,CUST02381,New,South,Apparel,Yoga Pants,71.34,3,0,214.02,0.0,214.02,Net Banking,0
ORD105933,2023-10-02,CUST02472,New,Central,Sports & Outdoors,Yoga Mat,55.22,4,0,220.88,0.0,220.88,Debit Card,0
ORD104424,2023-10-02,CUST02919,VIP,East,Home & Kitchen,Blender,61.3,5,0,306.5,0.0,306.5,Credit Card,0
ORD104810,2023-10-03,CUST03088,VIP,Central,Sports & Outdoors,Water Bottle,31.7,1,15,31.7,4.76,26.94,Credit Card,0
ORD101951,2023-10-03,CUST02660,Returning,East,Sports & Outdoors,Yoga Mat,177.93,3,0,533.79,0.0,533.79,Net Banking,0
ORD104859,2023-10-03,CUST03108,VIP,North,Sports & Outdoors,Dumbbell Set,42.69,7,0,298.83,0.0,298.83,Debit Card,0
ORD104958,2023-10-03,CUST02280,VIP,Central,Beauty & Personal Care,Face Serum,81.61,3,0,244.83,0.0,244.83,UPI,0
ORD101988,2023-10-03,CUST03947,Returning,North,Beauty & Personal Care,Skincare Kit,50.4,4,0,201.6,0.0,201.6,Cash on Delivery,0
ORD105898,2023-10-03,CUST01014,New,East,Home & Kitchen,Air Fryer,44.9,2,0,89.8,0.0,89.8,Cash on Delivery,0
ORD103152,2023-10-03,CUST02216,New,South,Apparel,Running Shoes,115.64,3,15,346.92,52.04,294.88,UPI,1
ORD105122,2023-10-03,CUST02432,New,South,Sports & Outdoors,Yoga Mat,135.53,3,0,406.59,0.0,406.59,Cash on Delivery,0
ORD104971,2023-10-03,CUST03172,Returning,Central,Electronics,Smart Watch,154.42,1,10,154.42,15.44,138.98,Debit Card,0
ORD100329,2023-10-04,CUST03693,New,West,Apparel,Running Shoes,25.52,3,0,76.56,0.0,76.56,Credit Card,0
ORD104500,2023-10-04,CUST04818,VIP,East,Home & Kitchen,Vacuum Cleaner,159.25,8,5,1274.0,63.7,1210.3,Debit Card,0
ORD100534,2023-10-04,CUST03241,New,Central,Apparel,Yoga Pants,118.49,2,0,236.98,0.0,236.98,Cash on Delivery,0
ORD100307,2023-10-04,CUST02930,Returning,East,Beauty & Personal Care,Perfume,23.15,1,10,23.15,2.32,20.83,UPI,0
ORD103532,2023-10-04,CUST03856,New,South,Apparel,Yoga Pants,24.95,6,0,149.7,0.0,149.7,Net Banking,0
ORD100933,2023-10-04,CUST02550,Returning,East,Sports & Outdoors,Camping Tent,15.49,4,0,61.96,0.0,61.96,UPI,0
ORD103020,2023-10-04,CUST03406,Returning,East,Beauty & Personal Care,Face Serum,13.8,4,5,55.2,2.76,52.44,Credit Card,0
ORD102527,2023-10-04,CUST04752,Returning,North,Sports & Outdoors,Yoga Mat,54.36,3,0,163.08,0.0,163.08,Debit Card,0
ORD102164,2023-10-04,CUST02930,VIP,West,Beauty & Personal Care,Skincare Kit,27.24,6,0,163.44,0.0,163.44,Credit Card,0
ORD103327,2023-10-04,CUST02627,New,South,Home & Kitchen,Vacuum Cleaner,40.57,6,0,243.42,0.0,243.42,UPI,0
ORD103896,2023-10-04,CUST03797,New,South,Beauty & Personal Care,Face Serum,88.61,2,15,177.22,26.58,150.64,Cash on Delivery,0
ORD104886,2023-10-04,CUST04576,VIP,South,Home & Kitchen,Cookware Set,117.62,4,0,470.48,0.0,470.48,UPI,0
ORD100025,2023-10-04,CUST03815,Returning,Central,Apparel,Denim Jacket,90.95,2,5,181.9,9.1,172.8,Credit Card,0
ORD102906,2023-10-04,CUST02928,New,South,Sports & Outdoors,Water Bottle,165.62,2,0,331.24,0.0,331.24,Debit Card,0
ORD101297,2023-10-05,CUST03423,Returning,North,Beauty & Personal Care,Face Serum,40.14,7,15,280.98,42.15,238.83,Credit Card,0
ORD105669,2023-10-05,CUST01119,New,Central,Electronics,Power Bank,48.36,3,0,145.08,0.0,145.08,Credit Card,0
ORD103421,2023-10-05,CUST02837,Returning,South,Home & Kitchen,Air Fryer,99.74,4,0,398.96,0.0,398.96,Credit Card,0
ORD103849,2023-10-05,CUST03042,VIP,Central,Sports & Outdoors,Yoga Mat,10.64,5,0,53.2,0.0,53.2,Credit Card,1
ORD104033,2023-10-05,CUST04535,New,North,Electronics,Wireless Earbuds,134.63,7,0,942.41,0.0,942.41,Credit Card,0
ORD101662,2023-10-05,CUST02693,New,North,Sports & Outdoors,Camping Tent,81.81,2,0,163.62,0.0,163.62,Cash on Delivery,0
ORD105377,2023-10-05,CUST04443,New,South,Beauty & Personal Care,Hair Dryer,51.04,7,20,357.28,71.46,285.82,Credit Card,0
ORD102632,2023-10-05,CUST01232,Returning,South,Home & Kitchen,Vacuum Cleaner,27.62,5,0,138.1,0.0,138.1,Net Banking,0
ORD103033,2023-10-06,CUST01179,New,West,Sports & Outdoors,Cycling Helmet,70.83,10,0,708.3,0.0,708.3,Net Banking,0
ORD102289,2023-10-06,CUST04206,Returning,West,Apparel,Yoga Pants,62.48,4,5,249.92,12.5,237.42,UPI,0
ORD104087,2023-10-06,CUST03924,Returning,West,Sports & Outdoors,Yoga Mat,144.17,3,0,432.51,0.0,432.51,UPI,0
ORD102067,2023-10-06,CUST02763,Returning,South,Home & Kitchen,Coffee Maker,95.17,6,0,571.02,0.0,571.02,UPI,0
ORD100550,2023-10-06,CUST01386,New,East,Sports & Outdoors,Camping Tent,68.44,2,5,136.88,6.84,130.04,UPI,0
ORD105132,2023-10-06,CUST04163,VIP,West,Electronics,Wireless Earbuds,72.39,4,0,289.56,0.0,289.56,Credit Card,0
ORD103323,2023-10-06,CUST04272,Returning,East,Electronics,Power Bank,198.67,3,0,596.01,0.0,596.01,Credit Card,0
ORD103446,2023-10-07,CUST03117,New,West,Electronics,Smart Watch,204.27,4,5,817.08,40.85,776.23,UPI,0
ORD101279,2023-10-07,CUST02817,Returning,Central,Sports & Outdoors,Water Bottle,33.46,6,0,200.76,0.0,200.76,Credit Card,0
ORD100234,2023-10-07,CUST01568,New,South,Sports & Outdoors,Cycling Helmet,29.75,5,10,148.75,14.88,133.87,UPI,0
ORD100350,2023-10-07,CUST03123,New,Central,Apparel,Running Shoes,96.61,3,15,289.83,43.47,246.36,UPI,0
ORD100234,2023-10-07,CUST01568,New,South,Sports & Outdoors,Cycling Helmet,29.75,5,10,148.75,14.88,133.87,UPI,0
ORD104073,2023-10-07,CUST04525,New,West,Beauty & Personal Care,Skincare Kit,80.3,5,15,401.5,60.22,341.28,Cash on Delivery,0
ORD102223,2023-10-07,CUST03203,New,West,Home & Kitchen,Blender,177.84,5,20,889.2,177.84,711.36,Credit Card,0
ORD105789,2023-10-07,CUST03781,Returning,East,Sports & Outdoors,Dumbbell Set,104.75,5,0,523.75,0.0,523.75,UPI,0
ORD103090,2023-10-08,CUST03862,Returning,West,Electronics,Smartphone Case,221.63,5,0,1108.15,0.0,1108.15,Credit Card,0
ORD102647,2023-10-08,CUST02249,New,North,Electronics,Smartphone Case,56.74,3,0,170.22,0.0,170.22,Debit Card,0
ORD101294,2023-10-08,CUST04500,New,West,Home & Kitchen,Blender,93.41,3,5,280.23,14.01,266.22,Credit Card,1
ORD105548,2023-10-08,CUST04229,Returning,West,Beauty & Personal Care,Hair Dryer,6.61,2,0,13.22,0.0,13.22,Credit Card,0
ORD105640,2023-10-08,CUST04964,New,North,Apparel,Denim Jacket,56.24,6,10,337.44,33.74,303.7,Debit Card,0
ORD103621,2023-10-08,CUST02698,Returning,South,Apparel,Running Shoes,55.33,2,20,110.66,22.13,88.53,UPI,0
ORD100823,2023-10-08,CUST02903,Returning,West,Electronics,Bluetooth Speaker,223.75,4,0,895.0,0.0,895.0,Debit Card,0
ORD100925,2023-10-09,CUST03311,VIP,East,Home & Kitchen,Cookware Set,59.84,5,0,299.2,0.0,299.2,Credit Card,0
ORD101976,2023-10-09,CUST01126,Returning,Central,Electronics,Smart Watch,77.12,6,0,462.72,0.0,462.72,Debit Card,0
ORD105276,2023-10-09,CUST04265,New,Central,Apparel,Running Shoes,50.78,2,5,101.56,5.08,96.48,Debit Card,0
ORD104042,2023-10-09,CUST03644,Returning,Central,Apparel,Denim Jacket,103.62,5,5,518.1,25.9,492.2,UPI,0
ORD100729,2023-10-09,CUST01792,New,Central,Sports & Outdoors,Water Bottle,191.34,4,0,765.36,0.0,765.36,Cash on Delivery,0
ORD104604,2023-10-09,CUST01802,Returning,East,Sports & Outdoors,Yoga Mat,57.56,2,0,115.12,0.0,115.12,UPI,0
ORD105292,2023-10-09,CUST03069,New,South,Home & Kitchen,Vacuum Cleaner,128.02,1,10,128.02,12.8,115.22,Credit Card,0
ORD104209,2023-10-10,CUST01534,Returning,West,Sports & Outdoors,Dumbbell Set,177.94,6,0,1067.64,0.0,1067.64,Debit Card,0
ORD101096,2023-10-10,CUST04117,Returning,West,Apparel,Winter Coat,86.65,2,15,173.3,26.0,147.3,UPI,1
ORD103204,2023-10-10,CUST02301,New,North,Sports & Outdoors,Cycling Helmet,100.13,5,0,500.65,0.0,500.65,Net Banking,1
ORD100177,2023-10-10,CUST03026,New,East,Electronics,Power Bank,117.48,4,0,469.92,0.0,469.92,Credit Card,0
ORD100326,2023-10-10,CUST04483,Returning,East,Electronics,Smart Watch,171.93,1,0,171.93,0.0,171.93,Debit Card,0
ORD102624,2023-10-10,CUST02377,New,West,Apparel,Yoga Pants,47.91,6,0,287.46,0.0,287.46,UPI,0
ORD105753,2023-10-10,CUST03077,VIP,North,Sports & Outdoors,Cycling Helmet,150.4,4,0,601.6,0.0,601.6,Credit Card,0
ORD104074,2023-10-10,CUST03803,New,East,Home & Kitchen,Air Fryer,128.64,3,0,385.92,0.0,385.92,Credit Card,0
ORD104246,2023-10-10,CUST03263,New,North,Home & Kitchen,Vacuum Cleaner,133.2,5,0,666.0,0.0,666.0,Debit Card,0
ORD104333,2023-10-10,CUST04610,New,Central,Home & Kitchen,Coffee Maker,91.1,3,0,273.3,0.0,273.3,Cash on Delivery,0
ORD104496,2023-10-10,CUST04496,New,North,Home & Kitchen,Coffee Maker,24.06,2,5,48.12,2.41,45.71,Debit Card,0
ORD105599,2023-10-10,CUST01481,New,West,Apparel,Denim Jacket,29.18,5,0,145.9,0.0,145.9,Net Banking,0
ORD105283,2023-10-10,CUST02215,Returning,South,Sports & Outdoors,Yoga Mat,96.32,3,0,288.96,0.0,288.96,Credit Card,0
ORD102961,2023-10-10,CUST01293,Returning,East,Sports & Outdoors,Cycling Helmet,154.33,4,0,617.32,0.0,617.32,Credit Card,0
ORD101956,2023-10-11,CUST03492,New,East,Apparel,Denim Jacket,17.73,4,0,70.92,0.0,70.92,Debit Card,0
ORD100331,2023-10-11,CUST03290,New,North,Sports & Outdoors,Dumbbell Set,106.63,2,0,213.26,0.0,213.26,Debit Card,0
ORD102501,2023-10-11,CUST04627,New,South,Sports & Outdoors,Dumbbell Set,141.37,4,5,565.48,28.27,537.21,UPI,1
ORD103460,2023-10-11,CUST02324,New,South,Apparel,Denim Jacket,89.87,5,0,449.35,0.0,449.35,Credit Card,0
ORD104358,2023-10-11,CUST01891,New,Central,Apparel,Winter Coat,98.45,5,0,492.25,0.0,492.25,Credit Card,1
ORD105467,2023-10-11,CUST03789,VIP,North,Electronics,Wireless Earbuds,127.92,3,0,383.76,0.0,383.76,Debit Card,0
ORD103102,2023-10-11,CUST01729,New,Central,Electronics,Smart Watch,47.42,2,0,94.84,0.0,94.84,Cash on Delivery,0
ORD101170,2023-10-12,CUST03863,Returning,West,Beauty & Personal Care,Electric Trimmer,76.33,6,0,457.98,0.0,457.98,UPI,0
ORD104533,2023-10-12,CUST02417,New,West,Electronics,Bluetooth Speaker,88.96,3,0,266.88,0.0,266.88,Credit Card,0
ORD100464,2023-10-12,CUST02841,New,North,Beauty & Personal Care,Face Serum,11.71,2,0,23.42,0.0,23.42,Net Banking,0
ORD105782,2023-10-12,CUST04320,Returning,Central,Electronics,Bluetooth Speaker,107.72,2,0,215.44,0.0,215.44,Credit Card,1
ORD100510,2023-10-12,CUST01176,New,North,Apparel,Running Shoes,16.83,5,0,84.15,0.0,84.15,UPI,0
ORD101681,2023-10-12,CUST01264,VIP,South,Beauty & Personal Care,Electric Trimmer,34.67,4,0,138.68,0.0,138.68,Credit Card,0
ORD101697,2023-10-12,CUST04133,New,West,Beauty & Personal Care,Perfume,28.69,5,0,143.45,0.0,143.45,UPI,1
ORD105638,2023-10-12,CUST02386,New,North,Electronics,Smartphone Case,49.86,3,10,149.58,14.96,134.62,Net Banking,0
ORD101260,2023-10-12,CUST04440,Returning,West,Electronics,Power Bank,70.62,4,0,282.48,0.0,282.48,Credit Card,0
ORD101196,2023-10-12,CUST02994,New,West,Home & Kitchen,Blender,63.33,4,5,253.32,12.67,240.65,UPI,0
ORD103117,2023-10-13,CUST02179,Returning,East,Sports & Outdoors,Cycling Helmet,14.01,5,0,70.05,0.0,70.05,Cash on Delivery,0
ORD105148,2023-10-13,CUST03931,VIP,South,Home & Kitchen,Vacuum Cleaner,167.92,6,0,1007.52,0.0,1007.52,Debit Card,0
ORD102299,2023-10-13,CUST02502,Returning,North,Apparel,Winter Coat,24.19,4,0,96.76,0.0,96.76,Credit Card,0
ORD101200,2023-10-13,CUST04544,New,Central,Electronics,Smart Watch,246.77,1,0,246.77,0.0,246.77,Credit Card,0
ORD103539,2023-10-13,CUST02464,New,North,Sports & Outdoors,Cycling Helmet,123.77,5,5,618.85,30.94,587.91,Debit Card,0
ORD103521,2023-10-14,CUST04610,New,Central,Sports & Outdoors,Cycling Helmet,118.14,7,15,826.98,124.05,702.93,UPI,0
ORD105111,2023-10-14,CUST02360,New,North,Beauty & Personal Care,Electric Trimmer,85.15,4,10,340.6,34.06,306.54,UPI,0
ORD105470,2023-10-14,CUST01437,New,Central,Home & Kitchen,Blender,52.98,4,0,211.92,0.0,211.92,UPI,0
ORD105846,2023-10-14,CUST02404,Returning,East,Beauty & Personal Care,Perfume,67.85,6,20,407.1,81.42,325.68,Credit Card,0
ORD102272,2023-10-14,CUST01355,Returning,North,Home & Kitchen,Blender,159.44,6,0,956.64,0.0,956.64,Debit Card,0
ORD102394,2023-10-14,CUST02850,New,North,Beauty & Personal Care,Hair Dryer,51.09,5,0,255.45,0.0,255.45,UPI,0
ORD101940,2023-10-14,CUST02419,New,North,Sports & Outdoors,Cycling Helmet,197.86,3,5,593.58,29.68,563.9,Credit Card,0
ORD101323,2023-10-14,CUST01914,New,Central,Apparel,Denim Jacket,67.34,6,5,404.04,20.2,383.84,Credit Card,1
ORD102036,2023-10-14,CUST04062,New,West,Home & Kitchen,Air Fryer,24.21,5,0,121.05,0.0,121.05,UPI,0
ORD105265,2023-10-14,CUST02661,Returning,West,Apparel,Yoga Pants,88.04,4,20,352.16,70.43,281.73,Debit Card,0
ORD105689,2023-10-15,CUST01689,New,East,Home & Kitchen,Vacuum Cleaner,22.93,4,0,91.72,0.0,91.72,Credit Card,0
ORD100371,2023-10-15,CUST04279,Returning,West,Electronics,Smart Watch,49.52,4,0,198.08,0.0,198.08,Debit Card,0
ORD105242,2023-10-15,CUST01747,VIP,Central,Electronics,Bluetooth Speaker,133.19,4,0,532.76,0.0,532.76,UPI,0
ORD101860,2023-10-15,CUST01165,New,East,Electronics,Smart Watch,196.03,4,0,784.12,0.0,784.12,UPI,1
ORD104878,2023-10-15,CUST03985,Returning,East,Home & Kitchen,Air Fryer,22.5,5,0,112.5,0.0,112.5,Credit Card,0
ORD102590,2023-10-15,CUST03134,Returning,East,Sports & Outdoors,Water Bottle,120.37,6,0,722.22,0.0,722.22,Net Banking,0
ORD102575,2023-10-15,CUST03550,VIP,Central,Electronics,Smartphone Case,217.35,3,0,652.05,0.0,652.05,UPI,0
ORD102576,2023-10-15,CUST03361,VIP,East,Apparel,Running Shoes,53.83,6,0,322.98,0.0,322.98,Credit Card,0
ORD101243,2023-10-15,CUST04214,New,West,Apparel,Winter Coat,55.05,1,0,55.05,0.0,55.05,Cash on Delivery,0
ORD102231,2023-10-15,CUST03467,Returning,Central,Electronics,Smart Watch,48.4,3,20,145.2,29.04,116.16,Cash on Delivery,1
ORD105502,2023-10-15,CUST04739,Returning,Central,Beauty & Personal Care,Skincare Kit,60.55,3,0,181.65,0.0,181.65,UPI,0
ORD105662,2023-10-15,CUST01275,Returning,Central,Home & Kitchen,Coffee Maker,110.52,4,20,442.08,88.42,353.66,Credit Card,0
ORD101421,2023-10-15,CUST01636,New,West,Beauty & Personal Care,Perfume,43.4,3,0,130.2,0.0,130.2,Debit Card,0
ORD103039,2023-10-16,CUST04648,VIP,South,Sports & Outdoors,Yoga Mat,108.21,3,0,324.63,0.0,324.63,Credit Card,0
ORD102865,2023-10-16,CUST04824,New,West,Apparel,Cotton T-Shirt,31.41,4,0,125.64,0.0,125.64,UPI,0
ORD101360,2023-10-16,CUST03349,New,North,Sports & Outdoors,Yoga Mat,62.16,3,15,186.48,27.97,158.51,Credit Card,1
ORD104266,2023-10-16,CUST04895,Returning,North,Sports & Outdoors,Camping Tent,182.23,5,0,911.15,0.0,911.15,Net Banking,1
ORD101071,2023-10-16,CUST01995,Returning,Central,Beauty & Personal Care,Electric Trimmer,81.2,2,0,162.4,0.0,162.4,UPI,0
ORD104585,2023-10-16,CUST02959,Returning,Central,Sports & Outdoors,Yoga Mat,70.35,4,5,281.4,14.07,267.33,UPI,1
ORD100477,2023-10-16,CUST02345,New,South,Apparel,Yoga Pants,47.52,6,0,285.12,0.0,285.12,Debit Card,0
ORD100111,2023-10-16,CUST02272,New,central,Apparel,Running Shoes,31.17,5,10,155.85,15.58,140.27,UPI,0
ORD101062,2023-10-16,CUST04749,Returning,South,Beauty & Personal Care,Perfume,25.9,1,5,25.9,1.3,24.6,Credit Card,0
ORD104555,2023-10-16,CUST03075,Returning,East,Sports & Outdoors,Yoga Mat,150.6,1,0,150.6,0.0,150.6,Credit Card,0
ORD102359,2023-10-16,CUST03476,New,South,Home & Kitchen,Air Fryer,115.01,4,0,460.04,0.0,460.04,Credit Card,0
ORD100930,2023-10-16,CUST02706,Returning,East,Electronics,Wireless Earbuds,235.6,3,15,706.8,106.02,600.78,Credit Card,0
ORD101597,2023-10-16,CUST01230,New,Central,Electronics,Bluetooth Speaker,33.76,5,10,168.8,16.88,151.92,Cash on Delivery,0
ORD104081,2023-10-17,CUST02345,New,North,Home & Kitchen,Air Fryer,90.99,3,0,272.97,0.0,272.97,Credit Card,0
ORD103355,2023-10-17,CUST02946,New,South,Electronics,Wireless Earbuds,106.37,2,10,212.74,21.27,191.47,Credit Card,0
ORD103652,2023-10-17,CUST03640,Returning,North,Sports & Outdoors,Camping Tent,104.69,8,0,837.52,0.0,837.52,UPI,0
ORD103581,2023-10-17,CUST03453,New,East,Apparel,Winter Coat,100.2,5,0,501.0,0.0,501.0,Debit Card,0
ORD103603,2023-10-17,CUST03123,New,East,Home & Kitchen,Air Fryer,46.86,5,15,234.3,35.15,199.15,Debit Card,0
ORD101021,2023-10-18,CUST03905,Returning,West,Beauty & Personal Care,Skincare Kit,41.44,2,10,82.88,8.29,74.59,Cash on Delivery,0
ORD102128,2023-10-18,CUST01556,New,East,Electronics,Smartphone Case,146.42,6,0,878.52,0.0,878.52,Net Banking,0
ORD102085,2023-10-18,CUST02317,Returning,West,Sports & Outdoors,Camping Tent,59.29,2,0,118.58,0.0,118.58,Debit Card,0
ORD103215,2023-10-18,CUST03101,New,East,Apparel,Denim Jacket,23.28,2,0,46.56,0.0,46.56,Credit Card,0
ORD105524,2023-10-18,CUST04049,Returning,Central,Beauty & Personal Care,Face Serum,41.55,5,20,207.75,41.55,166.2,UPI,0
ORD105854,2023-10-18,CUST04663,VIP,North,Electronics,Bluetooth Speaker,224.14,5,20,1120.7,224.14,896.56,UPI,0
ORD103553,2023-10-19,CUST04862,New,North,Electronics,Smart Watch,111.95,4,0,447.8,0.0,447.8,UPI,0
ORD104660,2023-10-19,CUST02706,VIP,North,Electronics,Power Bank,27.96,3,10,83.88,8.39,75.49,Credit Card,0
ORD101095,2023-10-19,CUST03454,New,Central,Beauty & Personal Care,Skincare Kit,51.02,4,0,204.08,0.0,204.08,Credit Card,0
ORD101341,2023-10-19,CUST04660,VIP,North,Sports & Outdoors,Water Bottle,52.54,7,0,367.78,0.0,367.78,UPI,0
ORD105229,2023-10-20,CUST03249,Returning,West,Home & Kitchen,Vacuum Cleaner,122.39,4,0,489.56,0.0,489.56,Credit Card,0
ORD103711,2023-10-20,CUST03477,New,North,Home & Kitchen,Coffee Maker,154.27,4,0,617.08,0.0,617.08,UPI,0
ORD101499,2023-10-20,CUST03690,New,Central,Home & Kitchen,Vacuum Cleaner,89.56,2,0,179.12,0.0,179.12,UPI,0
ORD101917,2023-10-20,CUST03506,Returning,Central,Home & Kitchen,Blender,29.05,6,0,174.3,0.0,174.3,UPI,0
ORD105626,2023-10-20,CUST04639,New,South,Electronics,Smartphone Case,59.26,5,0,296.3,0.0,296.3,Debit Card,0
ORD102101,2023-10-20,CUST01841,VIP,West,Apparel,Yoga Pants,116.83,2,0,233.66,0.0,233.66,Debit Card,0
ORD101974,2023-10-20,CUST02196,VIP,South,Sports & Outdoors,Cycling Helmet,71.49,5,0,357.45,0.0,357.45,Credit Card,0
ORD102179,2023-10-20,CUST03104,Returning,North,Electronics,Bluetooth Speaker,227.27,3,0,681.81,0.0,681.81,Credit Card,0
ORD103900,2023-10-21,CUST01507,Returning,East,Beauty & Personal Care,Face Serum,87.84,2,5,175.68,8.78,166.9,UPI,0
ORD102897,2023-10-21,CUST03358,New,North,Home & Kitchen,Blender,36.95,2,5,73.9,3.7,70.2,Net Banking,0
ORD105317,2023-10-21,CUST04242,New,West,Sports & Outdoors,Yoga Mat,32.43,3,0,97.29,0.0,97.29,Credit Card,0
ORD100233,2023-10-21,CUST01100,New,Central,Home & Kitchen,Cookware Set,97.77,6,5,586.62,29.33,557.29,Credit Card,0
ORD102004,2023-10-21,CUST04561,Returning,South,Sports & Outdoors,Water Bottle,72.37,3,5,217.11,10.86,206.25,UPI,0
ORD103664,2023-10-21,CUST03475,VIP,Central,Sports & Outdoors,Camping Tent,27.44,4,0,109.76,0.0,109.76,Cash on Delivery,0
ORD103326,2023-10-21,CUST01717,VIP,South,Home & Kitchen,Blender,164.01,5,20,820.05,164.01,656.04,UPI,0
ORD105812,2023-10-21,CUST02557,VIP,West,Home & Kitchen,Coffee Maker,85.85,6,5,515.1,25.76,489.34,Debit Card,0
ORD103604,2023-10-22,CUST04577,Returning,East,Electronics,Smartphone Case,151.92,7,0,1063.44,0.0,1063.44,Cash on Delivery,0
ORD102791,2023-10-22,CUST02948,VIP,East,Apparel,Yoga Pants,93.28,5,5,466.4,23.32,443.08,Credit Card,0
ORD101035,2023-10-22,CUST03309,New,North,Electronics,Bluetooth Speaker,213.73,4,0,854.92,0.0,854.92,Credit Card,0
ORD104441,2023-10-22,CUST01984,Returning,East,Home & Kitchen,Cookware Set,114.9,4,0,459.6,0.0,459.6,UPI,0
ORD101897,2023-10-22,CUST01374,Returning,Central,Electronics,Wireless Earbuds,90.08,3,0,270.24,0.0,270.24,UPI,0
ORD104316,2023-10-22,CUST01205,New,Central,Sports & Outdoors,Yoga Mat,138.17,8,15,1105.36,165.8,939.56,Credit Card,0
ORD104602,2023-10-22,CUST04210,Returning,Central,Sports & Outdoors,Yoga Mat,170.86,4,0,683.44,0.0,683.44,Credit Card,0
ORD101636,2023-10-22,CUST01905,New,West,Apparel,Winter Coat,63.87,3,0,191.61,0.0,191.61,UPI,0
ORD101015,2023-10-23,CUST04006,VIP,Central,Beauty & Personal Care,Perfume,26.11,4,0,104.44,0.0,104.44,Net Banking,1
ORD101127,2023-10-23,CUST01403,New,North,Sports & Outdoors,Dumbbell Set,147.04,7,5,1029.28,51.46,977.82,Cash on Delivery,1
ORD103310,2023-10-23,CUST01960,New,South,Beauty & Personal Care,Electric Trimmer,33.86,5,0,169.3,0.0,169.3,Credit Card,0
ORD101034,2023-10-23,CUST03604,New,North,Electronics,Smartphone Case,161.88,3,0,485.64,0.0,485.64,Credit Card,0
ORD104931,2023-10-23,CUST03118,Returning,South,Beauty & Personal Care,Face Serum,23.8,5,10,119.0,11.9,107.1,UPI,0
ORD104409,2023-10-23,CUST03378,New,East,Electronics,Wireless Earbuds,37.01,5,0,185.05,0.0,185.05,Credit Card,1
ORD104913,2023-10-23,CUST04489,New,South,Apparel,Winter Coat,47.61,3,10,142.83,14.28,128.55,Cash on Delivery,1
ORD105722,2023-10-23,CUST03192,VIP,West,Electronics,Smartphone Case,128.63,5,5,643.15,32.16,610.99,Credit Card,0
ORD100086,2023-10-23,CUST03533,New,Central,Home & Kitchen,Air Fryer,165.42,4,15,661.68,99.25,562.43,Debit Card,0
ORD101345,2023-10-23,CUST04388,Returning,South,Electronics,Wireless Earbuds,235.23,3,10,705.69,70.57,635.12,UPI,0
ORD101375,2023-10-23,CUST03118,New,North,Electronics,Bluetooth Speaker,59.83,4,0,239.32,0.0,239.32,Credit Card,0
ORD104980,2023-10-23,CUST01642,New,South,Sports & Outdoors,Dumbbell Set,72.44,3,15,217.32,32.6,184.72,UPI,0
ORD101128,2023-10-24,CUST03439,New,East,Beauty & Personal Care,Hair Dryer,47.89,5,15,239.45,35.92,203.53,Debit Card,0
ORD102944,2023-10-24,CUST04845,VIP,North,Beauty & Personal Care,Face Serum,44.61,2,0,89.22,0.0,89.22,Credit Card,0
ORD100261,2023-10-25,CUST01997,Returning,West,Home & Kitchen,Blender,66.52,7,15,465.64,69.85,395.79,Credit Card,0
ORD101912,2023-10-25,CUST02393,New,West,Apparel,Yoga Pants,95.59,2,0,191.18,0.0,191.18,UPI,0
ORD105740,2023-10-25,CUST03343,VIP,Central,Electronics,Smart Watch,195.2,7,20,1366.4,273.28,1093.12,UPI,0
ORD102152,2023-10-25,CUST04069,Returning,Central,Electronics,Bluetooth Speaker,47.72,2,0,95.44,0.0,95.44,Cash on Delivery,0
ORD105593,2023-10-25,CUST03911,Returning,North,Beauty & Personal Care,Hair Dryer,15.94,4,0,63.76,0.0,63.76,Net Banking,0
ORD105236,2023-10-26,CUST03391,New,South,Electronics,Smart Watch,230.65,4,15,922.6,138.39,784.21,Credit Card,0
ORD104408,2023-10-26,CUST01315,VIP,Central,Electronics,Smart Watch,184.16,6,0,1104.96,0.0,1104.96,Credit Card,0
ORD104812,2023-10-26,CUST03926,VIP,North,Beauty & Personal Care,Hair Dryer,63.52,3,0,190.56,0.0,190.56,UPI,0
ORD105917,2023-10-26,CUST04526,VIP,North,Electronics,Bluetooth Speaker,185.23,2,20,370.46,74.09,296.37,UPI,0
ORD100968,2023-10-27,CUST03745,New,South,Apparel,Winter Coat,62.39,4,5,249.56,12.48,237.08,Net Banking,0
ORD102102,2023-10-27,CUST01953,New,South,Beauty & Personal Care,Skincare Kit,18.86,8,5,150.88,7.54,143.34,UPI,0
ORD103440,2023-10-27,CUST03551,New,East,Electronics,Smartphone Case,120.96,6,0,725.76,0.0,725.76,UPI,0
ORD104745,2023-10-27,CUST03430,New,North,Apparel,Running Shoes,25.15,4,15,100.6,15.09,85.51,Debit Card,0
ORD105670,2023-10-27,CUST01363,VIP,East,Beauty & Personal Care,Perfume,40.59,5,0,202.95,0.0,202.95,Net Banking,0
ORD104360,2023-10-28,CUST02259,New,East,Apparel,Denim Jacket,97.06,3,5,291.18,14.56,276.62,Cash on Delivery,0
ORD101938,2023-10-28,CUST04282,Returning,South,Sports & Outdoors,Cycling Helmet,119.4,5,5,597.0,29.85,567.15,Credit Card,0
ORD101587,2023-10-28,CUST01432,Returning,North,Electronics,Wireless Earbuds,218.43,5,10,1092.15,109.22,982.93,Credit Card,0
ORD103261,2023-10-28,CUST02892,New,Central,Electronics,Smart Watch,103.63,4,0,414.52,0.0,414.52,UPI,0
ORD103163,2023-10-28,CUST04728,New,West,Sports & Outdoors,Dumbbell Set,150.55,3,15,451.65,67.75,383.9,Debit Card,0
ORD100625,2023-10-28,CUST04479,New,West,Beauty & Personal Care,Skincare Kit,13.7,6,5,82.2,4.11,78.09,Credit Card,0
ORD101850,2023-10-28,CUST04639,VIP,South,Electronics,Bluetooth Speaker,45.78,3,15,137.34,20.6,116.74,UPI,0
ORD103862,2023-10-28,CUST04257,New,West,Beauty & Personal Care,Perfume,16.22,2,0,32.44,0.0,32.44,Credit Card,0
ORD101779,2023-10-28,CUST04238,VIP,North,Sports & Outdoors,Water Bottle,87.79,2,20,175.58,35.12,140.46,UPI,0
ORD102606,2023-10-29,CUST01449,New,East,Beauty & Personal Care,Electric Trimmer,31.83,9,5,286.47,14.32,272.15,Debit Card,0
ORD102667,2023-10-29,CUST04950,New,East,Home & Kitchen,Cookware Set,58.05,5,0,290.25,0.0,290.25,Credit Card,0
ORD105697,2023-10-29,CUST04049,New,South,Sports & Outdoors,Dumbbell Set,93.57,7,0,654.99,0.0,654.99,Cash on Delivery,0
ORD102779,2023-10-29,CUST01111,Returning,North,Electronics,Smartphone Case,212.03,7,0,1484.21,0.0,1484.21,Credit Card,0
ORD100353,2023-10-29,CUST01667,New,Central,Home & Kitchen,Air Fryer,51.78,4,5,207.12,10.36,196.76,Credit Card,0
ORD105320,2023-10-29,CUST01930,Returning,East,Home & Kitchen,Blender,129.06,4,15,516.24,77.44,438.8,Net Banking,0
ORD103907,2023-10-29,CUST01962,Returning,East,Home & Kitchen,Air Fryer,132.2,2,5,264.4,13.22,251.18,Credit Card,0
ORD103221,2023-10-29,CUST04771,Returning,West,Electronics,Bluetooth Speaker,181.0,6,15,1086.0,162.9,923.1,UPI,0
ORD101513,2023-10-29,CUST01126,Returning,East,Electronics,Bluetooth Speaker,125.7,4,5,502.8,25.14,477.66,UPI,0
ORD102225,2023-10-29,CUST03870,VIP,East,Apparel,Denim Jacket,98.09,7,0,686.63,0.0,686.63,UPI,0
ORD101106,2023-10-29,CUST03054,Returning,Central,Home & Kitchen,Cookware Set,179.73,5,0,898.65,0.0,898.65,Net Banking,0
ORD100514,2023-10-29,CUST04877,Returning,West,Electronics,Bluetooth Speaker,216.7,3,20,650.1,130.02,520.08,Credit Card,0
ORD105010,2023-10-29,CUST01872,New,North,Beauty & Personal Care,Face Serum,61.64,7,0,431.48,0.0,431.48,Debit Card,0
ORD103063,2023-10-29,CUST04264,New,North,Electronics,Wireless Earbuds,195.95,1,15,195.95,29.39,166.56,Net Banking,0
ORD103718,2023-10-30,CUST03534,Returning,North,Beauty & Personal Care,Perfume,60.1,6,0,360.6,0.0,360.6,UPI,1
ORD101939,2023-10-30,CUST04828,Returning,South,Apparel,Yoga Pants,20.85,5,20,104.25,20.85,83.4,Credit Card,0
ORD105744,2023-10-30,CUST02207,New,South,Home & Kitchen,Vacuum Cleaner,121.35,3,0,364.05,0.0,364.05,Credit Card,0
ORD103541,2023-10-30,CUST03923,New,South,Home & Kitchen,Coffee Maker,90.27,3,10,270.81,27.08,243.73,Credit Card,0
ORD100867,2023-10-30,CUST03577,VIP,Central,Sports & Outdoors,Cycling Helmet,97.84,3,0,293.52,0.0,293.52,UPI,0
ORD102273,2023-10-30,CUST02609,Returning,East,Beauty & Personal Care,Hair Dryer,41.39,2,5,82.78,4.14,78.64,Net Banking,0
ORD102031,2023-10-30,CUST04629,New,Central,Home & Kitchen,Air Fryer,56.06,1,10,56.06,5.61,50.45,Credit Card,0
ORD100779,2023-10-30,CUST03173,VIP,East,Electronics,Power Bank,225.25,1,20,225.25,45.05,180.2,Net Banking,0
ORD104488,2023-10-30,CUST01154,Returning,South,Home & Kitchen,Cookware Set,124.17,4,5,496.68,24.83,471.85,UPI,0
ORD104047,2023-10-30,CUST03350,Returning,West,Electronics,Smart Watch,74.21,6,15,445.26,66.79,378.47,Credit Card,0
ORD102749,2023-10-30,CUST02590,Returning,Central,Electronics,Wireless Earbuds,137.58,1,5,137.58,6.88,130.7,Credit Card,0
ORD101717,2023-10-30,CUST02086,New,North,Sports & Outdoors,Dumbbell Set,98.99,3,0,296.97,0.0,296.97,Debit Card,0
ORD105326,2023-10-30,CUST02802,Returning,south,Home & Kitchen,Coffee Maker,100.6,2,10,201.2,20.12,181.08,UPI,0
ORD102039,2023-10-31,CUST04251,New,West,Electronics,Smart Watch,200.14,3,0,600.42,0.0,600.42,Debit Card,0
ORD103487,2023-10-31,CUST02863,VIP,North,Sports & Outdoors,Water Bottle,53.67,6,0,322.02,0.0,322.02,UPI,0
ORD103714,2023-10-31,CUST02418,Returning,Central,Apparel,Cotton T-Shirt,31.5,4,5,126.0,6.3,119.7,Debit Card,0
ORD102100,2023-10-31,CUST03227,New,East,Electronics,Wireless Earbuds,195.38,4,0,781.52,0.0,781.52,UPI,0
ORD103151,2023-10-31,CUST03115,Returning,West,Electronics,Smartphone Case,38.84,6,20,233.04,46.61,186.43,UPI,1
ORD104828,2023-10-31,CUST01424,Returning,West,Sports & Outdoors,Cycling Helmet,86.59,2,0,173.18,0.0,173.18,Credit Card,0
ORD104418,2023-10-31,CUST04425,New,North,Apparel,Yoga Pants,99.95,4,20,399.8,79.96,319.84,Credit Card,0
ORD105592,2023-10-31,CUST03424,New,East,Electronics,Smart Watch,200.72,7,0,1405.04,0.0,1405.04,Credit Card,0
ORD100269,2023-10-31,CUST01544,New,West,Apparel,Cotton T-Shirt,53.18,5,20,265.9,53.18,212.72,Credit Card,0
ORD104609,2023-11-01,CUST04461,New,West,Electronics,Power Bank,91.69,6,15,550.14,82.52,467.62,Cash on Delivery,0
ORD100410,2023-11-01,CUST01465,New,West,Apparel,Yoga Pants,90.55,6,0,543.3,0.0,543.3,Net Banking,0
ORD103426,2023-11-01,CUST03051,Returning,North,Home & Kitchen,Air Fryer,81.3,6,20,487.8,97.56,390.24,Credit Card,0
ORD102853,2023-11-01,CUST04524,VIP,North,Electronics,Power Bank,168.37,1,0,168.37,0.0,168.37,Credit Card,0
ORD101815,2023-11-01,CUST02737,Returning,North,Apparel,Cotton T-Shirt,109.72,4,0,438.88,0.0,438.88,Cash on Delivery,0
ORD105966,2023-11-01,CUST04094,Returning,East,Beauty & Personal Care,Face Serum,85.5,6,20,513.0,102.6,410.4,Credit Card,0
ORD100677,2023-11-01,CUST01565,Returning,North,Home & Kitchen,Coffee Maker,122.87,6,5,737.22,36.86,700.36,UPI,0
ORD101197,2023-11-01,CUST03350,Returning,South,Beauty & Personal Care,Hair Dryer,78.13,4,0,312.52,0.0,312.52,UPI,0
ORD102083,2023-11-01,CUST04470,New,Central,Home & Kitchen,Cookware Set,134.93,6,0,809.58,0.0,809.58,Credit Card,0
ORD101962,2023-11-01,CUST03345,Returning,South,Home & Kitchen,Air Fryer,80.33,7,0,562.31,0.0,562.31,UPI,0
ORD104113,2023-11-02,CUST02016,VIP,Central,Home & Kitchen,Cookware Set,162.94,8,0,1303.52,0.0,1303.52,Debit Card,0
ORD100788,2023-11-02,CUST01172,Returning,North,Electronics,Power Bank,179.95,7,5,1259.65,62.98,1196.67,UPI,0
ORD101995,2023-11-02,CUST04601,Returning,North,Electronics,Bluetooth Speaker,146.08,6,0,876.48,0.0,876.48,Credit Card,0
ORD105707,2023-11-02,CUST04444,New,West,Apparel,Denim Jacket,60.98,4,0,243.92,0.0,243.92,Credit Card,0
ORD100772,2023-11-02,CUST02823,Returning,North,Beauty & Personal Care,Electric Trimmer,21.09,6,0,126.54,0.0,126.54,Credit Card,0
ORD101677,2023-11-02,CUST04711,VIP,Central,Home & Kitchen,Air Fryer,139.05,1,0,139.05,0.0,139.05,Credit Card,0
ORD102937,2023-11-03,CUST03444,VIP,West,Home & Kitchen,Blender,125.95,3,5,377.85,18.89,358.96,Credit Card,0
ORD101861,2023-11-03,CUST03034,Returning,Central,Home & Kitchen,Cookware Set,63.99,7,5,447.93,22.4,425.53,Credit Card,0
ORD103814,2023-11-03,CUST01052,Returning,East,Sports & Outdoors,Cycling Helmet,162.54,8,0,1300.32,0.0,1300.32,Credit Card,0
ORD103029,2023-11-03,CUST01043,New,West,Electronics,Smartphone Case,175.85,3,5,527.55,26.38,501.17,Credit Card,0
ORD100793,2023-11-04,CUST02470,Returning,Central,Apparel,Running Shoes,34.51,6,15,207.06,31.06,176.0,Debit Card,0
ORD104178,2023-11-04,CUST04814,New,North,Apparel,Yoga Pants,11.12,4,0,44.48,0.0,44.48,Credit Card,0
ORD105240,2023-11-04,CUST03211,VIP,South,Beauty & Personal Care,Hair Dryer,50.46,7,5,353.22,17.66,335.56,UPI,0
ORD105108,2023-11-04,CUST02986,Returning,South,Apparel,Denim Jacket,86.81,6,5,520.86,26.04,494.82,Cash on Delivery,0
ORD105173,2023-11-04,CUST04778,New,Central,Home & Kitchen,Cookware Set,160.69,6,15,964.14,144.62,819.52,UPI,0
ORD102008,2023-11-04,CUST02178,VIP,Central,Electronics,Smart Watch,218.96,4,0,875.84,0.0,875.84,UPI,1
ORD102469,2023-11-04,CUST03434,New,South,Home & Kitchen,Air Fryer,55.08,6,0,330.48,0.0,330.48,Credit Card,0
ORD101142,2023-11-05,CUST04892,New,North,Apparel,Denim Jacket,56.17,7,0,393.19,0.0,393.19,Net Banking,0
ORD101738,2023-11-05,CUST02724,Returning,West,Home & Kitchen,Cookware Set,38.23,3,0,114.69,0.0,114.69,Cash on Delivery,0
ORD104330,2023-11-05,CUST01861,Returning,West,Electronics,Bluetooth Speaker,165.88,8,5,1327.04,66.35,1260.69,Debit Card,0
ORD101858,2023-11-05,CUST02552,Returning,North,Apparel,Running Shoes,25.2,10,15,252.0,37.8,214.2,Debit Card,0
ORD100019,2023-11-05,CUST04829,New,West,Beauty & Personal Care,Perfume,40.05,4,0,160.2,0.0,160.2,UPI,0
ORD104960,2023-11-05,CUST01639,Returning,Central,Beauty & Personal Care,Skincare Kit,71.02,4,0,284.08,0.0,284.08,UPI,0
ORD104130,2023-11-06,CUST03278,Returning,West,Apparel,Yoga Pants,67.22,4,0,268.88,0.0,268.88,Credit Card,0
ORD101525,2023-11-06,CUST03309,New,West,Sports & Outdoors,Camping Tent,164.39,4,0,657.56,0.0,657.56,Credit Card,0
ORD101352,2023-11-06,CUST03039,Returning,West,Home & Kitchen,Cookware Set,95.88,7,0,671.16,0.0,671.16,Credit Card,0
ORD101794,2023-11-06,CUST03588,Returning,South,Apparel,Running Shoes,99.19,3,0,297.57,0.0,297.57,Credit Card,0
ORD105836,2023-11-06,CUST01664,Returning,West,Beauty & Personal Care,Face Serum,82.48,1,0,82.48,0.0,82.48,Credit Card,0
ORD105073,2023-11-06,CUST02777,New,east,Home & Kitchen,Coffee Maker,85.04,7,0,595.28,0.0,595.28,Debit Card,0
ORD105347,2023-11-07,CUST03054,New,West,Electronics,Smart Watch,68.71,6,5,412.26,20.61,391.65,Net Banking,0
ORD103941,2023-11-07,CUST03596,VIP,West,Sports & Outdoors,Dumbbell Set,72.08,6,0,432.48,0.0,432.48,Debit Card,0
ORD103316,2023-11-07,CUST01639,New,East,Apparel,Yoga Pants,115.28,8,0,922.24,0.0,922.24,UPI,0
ORD102022,2023-11-07,CUST03378,Returning,East,Apparel,Yoga Pants,82.73,3,5,248.19,12.41,235.78,UPI,0
ORD102323,2023-11-07,CUST04802,Returning,West,Home & Kitchen,Vacuum Cleaner,68.02,4,0,272.08,0.0,272.08,Debit Card,0
ORD102274,2023-11-07,CUST01558,New,South,Beauty & Personal Care,Skincare Kit,13.68,4,20,54.72,10.94,43.78,Net Banking,0
ORD101467,2023-11-07,CUST03713,New,North,Sports & Outdoors,Water Bottle,81.86,6,0,491.16,0.0,491.16,UPI,0
ORD105637,2023-11-07,CUST03792,New,East,Home & Kitchen,Cookware Set,119.98,7,0,839.86,0.0,839.86,UPI,0
ORD104505,2023-11-07,CUST03296,Returning,West,Electronics,Smart Watch,225.42,6,10,1352.52,135.25,1217.27,Debit Card,0
ORD100881,2023-11-08,CUST03792,New,South,Apparel,Running Shoes,18.5,6,0,111.0,0.0,111.0,Debit Card,0
ORD101867,2023-11-08,CUST03906,New,South,Home & Kitchen,Air Fryer,179.75,3,10,539.25,53.92,485.33,Net Banking,0
ORD104497,2023-11-08,CUST04662,Returning,Central,Apparel,Winter Coat,67.07,8,5,536.56,26.83,509.73,Credit Card,1
ORD101359,2023-11-08,CUST02777,Returning,West,Beauty & Personal Care,Skincare Kit,55.39,8,0,443.12,0.0,443.12,Debit Card,0
ORD102149,2023-11-08,CUST03329,New,Central,Home & Kitchen,Cookware Set,121.75,4,15,487.0,73.05,413.95,UPI,0
ORD105482,2023-11-09,CUST02560,Returning,East,Beauty & Personal Care,Electric Trimmer,9.86,6,10,59.16,5.92,53.24,UPI,0
ORD101954,2023-11-09,CUST02203,Returning,Central,Electronics,Power Bank,94.01,1,0,94.01,0.0,94.01,UPI,0
ORD103620,2023-11-09,CUST04837,Returning,East,Beauty & Personal Care,Electric Trimmer,46.38,3,0,139.14,0.0,139.14,Credit Card,0
ORD105978,2023-11-09,CUST03226,New,East,Home & Kitchen,Cookware Set,22.16,6,15,132.96,19.94,113.02,Debit Card,0
ORD103061,2023-11-09,CUST04705,New,Central,Sports & Outdoors,Cycling Helmet,163.84,4,5,655.36,32.77,622.59,Credit Card,0
ORD103755,2023-11-09,CUST03021,New,West,Electronics,Smart Watch,166.59,3,0,499.77,0.0,499.77,Credit Card,0
ORD101228,2023-11-09,CUST04515,Returning,Central,Beauty & Personal Care,Face Serum,53.99,8,5,431.92,21.6,410.32,UPI,0
ORD102793,2023-11-09,CUST03507,New,North,Sports & Outdoors,Yoga Mat,103.59,8,20,828.72,165.74,662.98,Cash on Delivery,0
ORD104229,2023-11-09,CUST03843,VIP,West,Home & Kitchen,Cookware Set,97.2,7,20,680.4,136.08,544.32,Debit Card,0
ORD101146,2023-11-09,CUST03087,New,East,Sports & Outdoors,Camping Tent,72.8,7,0,509.6,0.0,509.6,Credit Card,0
ORD102844,2023-11-09,CUST03960,VIP,South,Beauty & Personal Care,Hair Dryer,38.63,6,0,231.78,0.0,231.78,Cash on Delivery,0
ORD104168,2023-11-09,CUST04919,Returning,East,Electronics,Wireless Earbuds,106.88,8,5,855.04,42.75,812.29,Credit Card,0
ORD104412,2023-11-10,CUST01047,New,North,Electronics,Bluetooth Speaker,109.08,7,0,763.56,0.0,763.56,Net Banking,0
ORD105795,2023-11-10,CUST02939,Returning,West,Home & Kitchen,Vacuum Cleaner,174.09,10,0,1740.9,0.0,1740.9,Debit Card,0
ORD100028,2023-11-10,CUST03263,New,South,Apparel,Cotton T-Shirt,91.97,4,0,367.88,0.0,367.88,UPI,0
ORD102734,2023-11-10,CUST03959,Returning,South,Home & Kitchen,Air Fryer,177.58,4,0,710.32,0.0,710.32,Credit Card,0
ORD103031,2023-11-10,CUST03007,New,West,Electronics,Bluetooth Speaker,205.08,11,10,2255.88,225.59,2030.29,Debit Card,0
ORD104513,2023-11-10,CUST03749,Returning,Central,Electronics,Smartphone Case,48.15,6,0,288.9,0.0,288.9,Debit Card,0
ORD104707,2023-11-10,CUST03584,Returning,East,Apparel,Cotton T-Shirt,72.94,4,0,291.76,0.0,291.76,UPI,0
ORD105558,2023-11-10,CUST02388,New,North,Beauty & Personal Care,Hair Dryer,39.25,8,0,314.0,0.0,314.0,Credit Card,0
ORD102846,2023-11-10,CUST02609,VIP,West,Apparel,Yoga Pants,77.84,6,0,467.04,0.0,467.04,Debit Card,1
ORD104703,2023-11-10,CUST03686,Returning,North,Home & Kitchen,Cookware Set,134.51,6,5,807.06,40.35,766.71,UPI,0
ORD101839,2023-11-10,CUST01430,New,Central,Electronics,Bluetooth Speaker,108.38,10,20,1083.8,216.76,867.04,Net Banking,1
ORD102678,2023-11-10,CUST01427,Returning,West,Apparel,Yoga Pants,67.16,10,10,671.6,67.16,604.44,Net Banking,0
ORD100407,2023-11-10,CUST04621,New,East,Home & Kitchen,Coffee Maker,105.5,7,10,738.5,73.85,664.65,Credit Card,0
ORD104612,2023-11-10,CUST01611,Returning,Central,Apparel,Yoga Pants,26.98,10,0,269.8,0.0,269.8,Net Banking,0
ORD104027,2023-11-11,CUST04683,Returning,South,Home & Kitchen,Coffee Maker,42.27,4,10,169.08,16.91,152.17,Credit Card,0
ORD104204,2023-11-11,CUST03196,Returning,Central,Beauty & Personal Care,Skincare Kit,82.88,1,0,82.88,0.0,82.88,Credit Card,0
ORD105135,2023-11-11,CUST04629,New,West,Electronics,Power Bank,240.97,6,0,1445.82,0.0,1445.82,Credit Card,0
ORD104868,2023-11-11,CUST04245,New,South,Electronics,Power Bank,148.19,8,15,1185.52,177.83,1007.69,Credit Card,0
ORD100928,2023-11-11,CUST03719,New,West,Apparel,Yoga Pants,110.63,4,0,442.52,0.0,442.52,UPI,0
ORD104351,2023-11-11,CUST02556,New,North,Sports & Outdoors,Dumbbell Set,71.27,6,0,427.62,0.0,427.62,UPI,0
ORD101582,2023-11-12,CUST02142,New,East,Electronics,Bluetooth Speaker,168.55,10,0,1685.5,0.0,1685.5,Credit Card,0
ORD102329,2023-11-12,CUST01483,VIP,Central,Electronics,Bluetooth Speaker,68.36,7,0,478.52,0.0,478.52,Debit Card,0
ORD100052,2023-11-12,CUST03704,New,South,Electronics,Smartphone Case,71.59,3,0,214.77,0.0,214.77,UPI,0
ORD105530,2023-11-12,CUST03288,New,North,Apparel,Cotton T-Shirt,101.77,7,5,712.39,35.62,676.77,Net Banking,0
ORD105694,2023-11-12,CUST02369,Returning,South,Home & Kitchen,Air Fryer,51.61,7,0,361.27,0.0,361.27,Credit Card,0
ORD100700,2023-11-12,CUST02179,Returning,West,Beauty & Personal Care,Hair Dryer,85.48,3,0,256.44,0.0,256.44,Credit Card,0
ORD105732,2023-11-12,CUST02102,Returning,East,Apparel,Cotton T-Shirt,37.28,6,15,223.68,33.55,190.13,UPI,0
ORD105449,2023-11-13,CUST01253,New,South,Sports & Outdoors,Yoga Mat,49.64,4,0,198.56,0.0,198.56,Credit Card,0
ORD105829,2023-11-13,CUST01686,Returning,South,Electronics,Smartphone Case,54.58,4,0,218.32,0.0,218.32,Debit Card,0
ORD105946,2023-11-13,CUST04940,Returning,North,Home & Kitchen,Coffee Maker,46.68,7,0,326.76,0.0,326.76,UPI,0
ORD101816,2023-11-13,CUST04652,VIP,South,Apparel,Running Shoes,45.17,8,15,361.36,54.2,307.16,Credit Card,0
ORD104695,2023-11-13,CUST02646,New,East,Home & Kitchen,Blender,90.8,7,5,635.6,31.78,603.82,Cash on Delivery,0
ORD104601,2023-11-13,CUST02603,VIP,East,Apparel,Denim Jacket,38.64,3,5,115.92,5.8,110.12,Debit Card,1
ORD104102,2023-11-13,CUST03444,New,East,Home & Kitchen,Air Fryer,118.76,7,0,831.32,0.0,831.32,UPI,0
ORD104756,2023-11-14,CUST02248,VIP,Central,Home & Kitchen,Blender,126.14,6,0,756.84,0.0,756.84,Credit Card,0
ORD101479,2023-11-14,CUST01376,New,North,Electronics,Bluetooth Speaker,70.2,4,0,280.8,0.0,280.8,UPI,0
ORD100186,2023-11-14,CUST03577,Returning,Central,Sports & Outdoors,Camping Tent,44.19,7,0,309.33,0.0,309.33,UPI,0
ORD101401,2023-11-14,CUST03353,Returning,West,Home & Kitchen,Blender,135.24,8,0,1081.92,0.0,1081.92,UPI,0
ORD104256,2023-11-14,CUST04070,Returning,South,Apparel,Winter Coat,63.14,8,0,505.12,0.0,505.12,UPI,0
ORD103229,2023-11-14,CUST04361,Returning,South,Apparel,Winter Coat,33.43,7,0,234.01,0.0,234.01,Cash on Delivery,0
ORD101006,2023-11-14,CUST04251,VIP,West,Beauty & Personal Care,Hair Dryer,81.77,4,0,327.08,0.0,327.08,UPI,0
ORD101830,2023-11-14,CUST03879,Returning,Central,Apparel,Cotton T-Shirt,30.58,6,0,183.48,0.0,183.48,Debit Card,0
ORD104295,2023-11-14,CUST03126,New,North,Beauty & Personal Care,Face Serum,29.38,4,0,117.52,0.0,117.52,Net Banking,0
ORD101589,2023-11-14,CUST03497,VIP,North,Sports & Outdoors,Dumbbell Set,20.9,3,0,62.7,0.0,62.7,Debit Card,0
ORD101919,2023-11-14,CUST02409,New,South,Apparel,Running Shoes,94.55,8,5,756.4,37.82,718.58,Debit Card,0
ORD101193,2023-11-14,CUST01031,VIP,West,Beauty & Personal Care,Electric Trimmer,76.98,6,0,461.88,0.0,461.88,UPI,0
ORD101828,2023-11-14,CUST04806,New,East,Electronics,Wireless Earbuds,71.77,7,0,502.39,0.0,502.39,UPI,0
ORD102727,2023-11-15,CUST04713,New,East,Electronics,Smartphone Case,124.24,6,0,745.44,0.0,745.44,Credit Card,0
ORD100998,2023-11-15,CUST02263,Returning,West,Apparel,Denim Jacket,59.57,8,0,476.56,0.0,476.56,Credit Card,0
ORD104427,2023-11-15,CUST02083,Returning,East,Home & Kitchen,Coffee Maker,50.69,6,0,304.14,0.0,304.14,Net Banking,0
ORD101512,2023-11-15,CUST03710,Returning,West,Electronics,Power Bank,229.95,6,10,1379.7,137.97,1241.73,UPI,0
ORD104502,2023-11-15,CUST02790,New,North,Apparel,Cotton T-Shirt,31.17,3,0,93.51,0.0,93.51,Debit Card,0
ORD103530,2023-11-16,CUST02073,VIP,South,Sports & Outdoors,Water Bottle,127.5,6,0,765.0,0.0,765.0,Debit Card,0
ORD101016,2023-11-16,CUST02594,Returning,East,Apparel,Running Shoes,58.31,7,0,408.17,0.0,408.17,UPI,0
ORD103119,2023-11-16,CUST02361,Returning,South,Sports & Outdoors,Dumbbell Set,112.49,3,0,337.47,0.0,337.47,Credit Card,0
ORD100926,2023-11-16,CUST04857,New,West,Beauty & Personal Care,Electric Trimmer,88.57,4,0,354.28,0.0,354.28,Debit Card,0
ORD102545,2023-11-16,CUST01484,Returning,North,Home & Kitchen,Coffee Maker,32.41,4,5,129.64,6.48,123.16,Credit Card,0
ORD101771,2023-11-16,CUST03783,Returning,South,Beauty & Personal Care,Perfume,71.3,11,0,784.3,0.0,784.3,Credit Card,0
ORD102214,2023-11-16,CUST03688,Returning,North,Apparel,Cotton T-Shirt,61.56,3,15,184.68,27.7,156.98,Net Banking,0
ORD100982,2023-11-16,CUST02129,Returning,East,Home & Kitchen,Air Fryer,22.15,8,15,177.2,26.58,150.62,Credit Card,0
ORD103613,2023-11-17,CUST04461,New,North,Beauty & Personal Care,Electric Trimmer,78.53,8,0,628.24,0.0,628.24,Debit Card,0
ORD100997,2023-11-17,CUST02693,Returning,East,Apparel,Yoga Pants,111.33,6,10,667.98,66.8,601.18,Cash on Delivery,0
ORD105712,2023-11-17,CUST01386,New,Central,Sports & Outdoors,Camping Tent,169.51,3,0,508.53,0.0,508.53,UPI,0
ORD100391,2023-11-17,CUST03702,Returning,West,Home & Kitchen,Cookware Set,89.18,6,10,535.08,53.51,481.57,Debit Card,1
ORD105772,2023-11-17,CUST01235,VIP,North,Apparel,Denim Jacket,98.59,11,0,1084.49,0.0,1084.49,Debit Card,0
ORD102297,2023-11-17,CUST04632,VIP,North,Home & Kitchen,Vacuum Cleaner,96.26,7,5,673.82,33.69,640.13,UPI,0
ORD105189,2023-11-17,CUST01509,VIP,Central,Apparel,Winter Coat,37.17,8,15,297.36,44.6,252.76,Credit Card,0
ORD104290,2023-11-18,CUST01829,New,Central,Electronics,Power Bank,244.16,6,0,1464.96,0.0,1464.96,Debit Card,0
ORD105760,2023-11-18,CUST03820,New,Central,Sports & Outdoors,Camping Tent,139.24,1,15,139.24,20.89,118.35,Credit Card,0
ORD103596,2023-11-18,CUST02018,New,West,Beauty & Personal Care,Face Serum,48.31,3,0,144.93,0.0,144.93,UPI,0
ORD103982,2023-11-18,CUST02663,VIP,South,Electronics,Power Bank,171.82,3,0,515.46,0.0,515.46,UPI,0
ORD100952,2023-11-18,CUST03575,New,West,Electronics,Smartphone Case,67.05,6,0,402.3,0.0,402.3,Credit Card,0
ORD104672,2023-11-19,CUST03585,New,South,Electronics,Smartphone Case,246.05,7,0,1722.35,0.0,1722.35,UPI,0
ORD100363,2023-11-19,CUST02626,Returning,East,Electronics,Power Bank,153.53,8,0,1228.24,0.0,1228.24,Cash on Delivery,0
ORD100368,2023-11-19,CUST04118,New,West,Electronics,Smart Watch,153.74,3,0,461.22,0.0,461.22,Credit Card,0
ORD101560,2023-11-19,CUST01473,VIP,North,Electronics,Power Bank,70.98,8,0,567.84,0.0,567.84,Debit Card,0
ORD103516,2023-11-19,CUST01343,Returning,Central,Beauty & Personal Care,Skincare Kit,11.65,4,5,46.6,2.33,44.27,Credit Card,0
ORD101593,2023-11-19,CUST01744,New,Central,Home & Kitchen,Vacuum Cleaner,143.57,6,0,861.42,0.0,861.42,Debit Card,0
ORD105947,2023-11-20,CUST04785,VIP,Central,Apparel,Cotton T-Shirt,11.51,3,0,34.53,0.0,34.53,Debit Card,0
ORD103156,2023-11-20,CUST04062,New,Central,Home & Kitchen,Coffee Maker,65.64,4,5,262.56,13.13,249.43,Debit Card,0
ORD102055,2023-11-20,CUST02879,New,South,Electronics,Wireless Earbuds,203.91,6,0,1223.46,0.0,1223.46,Credit Card,0
ORD101666,2023-11-20,CUST01345,Returning,Central,Home & Kitchen,Vacuum Cleaner,105.18,6,20,631.08,126.22,504.86,Cash on Delivery,0
ORD102118,2023-11-20,CUST03036,VIP,Central,Apparel,Running Shoes,102.97,3,5,308.91,15.45,293.46,UPI,0
ORD101118,2023-11-20,CUST03377,Returning,West,Sports & Outdoors,Water Bottle,131.97,7,0,923.79,0.0,923.79,Net Banking,0
ORD101089,2023-11-20,CUST03407,Returning,East,Home & Kitchen,Air Fryer,133.5,4,15,534.0,80.1,453.9,Credit Card,0
ORD104020,2023-11-20,CUST02051,New,North,Electronics,Smart Watch,140.61,6,0,843.66,0.0,843.66,Debit Card,0
ORD103276,2023-11-20,CUST02235,New,South,Apparel,Denim Jacket,85.11,7,0,595.77,0.0,595.77,Credit Card,0
ORD101497,2023-11-20,CUST04335,New,East,Electronics,Bluetooth Speaker,79.23,1,0,79.23,0.0,79.23,Credit Card,0
ORD100488,2023-11-21,CUST04905,Returning,South,Electronics,Power Bank,185.65,4,0,742.6,0.0,742.6,Debit Card,0
ORD103375,2023-11-21,CUST03591,New,North,Apparel,Denim Jacket,111.31,6,5,667.86,33.39,634.47,Debit Card,0
ORD104608,2023-11-21,CUST02874,Returning,West,Beauty & Personal Care,Hair Dryer,65.08,8,0,520.64,0.0,520.64,Debit Card,0
ORD103150,2023-11-21,CUST04104,VIP,West,Electronics,Smart Watch,67.53,7,0,472.71,0.0,472.71,UPI,0
ORD103669,2023-11-21,CUST04870,Returning,Central,Sports & Outdoors,Camping Tent,116.26,3,0,348.78,0.0,348.78,UPI,0
ORD104293,2023-11-21,CUST02034,Returning,West,Beauty & Personal Care,Hair Dryer,41.31,3,0,123.93,0.0,123.93,Credit Card,0
ORD105857,2023-11-22,CUST04475,Returning,South,Beauty & Personal Care,Hair Dryer,28.31,4,0,113.24,0.0,113.24,UPI,0
ORD104095,2023-11-22,CUST01405,New,South,Apparel,Denim Jacket,33.97,3,5,101.91,5.1,96.81,UPI,0
ORD105884,2023-11-22,CUST03269,Returning,North,Beauty & Personal Care,Skincare Kit,21.79,11,5,239.69,11.98,227.71,Credit Card,0
ORD101650,2023-11-22,CUST04605,Returning,West,Beauty & Personal Care,Skincare Kit,72.15,6,15,432.9,64.93,367.97,UPI,0
ORD100243,2023-11-22,CUST03107,VIP,North,Sports & Outdoors,Dumbbell Set,9.79,3,0,29.37,0.0,29.37,Debit Card,0
ORD102105,2023-11-22,CUST04032,New,West,Beauty & Personal Care,Skincare Kit,15.63,8,0,125.04,0.0,125.04,Debit Card,0
ORD104338,2023-11-22,CUST01067,New,North,Home & Kitchen,Air Fryer,155.77,11,0,1713.47,0.0,1713.47,UPI,0
ORD103743,2023-11-22,CUST02343,New,North,Beauty & Personal Care,Hair Dryer,57.03,6,0,342.18,0.0,342.18,Net Banking,0
ORD100970,2023-11-22,CUST02660,Returning,West,Electronics,Smartphone Case,25.76,8,5,206.08,10.3,195.78,UPI,0
ORD100623,2023-11-23,CUST04346,Returning,East,Home & Kitchen,Blender,130.7,4,0,522.8,0.0,522.8,Net Banking,1
ORD105057,2023-11-23,CUST02638,New,North,Apparel,Yoga Pants,52.29,6,0,313.74,0.0,313.74,UPI,0
ORD103548,2023-11-23,CUST03820,New,Central,Sports & Outdoors,Camping Tent,148.16,11,20,1629.76,325.95,1303.81,Cash on Delivery,0
ORD105452,2023-11-23,CUST04077,Returning,East,Home & Kitchen,Cookware Set,79.84,3,0,239.52,0.0,239.52,Credit Card,0
ORD104003,2023-11-23,CUST01997,New,North,Sports & Outdoors,Water Bottle,16.67,3,0,50.01,0.0,50.01,Credit Card,0
ORD103104,2023-11-23,CUST03101,New,West,Electronics,Wireless Earbuds,58.17,4,5,232.68,11.63,221.05,UPI,0
ORD105705,2023-11-23,CUST04156,Returning,Central,Sports & Outdoors,Camping Tent,133.03,6,0,798.18,0.0,798.18,Debit Card,0
ORD101188,2023-11-23,CUST01785,New,Central,Home & Kitchen,Vacuum Cleaner,67.6,3,0,202.8,0.0,202.8,Cash on Delivery,0
ORD104048,2023-11-23,CUST01639,Returning,West,Apparel,Denim Jacket,103.74,6,15,622.44,93.37,529.07,UPI,0
ORD102863,2023-11-23,CUST03586,New,Central,Apparel,Denim Jacket,85.11,7,10,595.77,59.58,536.19,Credit Card,0
ORD101230,2023-11-24,CUST03303,New,South,Sports & Outdoors,Cycling Helmet,20.25,4,5,81.0,4.05,76.95,Cash on Delivery,0
ORD105939,2023-11-24,CUST02802,Returning,Central,Home & Kitchen,Cookware Set,56.12,3,5,168.36,8.42,159.94,Net Banking,0
ORD105134,2023-11-24,CUST02545,Returning,East,Apparel,Winter Coat,21.29,3,20,63.87,12.77,51.1,UPI,0
ORD102091,2023-11-24,CUST04922,VIP,West,Home & Kitchen,Cookware Set,98.34,6,0,590.04,0.0,590.04,UPI,0
ORD101576,2023-11-24,CUST02897,Returning,East,Apparel,Running Shoes,26.24,6,0,157.44,0.0,157.44,Debit Card,0
ORD105129,2023-11-24,CUST03853,Returning,South,Home & Kitchen,Blender,112.57,8,5,900.56,45.03,855.53,Debit Card,0
ORD102408,2023-11-25,CUST03966,VIP,East,Electronics,Bluetooth Speaker,187.1,3,5,561.3,28.06,533.24,UPI,0
ORD101554,2023-11-25,CUST03021,Returning,Central,Electronics,Smart Watch,145.54,6,5,873.24,43.66,829.58,UPI,0
ORD103511,2023-11-25,CUST03717,New,North,Electronics,Smart Watch,191.35,7,0,1339.45,0.0,1339.45,Credit Card,0
ORD101000,2023-11-25,CUST04693,Returning,East,Sports & Outdoors,Dumbbell Set,65.37,6,0,392.22,0.0,392.22,Cash on Delivery,1
ORD102555,2023-11-25,CUST01442,VIP,West,Electronics,Smartphone Case,15.7,4,0,62.8,0.0,62.8,Debit Card,0
ORD103731,2023-11-25,CUST04650,Returning,South,Sports & Outdoors,Camping Tent,76.53,4,15,306.12,45.92,260.2,Credit Card,0
ORD100806,2023-11-26,CUST01088,New,East,Home & Kitchen,Vacuum Cleaner,40.14,4,20,160.56,32.11,128.45,Credit Card,0
ORD101397,2023-11-26,CUST01764,VIP,Central,Sports & Outdoors,Camping Tent,67.67,8,0,541.36,0.0,541.36,Credit Card,0
ORD104589,2023-11-26,CUST03424,Returning,Central,Sports & Outdoors,Yoga Mat,97.21,7,0,680.47,0.0,680.47,Debit Card,0
ORD101252,2023-11-26,CUST01602,Returning,Central,Electronics,Power Bank,164.47,7,0,1151.29,0.0,1151.29,UPI,1
ORD100688,2023-11-26,CUST03834,Returning,Central,Apparel,Winter Coat,23.02,3,0,69.06,0.0,69.06,UPI,0
ORD101529,2023-11-26,CUST04730,Returning,South,Sports & Outdoors,Dumbbell Set,193.89,6,0,1163.34,0.0,1163.34,UPI,0
ORD104805,2023-11-27,CUST04764,New,West,Sports & Outdoors,Cycling Helmet,21.7,4,5,86.8,4.34,82.46,Net Banking,0
ORD104245,2023-11-27,CUST01706,Returning,East,Sports & Outdoors,Dumbbell Set,36.79,3,0,110.37,0.0,110.37,Debit Card,0
ORD102069,2023-11-27,CUST04849,Returning,West,Sports & Outdoors,Dumbbell Set,130.68,7,5,914.76,45.74,869.02,Debit Card,0
ORD104414,2023-11-27,CUST02514,Returning,West,Home & Kitchen,Vacuum Cleaner,104.76,14,0,1466.64,0.0,1466.64,UPI,1
ORD103817,2023-11-27,CUST03871,Returning,East,Beauty & Personal Care,Skincare Kit,26.04,6,10,156.24,15.62,140.62,Credit Card,0
ORD103919,2023-11-27,CUST02453,VIP,North,Sports & Outdoors,Cycling Helmet,37.81,6,0,226.86,0.0,226.86,UPI,0
ORD100011,2023-11-27,CUST04096,Returning,Central,Electronics,Power Bank,174.93,3,5,524.79,26.24,498.55,UPI,0
ORD105724,2023-11-27,CUST04644,Returning,East,Sports & Outdoors,Water Bottle,129.23,7,5,904.61,45.23,859.38,UPI,0
ORD103846,2023-11-27,CUST02427,Returning,Central,Apparel,Cotton T-Shirt,85.98,3,0,257.94,0.0,257.94,Debit Card,1
ORD105581,2023-11-27,CUST04271,Returning,North,Beauty & Personal Care,Skincare Kit,89.58,6,0,537.48,0.0,537.48,Credit Card,0
ORD100167,2023-11-27,CUST02228,Returning,North,Home & Kitchen,Air Fryer,22.16,10,0,221.6,0.0,221.6,Debit Card,0
ORD103935,2023-11-28,CUST02898,New,Central,Electronics,Bluetooth Speaker,82.5,7,0,577.5,0.0,577.5,UPI,0
ORD101876,2023-11-28,CUST02301,Returning,South,Beauty & Personal Care,Electric Trimmer,8.34,4,15,33.36,5.0,28.36,Debit Card,0
ORD103167,2023-11-28,CUST01736,VIP,North,Electronics,Bluetooth Speaker,143.36,7,20,1003.52,200.7,802.82,Credit Card,0
ORD105796,2023-11-28,CUST03849,VIP,West,Electronics,Wireless Earbuds,150.9,8,15,1207.2,181.08,1026.12,Credit Card,0
ORD103286,2023-11-28,CUST02979,Returning,East,Home & Kitchen,Blender,101.35,4,0,405.4,0.0,405.4,Debit Card,0
ORD101565,2023-11-28,CUST03618,Returning,North,Beauty & Personal Care,Electric Trimmer,58.57,3,0,175.71,0.0,175.71,UPI,0
ORD103254,2023-11-28,CUST03899,New,North,Electronics,Wireless Earbuds,213.23,3,0,639.69,0.0,639.69,Debit Card,0
ORD105596,2023-11-29,CUST02001,VIP,South,Beauty & Personal Care,Hair Dryer,72.73,6,0,436.38,0.0,436.38,Credit Card,0
ORD104666,2023-11-29,CUST03584,New,South,Electronics,Wireless Earbuds,53.67,1,5,53.67,2.68,50.99,Credit Card,0
ORD103246,2023-11-29,CUST04530,Returning,South,Apparel,Running Shoes,107.31,3,0,321.93,0.0,321.93,Credit Card,0
ORD103920,2023-11-29,CUST04376,VIP,East,Electronics,Wireless Earbuds,36.59,4,0,146.36,0.0,146.36,Credit Card,0
ORD101008,2023-11-30,CUST01593,Returning,West,Electronics,Bluetooth Speaker,190.95,7,5,1336.65,66.83,1269.82,UPI,0
ORD101971,2023-11-30,CUST04039,VIP,South,Apparel,Denim Jacket,48.14,7,0,336.98,0.0,336.98,Credit Card,0
ORD103125,2023-11-30,CUST03554,Returning,South,Beauty & Personal Care,Perfume,51.52,6,0,309.12,0.0,309.12,Debit Card,0
ORD105563,2023-11-30,CUST03841,Returning,West,Apparel,Cotton T-Shirt,68.9,3,15,206.7,31.0,175.7,Credit Card,1
ORD102121,2023-11-30,CUST03427,New,South,Electronics,Power Bank,17.26,4,0,69.04,0.0,69.04,UPI,0
ORD105984,2023-11-30,CUST04354,New,South,Beauty & Personal Care,Perfume,71.12,8,5,568.96,28.45,540.51,Credit Card,0
ORD101914,2023-11-30,CUST02064,Returning,North,Apparel,Cotton T-Shirt,106.14,7,0,742.98,0.0,742.98,Debit Card,0
ORD104459,2023-12-01,CUST01949,Returning,East,Home & Kitchen,Vacuum Cleaner,176.63,3,5,529.89,26.49,503.4,Debit Card,0
ORD105387,2023-12-01,CUST03333,New,East,Electronics,Smartphone Case,101.43,6,0,608.58,0.0,608.58,Cash on Delivery,0
ORD101428,2023-12-01,CUST01128,New,North,Home & Kitchen,Blender,114.03,4,10,456.12,45.61,410.51,UPI,0
ORD105658,2023-12-01,CUST02902,Returning,South,Beauty & Personal Care,Electric Trimmer,17.81,3,15,53.43,8.01,45.42,Credit Card,0
ORD104668,2023-12-01,CUST01975,Returning,West,Home & Kitchen,Air Fryer,141.05,3,0,423.15,0.0,423.15,Net Banking,0
ORD101895,2023-12-01,CUST01955,New,West,Home & Kitchen,Air Fryer,142.93,8,0,1143.44,0.0,1143.44,UPI,0
ORD104661,2023-12-01,CUST01793,Returning,North,Home & Kitchen,Blender,122.1,7,0,854.7,0.0,854.7,Debit Card,0
ORD101659,2023-12-01,CUST02242,VIP,West,Beauty & Personal Care,Electric Trimmer,21.48,7,0,150.36,0.0,150.36,UPI,0
ORD100790,2023-12-01,CUST01882,New,North,Apparel,Yoga Pants,75.06,4,20,300.24,60.05,240.19,Net Banking,0
ORD100797,2023-12-01,CUST02751,VIP,East,Electronics,Smart Watch,229.26,6,15,1375.56,206.33,1169.23,Net Banking,0
ORD104634,2023-12-02,CUST01986,New,South,Electronics,Bluetooth Speaker,118.67,3,5,356.01,17.8,338.21,Cash on Delivery,0
ORD104210,2023-12-02,CUST04916,New,Central,Beauty & Personal Care,Skincare Kit,12.81,4,20,51.24,10.25,40.99,Credit Card,0
ORD104748,2023-12-02,CUST04273,New,South,Beauty & Personal Care,Perfume,27.22,7,0,190.54,0.0,190.54,UPI,0
ORD102716,2023-12-02,CUST04152,VIP,East,Apparel,Cotton T-Shirt,52.15,3,0,156.45,0.0,156.45,Cash on Delivery,0
ORD102363,2023-12-02,CUST03499,New,Central,Home & Kitchen,Vacuum Cleaner,172.57,4,5,690.28,34.51,655.77,UPI,0
ORD101601,2023-12-02,CUST03393,New,West,Home & Kitchen,Cookware Set,88.93,4,0,355.72,0.0,355.72,Net Banking,0
ORD102009,2023-12-02,CUST01836,Returning,South,Home & Kitchen,Air Fryer,162.24,4,0,648.96,0.0,648.96,Credit Card,0
ORD102112,2023-12-02,CUST04822,New,South,Sports & Outdoors,Water Bottle,49.71,6,5,298.26,14.91,283.35,UPI,0
ORD105755,2023-12-02,CUST04517,New,South,Sports & Outdoors,Yoga Mat,48.17,4,15,192.68,28.9,163.78,Net Banking,0
ORD100491,2023-12-02,CUST02263,Returning,West,Home & Kitchen,Vacuum Cleaner,113.48,1,5,113.48,5.67,107.81,Credit Card,0
ORD104181,2023-12-03,CUST03457,VIP,North,Electronics,Wireless Earbuds,126.25,4,0,505.0,0.0,505.0,Net Banking,0
ORD103513,2023-12-03,CUST02746,New,North,Electronics,Wireless Earbuds,218.54,4,0,874.16,0.0,874.16,Credit Card,0
ORD105125,2023-12-03,CUST01883,Returning,South,Electronics,Smartphone Case,212.31,3,0,636.93,0.0,636.93,Cash on Delivery,0
ORD102551,2023-12-03,CUST02884,VIP,East,Beauty & Personal Care,Skincare Kit,34.68,4,5,138.72,6.94,131.78,Debit Card,0
ORD100859,2023-12-03,CUST01271,Returning,East,Beauty & Personal Care,Hair Dryer,43.63,6,0,261.78,0.0,261.78,Credit Card,1
ORD105442,2023-12-03,CUST01789,New,West,Beauty & Personal Care,Hair Dryer,41.59,6,0,249.54,0.0,249.54,Debit Card,1
ORD105826,2023-12-03,CUST02112,New,Central,Sports & Outdoors,Cycling Helmet,199.71,4,5,798.84,39.94,758.9,Credit Card,0
ORD103624,2023-12-03,CUST02222,Returning,West,Beauty & Personal Care,Perfume,84.38,4,5,337.52,16.88,320.64,Credit Card,0
ORD105001,2023-12-04,CUST03219,Returning,West,Apparel,Cotton T-Shirt,52.84,4,0,211.36,0.0,211.36,UPI,0
ORD100256,2023-12-04,CUST03896,Returning,North,Beauty & Personal Care,Skincare Kit,67.81,4,5,271.24,13.56,257.68,UPI,0
ORD101772,2023-12-04,CUST01825,Returning,East,Home & Kitchen,Cookware Set,90.75,4,10,363.0,36.3,326.7,Debit Card,0
ORD100299,2023-12-04,CUST02019,Returning,South,Electronics,Bluetooth Speaker,162.71,3,5,488.13,24.41,463.72,Credit Card,0
ORD103030,2023-12-04,CUST02096,New,West,Sports & Outdoors,Dumbbell Set,178.94,10,0,1789.4,0.0,1789.4,Net Banking,1
ORD105154,2023-12-04,CUST01642,Returning,East,Apparel,Winter Coat,28.67,4,5,114.68,5.73,108.95,Credit Card,0
ORD104280,2023-12-04,CUST04447,New,West,Electronics,Power Bank,120.73,4,0,482.92,0.0,482.92,Credit Card,0
ORD100089,2023-12-04,CUST01428,Returning,Central,Apparel,Denim Jacket,38.34,8,0,306.72,0.0,306.72,Credit Card,0
ORD104416,2023-12-04,CUST04026,VIP,South,Electronics,Smart Watch,18.48,8,0,147.84,0.0,147.84,Cash on Delivery,0
ORD102460,2023-12-04,CUST04630,New,North,Apparel,Yoga Pants,85.0,4,0,340.0,0.0,340.0,UPI,0
ORD104421,2023-12-04,CUST01284,New,Central,Apparel,Winter Coat,63.47,6,15,380.82,57.12,323.7,Debit Card,0
ORD100615,2023-12-05,CUST04814,New,Central,Electronics,Smart Watch,27.16,1,0,27.16,0.0,27.16,UPI,1
ORD104642,2023-12-05,CUST03440,Returning,South,Apparel,Yoga Pants,14.21,4,0,56.84,0.0,56.84,Debit Card,0
ORD105686,2023-12-05,CUST03176,New,North,Sports & Outdoors,Water Bottle,68.27,6,0,409.62,0.0,409.62,Net Banking,0
ORD104847,2023-12-05,CUST04185,New,North,Apparel,Winter Coat,61.01,8,10,488.08,48.81,439.27,UPI,0
ORD104206,2023-12-05,CUST01153,VIP,East,Electronics,Bluetooth Speaker,170.6,8,10,1364.8,136.48,1228.32,UPI,0
ORD101404,2023-12-05,CUST02719,VIP,West,Apparel,Cotton T-Shirt,86.25,4,15,345.0,51.75,293.25,UPI,0
ORD103863,2023-12-05,CUST02132,New,East,Apparel,Denim Jacket,41.45,6,0,248.7,0.0,248.7,Debit Card,0
ORD104776,2023-12-06,CUST04465,New,Central,Home & Kitchen,Air Fryer,107.13,4,20,428.52,85.7,342.82,Cash on Delivery,0
ORD104177,2023-12-06,CUST01160,New,East,Electronics,Smartphone Case,102.43,6,10,614.58,61.46,553.12,Debit Card,0
ORD100057,2023-12-06,CUST04192,Returning,East,Home & Kitchen,Vacuum Cleaner,125.87,3,0,377.61,0.0,377.61,Debit Card,0
ORD104934,2023-12-06,CUST03026,Returning,Central,Beauty & Personal Care,Electric Trimmer,83.74,6,0,502.44,0.0,502.44,Credit Card,0
ORD101488,2023-12-06,CUST04795,New,North,Electronics,Bluetooth Speaker,191.08,3,5,573.24,28.66,544.58,Debit Card,0
ORD105787,2023-12-06,CUST02502,Returning,West,Apparel,Yoga Pants,84.53,4,20,338.12,67.62,270.5,UPI,0
ORD100166,2023-12-06,CUST01806,New,North,Sports & Outdoors,Yoga Mat,193.17,10,0,1931.7,0.0,1931.7,UPI,0
ORD104777,2023-12-06,CUST03087,Returning,West,Home & Kitchen,Blender,150.37,6,5,902.22,45.11,857.11,Debit Card,0
ORD103437,2023-12-07,CUST02969,Returning,West,Apparel,Running Shoes,66.66,6,0,399.96,0.0,399.96,Net Banking,0
ORD103227,2023-12-07,CUST04818,Returning,Central,Beauty & Personal Care,Face Serum,47.18,4,0,188.72,0.0,188.72,UPI,0
ORD104481,2023-12-07,CUST02577,New,North,Beauty & Personal Care,Electric Trimmer,78.1,7,0,546.7,0.0,546.7,Credit Card,0
ORD100474,2023-12-07,CUST03690,Returning,North,Apparel,Cotton T-Shirt,92.74,11,0,1020.14,0.0,1020.14,UPI,0
ORD102012,2023-12-07,CUST04932,Returning,East,Electronics,Bluetooth Speaker,37.9,10,15,379.0,56.85,322.15,Credit Card,0
ORD102315,2023-12-07,CUST02245,Returning,South,Apparel,Yoga Pants,111.85,7,0,782.95,0.0,782.95,Debit Card,0
ORD105703,2023-12-07,CUST04312,Returning,West,Home & Kitchen,Blender,92.01,10,0,920.1,0.0,920.1,UPI,0
ORD104381,2023-12-07,CUST03423,New,West,Electronics,Wireless Earbuds,169.04,10,0,1690.4,0.0,1690.4,Debit Card,0
ORD102808,2023-12-08,CUST03929,Returning,East,Apparel,Yoga Pants,110.5,3,5,331.5,16.58,314.92,UPI,0
ORD100556,2023-12-08,CUST03006,Returning,North,Home & Kitchen,Cookware Set,54.71,3,0,164.13,0.0,164.13,UPI,0
ORD105206,2023-12-08,CUST02083,VIP,East,Beauty & Personal Care,Skincare Kit,58.71,3,10,176.13,17.61,158.52,UPI,0
ORD102328,2023-12-08,CUST04329,New,North,Electronics,Bluetooth Speaker,165.48,8,0,1323.84,0.0,1323.84,UPI,0
ORD101321,2023-12-08,CUST04910,New,South,Electronics,Power Bank,198.32,7,10,1388.24,138.82,1249.42,Credit Card,0
ORD100619,2023-12-08,CUST04141,New,Central,Home & Kitchen,Air Fryer,150.25,10,0,1502.5,0.0,1502.5,Cash on Delivery,0
ORD101182,2023-12-08,CUST03495,Returning,West,Electronics,Smartphone Case,65.11,1,0,65.11,0.0,65.11,Debit Card,0
ORD104107,2023-12-08,CUST04781,Returning,West,Electronics,Bluetooth Speaker,19.59,6,10,117.54,11.75,105.79,Net Banking,0
ORD100409,2023-12-08,CUST04420,Returning,South,Electronics,Smartphone Case,104.56,6,0,627.36,0.0,627.36,UPI,0
ORD102257,2023-12-08,CUST03009,New,South,Beauty & Personal Care,Face Serum,42.67,7,0,298.69,0.0,298.69,Credit Card,0
ORD103666,2023-12-09,CUST03170,New,West,Apparel,Winter Coat,13.04,4,0,52.16,0.0,52.16,Debit Card,0
ORD104888,2023-12-09,CUST03062,New,East,Electronics,Smart Watch,157.98,14,0,2211.72,0.0,2211.72,Credit Card,0
ORD103269,2023-12-09,CUST01826,New,West,Home & Kitchen,Vacuum Cleaner,69.11,4,0,276.44,0.0,276.44,Debit Card,0
ORD103430,2023-12-09,CUST03109,New,South,Beauty & Personal Care,Face Serum,16.48,7,5,115.36,5.77,109.59,Net Banking,0
ORD102104,2023-12-09,CUST03584,New,East,Beauty & Personal Care,Electric Trimmer,71.27,4,5,285.08,14.25,270.83,UPI,0
ORD103164,2023-12-09,CUST04517,Returning,North,Sports & Outdoors,Yoga Mat,168.72,1,5,168.72,8.44,160.28,Net Banking,0
ORD105023,2023-12-09,CUST04094,New,North,Sports & Outdoors,Dumbbell Set,165.41,4,0,661.64,0.0,661.64,Net Banking,0
ORD104112,2023-12-09,CUST01229,VIP,East,Sports & Outdoors,Dumbbell Set,38.31,4,10,153.24,15.32,137.92,Credit Card,0
ORD101763,2023-12-10,CUST01697,New,North,Apparel,Running Shoes,41.39,4,15,165.56,24.83,140.73,Cash on Delivery,0
ORD102071,2023-12-10,CUST02881,New,North,Electronics,Bluetooth Speaker,202.86,4,15,811.44,121.72,689.72,Credit Card,0
ORD102896,2023-12-10,CUST03376,VIP,Central,Electronics,Power Bank,111.96,7,0,783.72,0.0,783.72,Net Banking,1
ORD100100,2023-12-10,CUST01969,VIP,West,Beauty & Personal Care,Electric Trimmer,77.4,3,0,232.2,0.0,232.2,Cash on Delivery,0
ORD105871,2023-12-10,CUST03347,New,South,Sports & Outdoors,Dumbbell Set,44.13,7,0,308.91,0.0,308.91,Credit Card,0
ORD100020,2023-12-10,CUST01770,New,West,Home & Kitchen,Air Fryer,86.48,4,0,345.92,0.0,345.92,Credit Card,0
ORD101514,2023-12-10,CUST02716,Returning,Central,Home & Kitchen,Air Fryer,59.46,8,5,475.68,23.78,451.9,Net Banking,0
ORD103234,2023-12-10,CUST01718,New,South,Apparel,Yoga Pants,57.58,3,0,172.74,0.0,172.74,Credit Card,0
ORD103387,2023-12-10,CUST03725,Returning,South,Electronics,Wireless Earbuds,109.24,3,0,327.72,0.0,327.72,UPI,1
ORD101505,2023-12-10,CUST01578,Returning,South,Electronics,Wireless Earbuds,142.71,7,0,998.97,0.0,998.97,UPI,0
ORD102033,2023-12-11,CUST02877,Returning,South,Electronics,Wireless Earbuds,93.14,4,0,372.56,0.0,372.56,Net Banking,0
ORD102397,2023-12-11,CUST03211,Returning,West,Apparel,Running Shoes,80.17,6,10,481.02,48.1,432.92,Credit Card,0
ORD102139,2023-12-11,CUST02128,Returning,North,Electronics,Smart Watch,30.52,3,0,91.56,0.0,91.56,Net Banking,0
ORD104307,2023-12-11,CUST02780,Returning,North,Beauty & Personal Care,Skincare Kit,45.78,7,0,320.46,0.0,320.46,UPI,0
ORD102617,2023-12-11,CUST01623,New,South,Home & Kitchen,Vacuum Cleaner,159.62,7,0,1117.34,0.0,1117.34,Debit Card,0
ORD105109,2023-12-11,CUST02627,Returning,North,Apparel,Cotton T-Shirt,84.23,6,10,505.38,50.54,454.84,Credit Card,0
ORD101610,2023-12-11,CUST04190,New,East,Electronics,Wireless Earbuds,164.4,4,15,657.6,98.64,558.96,Credit Card,1
ORD105337,2023-12-11,CUST03454,New,North,Apparel,Cotton T-Shirt,82.15,8,0,657.2,0.0,657.2,UPI,0
ORD105064,2023-12-11,CUST04422,VIP,Central,Electronics,Smartphone Case,210.22,4,0,840.88,0.0,840.88,Net Banking,0
ORD100436,2023-12-12,CUST02923,New,North,Electronics,Smartphone Case,228.72,6,0,1372.32,0.0,1372.32,Credit Card,0
ORD100843,2023-12-12,CUST01643,Returning,North,Electronics,Bluetooth Speaker,123.7,7,0,865.9,0.0,865.9,Credit Card,0
ORD101105,2023-12-12,CUST04533,New,Central,Sports & Outdoors,Camping Tent,75.95,10,20,759.5,151.9,607.6,Debit Card,0
ORD100248,2023-12-12,CUST02584,VIP,South,Sports & Outdoors,Yoga Mat,20.34,11,0,223.74,0.0,223.74,UPI,0
ORD100265,2023-12-12,CUST03153,New,East,Electronics,Smartphone Case,131.05,10,0,1310.5,0.0,1310.5,Credit Card,0
ORD101133,2023-12-12,CUST03635,New,West,Home & Kitchen,Blender,119.61,4,0,478.44,0.0,478.44,Net Banking,0
ORD100055,2023-12-12,CUST03857,New,North,Apparel,Winter Coat,34.97,8,0,279.76,0.0,279.76,Debit Card,0
ORD101158,2023-12-13,CUST04523,New,South,Electronics,Smart Watch,30.28,7,10,211.96,21.2,190.76,UPI,0
ORD103193,2023-12-13,CUST01276,Returning,West,Sports & Outdoors,Dumbbell Set,25.5,6,20,153.0,30.6,122.4,UPI,0
ORD100763,2023-12-14,CUST03434,New,Central,Home & Kitchen,Coffee Maker,95.59,3,0,286.77,0.0,286.77,Credit Card,0
ORD104691,2023-12-14,CUST04079,New,North,Sports & Outdoors,Camping Tent,111.56,6,5,669.36,33.47,635.89,Debit Card,0
ORD100650,2023-12-14,CUST03520,Returning,East,Home & Kitchen,Air Fryer,73.68,3,0,221.04,0.0,221.04,Debit Card,0
ORD105971,2023-12-14,CUST04668,Returning,North,Apparel,Yoga Pants,58.38,4,0,233.52,0.0,233.52,Credit Card,0
ORD105711,2023-12-14,CUST03837,New,South,Sports & Outdoors,Camping Tent,163.05,4,0,652.2,0.0,652.2,Credit Card,0
ORD102290,2023-12-14,CUST01396,Returning,West,Electronics,Smartphone Case,163.72,8,0,1309.76,0.0,1309.76,Net Banking,0
ORD103185,2023-12-14,CUST03360,Returning,Central,Home & Kitchen,Cookware Set,167.17,10,5,1671.7,83.58,1588.12,Debit Card,0
ORD105986,2023-12-14,CUST02399,New,East,Apparel,Cotton T-Shirt,41.48,3,15,124.44,18.67,105.77,Net Banking,0
ORD100170,2023-12-14,CUST02760,Returning,South,Home & Kitchen,Cookware Set,151.92,3,0,455.76,0.0,455.76,UPI,1
ORD100695,2023-12-14,CUST01497,Returning,East,Home & Kitchen,Cookware Set,67.85,6,0,407.1,0.0,407.1,Cash on Delivery,0
ORD101746,2023-12-15,CUST04699,VIP,East,Electronics,Smart Watch,123.89,3,0,371.67,0.0,371.67,Credit Card,0
ORD105105,2023-12-15,CUST02404,New,North,Beauty & Personal Care,Face Serum,25.37,7,0,177.59,0.0,177.59,UPI,0
ORD103988,2023-12-15,CUST02255,New,North,Home & Kitchen,Blender,121.96,7,20,853.72,170.74,682.98,Net Banking,1
ORD100351,2023-12-15,CUST03429,Returning,West,Apparel,Winter Coat,53.79,7,15,376.53,56.48,320.05,UPI,0
ORD101590,2023-12-15,CUST03041,Returning,North,Apparel,Denim Jacket,91.94,4,0,367.76,0.0,367.76,Debit Card,0
ORD103526,2023-12-15,CUST03296,VIP,East,Home & Kitchen,Vacuum Cleaner,23.14,8,5,185.12,9.26,175.86,Credit Card,0
ORD101018,2023-12-15,CUST02727,Returning,East,Home & Kitchen,Coffee Maker,78.05,7,20,546.35,109.27,437.08,UPI,0
ORD100245,2023-12-15,CUST02749,Returning,East,Beauty & Personal Care,Skincare Kit,58.42,10,10,584.2,58.42,525.78,Cash on Delivery,0
ORD102781,2023-12-15,CUST01310,Returning,East,Sports & Outdoors,Water Bottle,104.42,1,0,104.42,0.0,104.42,Debit Card,0
ORD101226,2023-12-15,CUST01493,Returning,West,Electronics,Bluetooth Speaker,209.0,3,15,627.0,94.05,532.95,Credit Card,0
ORD101458,2023-12-15,CUST04958,Returning,South,Beauty & Personal Care,Skincare Kit,29.36,1,0,29.36,0.0,29.36,Credit Card,0
ORD102542,2023-12-16,CUST04930,Returning,South,Sports & Outdoors,Water Bottle,154.6,6,5,927.6,46.38,881.22,Cash on Delivery,0
ORD100939,2023-12-16,CUST01855,Returning,South,Beauty & Personal Care,Face Serum,34.27,10,0,342.7,0.0,342.7,UPI,0
ORD100941,2023-12-16,CUST04708,Returning,Central,Electronics,Smart Watch,128.56,4,0,514.24,0.0,514.24,Debit Card,0
ORD100855,2023-12-16,CUST04693,VIP,East,Apparel,Running Shoes,116.63,3,5,349.89,17.49,332.4,Cash on Delivery,0
ORD104964,2023-12-16,CUST02156,VIP,North,Apparel,Winter Coat,75.2,4,5,300.8,15.04,285.76,Credit Card,1
ORD100423,2023-12-16,CUST03201,Returning,North,Apparel,Winter Coat,21.49,4,0,85.96,0.0,85.96,Credit Card,1
ORD105495,2023-12-16,CUST02217,Returning,Central,Sports & Outdoors,Dumbbell Set,126.77,3,0,380.31,0.0,380.31,UPI,0
ORD102740,2023-12-16,CUST01050,Returning,East,Apparel,Cotton T-Shirt,116.02,8,15,928.16,139.22,788.94,Cash on Delivery,0
ORD102140,2023-12-16,CUST02046,Returning,South,Apparel,Yoga Pants,23.14,7,0,161.98,0.0,161.98,UPI,0
ORD103309,2023-12-16,CUST03420,VIP,East,Electronics,Smart Watch,102.5,4,0,410.0,0.0,410.0,Credit Card,0
ORD105295,2023-12-17,CUST01199,Returning,North,Apparel,Running Shoes,37.17,11,0,408.87,0.0,408.87,Cash on Delivery,0
ORD102143,2023-12-17,CUST01724,New,West,Apparel,Denim Jacket,13.94,3,0,41.82,0.0,41.82,Debit Card,0
ORD102574,2023-12-17,CUST04704,New,West,Sports & Outdoors,Yoga Mat,66.95,6,0,401.7,0.0,401.7,UPI,0
ORD104820,2023-12-17,CUST01727,Returning,West,Beauty & Personal Care,Hair Dryer,8.45,7,5,59.15,2.96,56.19,Debit Card,0
ORD104336,2023-12-18,CUST01568,Returning,South,Beauty & Personal Care,Electric Trimmer,37.42,1,0,37.42,0.0,37.42,Credit Card,0
ORD102015,2023-12-18,CUST03493,New,South,Sports & Outdoors,Camping Tent,82.37,1,0,82.37,0.0,82.37,Credit Card,0
ORD101866,2023-12-18,CUST03390,Returning,Central,Apparel,Winter Coat,58.68,6,15,352.08,52.81,299.27,UPI,0
ORD103959,2023-12-18,CUST03543,New,East,Home & Kitchen,Coffee Maker,122.77,4,0,491.08,0.0,491.08,Debit Card,0
ORD102543,2023-12-18,CUST04231,Returning,South,Apparel,Yoga Pants,81.71,6,5,490.26,24.51,465.75,Cash on Delivery,0
ORD102636,2023-12-19,CUST01100,New,East,Beauty & Personal Care,Perfume,31.94,8,10,255.52,25.55,229.97,UPI,0
ORD101875,2023-12-19,CUST04623,Returning,North,Apparel,Denim Jacket,11.47,3,0,34.41,0.0,34.41,Cash on Delivery,0
ORD102235,2023-12-19,CUST01603,New,Central,Home & Kitchen,Cookware Set,60.47,4,0,241.88,0.0,241.88,UPI,0
ORD102239,2023-12-19,CUST02826,New,East,Beauty & Personal Care,Perfume,54.25,4,0,217.0,0.0,217.0,UPI,0
ORD101604,2023-12-19,CUST01591,New,North,Beauty & Personal Care,Skincare Kit,44.32,8,0,354.56,0.0,354.56,Net Banking,0
ORD102993,2023-12-19,CUST04001,New,East,Sports & Outdoors,Dumbbell Set,16.35,10,20,163.5,32.7,130.8,Credit Card,0
ORD104592,2023-12-20,CUST01024,Returning,Central,Apparel,Denim Jacket,87.59,8,0,700.72,0.0,700.72,UPI,0
ORD103653,2023-12-20,CUST04664,Returning,East,Beauty & Personal Care,Face Serum,46.78,8,15,374.24,56.14,318.1,Credit Card,0
ORD100398,2023-12-20,CUST03654,Returning,West,Beauty & Personal Care,Face Serum,35.59,6,0,213.54,0.0,213.54,UPI,0
ORD103948,2023-12-20,CUST01459,Returning,West,Electronics,Bluetooth Speaker,111.29,6,0,667.74,0.0,667.74,Credit Card,0
ORD104034,2023-12-20,CUST02550,New,South,Electronics,Wireless Earbuds,144.97,6,20,869.82,173.96,695.86,UPI,0
ORD103432,2023-12-20,CUST03832,New,South,Apparel,Denim Jacket,24.09,6,0,144.54,0.0,144.54,UPI,0
ORD102263,2023-12-20,CUST04362,New,Central,Electronics,Power Bank,91.02,1,0,91.02,0.0,91.02,Credit Card,0
ORD103078,2023-12-20,CUST03307,New,West,Electronics,Smartphone Case,43.99,6,0,263.94,0.0,263.94,UPI,0
ORD102870,2023-12-20,CUST04197,Returning,Central,Electronics,Bluetooth Speaker,42.62,6,5,255.72,12.79,242.93,Cash on Delivery,0
ORD105020,2023-12-21,CUST02688,New,West,Home & Kitchen,Air Fryer,103.41,7,5,723.87,36.19,687.68,Credit Card,0
ORD105847,2023-12-21,CUST03694,New,North,Electronics,Smart Watch,80.39,3,5,241.17,12.06,229.11,UPI,0
ORD105456,2023-12-21,CUST02869,Returning,South,Home & Kitchen,Vacuum Cleaner,72.47,7,0,507.29,0.0,507.29,Debit Card,0
ORD103577,2023-12-21,CUST02038,New,South,Beauty & Personal Care,Electric Trimmer,11.36,6,0,68.16,0.0,68.16,UPI,0
ORD103717,2023-12-21,CUST04178,VIP,West,Home & Kitchen,Blender,105.17,8,0,841.36,0.0,841.36,Credit Card,0
ORD104841,2023-12-21,CUST03491,Returning,North,Home & Kitchen,Vacuum Cleaner,94.15,10,15,941.5,141.22,800.28,Cash on Delivery,0
ORD105251,2023-12-21,CUST02588,Returning,South,Sports & Outdoors,Water Bottle,125.18,6,5,751.08,37.55,713.53,UPI,0
ORD105564,2023-12-21,CUST01132,Returning,Central,Apparel,Winter Coat,73.71,3,0,221.13,0.0,221.13,Credit Card,0
ORD104710,2023-12-21,CUST02297,Returning,Central,Sports & Outdoors,Camping Tent,157.89,4,0,631.56,0.0,631.56,Net Banking,0
ORD103749,2023-12-22,CUST01438,New,North,Home & Kitchen,Coffee Maker,161.76,6,10,970.56,97.06,873.5,Credit Card,0
ORD104836,2023-12-22,CUST04847,Returning,East,Apparel,Cotton T-Shirt,93.78,8,10,750.24,75.02,675.22,Debit Card,0
ORD101117,2023-12-22,CUST02494,New,West,Electronics,Smart Watch,219.67,1,0,219.67,0.0,219.67,Credit Card,0
ORD102786,2023-12-22,CUST03296,New,South,Apparel,Yoga Pants,11.08,3,0,33.24,0.0,33.24,Credit Card,0
ORD101631,2023-12-22,CUST03431,Returning,East,Sports & Outdoors,Camping Tent,76.89,11,0,845.79,0.0,845.79,UPI,1
ORD101613,2023-12-22,CUST01773,New,North,Home & Kitchen,Vacuum Cleaner,24.08,3,20,72.24,14.45,57.79,UPI,0
ORD101311,2023-12-22,CUST02600,Returning,North,Beauty & Personal Care,Perfume,48.5,1,0,48.5,0.0,48.5,Cash on Delivery,0
ORD105805,2023-12-22,CUST03244,New,North,Beauty & Personal Care,Skincare Kit,61.13,6,15,366.78,55.02,311.76,UPI,0
ORD101855,2023-12-22,CUST03080,Returning,Central,Beauty & Personal Care,Electric Trimmer,46.07,7,0,322.49,0.0,322.49,Debit Card,0
ORD100479,2023-12-23,CUST01083,VIP,West,Beauty & Personal Care,Face Serum,58.04,3,0,174.12,0.0,174.12,Credit Card,0
ORD101556,2023-12-23,CUST04617,Returning,West,Apparel,Winter Coat,49.43,4,0,197.72,0.0,197.72,Credit Card,0
ORD104096,2023-12-23,CUST01597,Returning,South,Beauty & Personal Care,Electric Trimmer,26.69,6,0,160.14,0.0,160.14,Debit Card,0
ORD103317,2023-12-23,CUST01395,New,South,Electronics,Wireless Earbuds,46.63,6,0,279.78,0.0,279.78,Debit Card,0
ORD103937,2023-12-23,CUST03373,Returning,West,Beauty & Personal Care,Hair Dryer,66.52,4,0,266.08,0.0,266.08,Debit Card,0
ORD103575,2023-12-24,CUST01150,New,West,Electronics,Smart Watch,223.1,10,0,2231.0,0.0,2231.0,Net Banking,0
ORD100689,2023-12-24,CUST04374,New,West,Home & Kitchen,Blender,146.71,4,5,586.84,29.34,557.5,Credit Card,0
ORD103586,2023-12-24,CUST03629,VIP,Central,Electronics,Power Bank,144.6,1,0,144.6,0.0,144.6,Credit Card,0
ORD105996,2023-12-24,CUST01311,Returning,North,Electronics,Smartphone Case,126.56,6,0,759.36,0.0,759.36,UPI,0
ORD102016,2023-12-24,CUST03704,VIP,North,Beauty & Personal Care,Skincare Kit,87.86,6,20,527.16,105.43,421.73,Debit Card,0
ORD103594,2023-12-24,CUST02607,New,South,Home & Kitchen,Coffee Maker,64.31,8,0,514.48,0.0,514.48,Credit Card,0
ORD104973,2023-12-24,CUST02700,New,Central,Apparel,Running Shoes,62.42,6,0,374.52,0.0,374.52,Credit Card,0
ORD100181,2023-12-25,CUST04311,Returning,East,Beauty & Personal Care,Electric Trimmer,57.87,8,20,462.96,92.59,370.37,UPI,0
ORD103442,2023-12-25,CUST01461,VIP,West,Home & Kitchen,Air Fryer,116.15,8,5,929.2,46.46,882.74,Credit Card,0
ORD105945,2023-12-25,CUST04247,New,East,Home & Kitchen,Blender,133.15,4,0,532.6,0.0,532.6,UPI,0
ORD104010,2023-12-25,CUST02372,Returning,South,Home & Kitchen,Air Fryer,92.41,3,0,277.23,0.0,277.23,Credit Card,0
ORD101820,2023-12-25,CUST02295,VIP,Central,Apparel,Denim Jacket,108.23,6,0,649.38,0.0,649.38,Credit Card,0
ORD101295,2023-12-25,CUST04082,Returning,East,Beauty & Personal Care,Face Serum,44.43,6,20,266.58,53.32,213.26,Debit Card,0
ORD101487,2023-12-25,CUST02482,Returning,West,Electronics,Wireless Earbuds,86.63,10,10,866.3,86.63,779.67,Credit Card,0
ORD102420,2023-12-25,CUST04878,New,West,Electronics,Bluetooth Speaker,27.68,3,0,83.04,0.0,83.04,Credit Card,0
ORD105277,2023-12-26,CUST03237,VIP,Central,Apparel,Denim Jacket,25.7,8,0,205.6,0.0,205.6,Debit Card,0
ORD100821,2023-12-26,CUST02469,New,East,Beauty & Personal Care,Electric Trimmer,41.89,13,5,544.57,27.23,517.34,Debit Card,0
ORD103868,2023-12-26,CUST01043,New,South,Apparel,Yoga Pants,64.25,8,20,514.0,102.8,411.2,Cash on Delivery,0
ORD104983,2023-12-26,CUST02981,New,West,Beauty & Personal Care,Hair Dryer,53.95,6,0,323.7,0.0,323.7,Debit Card,0
ORD101644,2023-12-26,CUST04382,New,South,Beauty & Personal Care,Electric Trimmer,30.44,7,0,213.08,0.0,213.08,UPI,1
ORD102607,2023-12-26,CUST01078,Returning,Central,Sports & Outdoors,Yoga Mat,43.3,8,0,346.4,0.0,346.4,Credit Card,0
ORD101186,2023-12-26,CUST03408,New,West,Beauty & Personal Care,Skincare Kit,50.75,1,0,50.75,0.0,50.75,Cash on Delivery,1
ORD103347,2023-12-26,CUST03769,New,North,Sports & Outdoors,Camping Tent,60.05,7,0,420.35,0.0,420.35,Credit Card,0
ORD105357,2023-12-26,CUST04552,Returning,Central,Sports & Outdoors,Camping Tent,167.9,3,15,503.7,75.55,428.15,Debit Card,0
ORD102554,2023-12-26,CUST01106,New,West,Electronics,Smart Watch,19.7,4,0,78.8,0.0,78.8,Debit Card,0
ORD104282,2023-12-27,CUST01032,New,West,Home & Kitchen,Blender,89.5,6,0,537.0,0.0,537.0,Credit Card,0
ORD102041,2023-12-27,CUST02434,Returning,West,Sports & Outdoors,Yoga Mat,127.38,4,5,509.52,25.48,484.04,Credit Card,0
ORD103887,2023-12-27,CUST04920,New,Central,Home & Kitchen,Cookware Set,83.97,4,0,335.88,0.0,335.88,UPI,0
ORD105741,2023-12-27,CUST02816,New,East,Home & Kitchen,Vacuum Cleaner,68.75,4,5,275.0,13.75,261.25,Credit Card,0
ORD100647,2023-12-27,CUST04007,Returning,West,Home & Kitchen,Blender,101.64,7,0,711.48,0.0,711.48,UPI,0
ORD101948,2023-12-27,CUST03718,New,Central,Beauty & Personal Care,Perfume,86.18,4,0,344.72,0.0,344.72,UPI,1
ORD103194,2023-12-27,CUST04234,New,East,Beauty & Personal Care,Skincare Kit,11.56,6,0,69.36,0.0,69.36,Debit Card,0
ORD101178,2023-12-27,CUST01277,New,North,Electronics,Wireless Earbuds,152.89,3,0,458.67,0.0,458.67,Credit Card,0
ORD102314,2023-12-27,CUST04206,New,Central,Sports & Outdoors,Water Bottle,187.08,7,10,1309.56,130.96,1178.6,Debit Card,0
ORD103856,2023-12-28,CUST02950,Returning,South,Electronics,Wireless Earbuds,40.7,7,0,284.9,0.0,284.9,UPI,0
ORD103956,2023-12-28,CUST03927,New,South,Home & Kitchen,Blender,85.53,3,0,256.59,0.0,256.59,Debit Card,0
ORD102160,2023-12-28,CUST02797,Returning,North,Electronics,Wireless Earbuds,106.48,4,0,425.92,0.0,425.92,Cash on Delivery,0
ORD104512,2023-12-28,CUST01954,Returning,North,Sports & Outdoors,Cycling Helmet,126.72,3,0,380.16,0.0,380.16,UPI,0
ORD103208,2023-12-28,CUST03483,VIP,West,Beauty & Personal Care,Face Serum,47.65,7,0,333.55,0.0,333.55,Net Banking,0
ORD102652,2023-12-28,CUST03125,New,West,Electronics,Power Bank,233.69,3,5,701.07,35.05,666.02,UPI,0
ORD104581,2023-12-29,CUST04228,VIP,East,Beauty & Personal Care,Hair Dryer,73.24,1,15,73.24,10.99,62.25,Credit Card,0
ORD101626,2023-12-29,CUST02671,New,West,Apparel,Cotton T-Shirt,51.56,3,5,154.68,7.73,146.95,Credit Card,0
ORD104450,2023-12-29,CUST04972,New,West,Sports & Outdoors,Water Bottle,102.73,7,15,719.11,107.87,611.24,UPI,0
ORD101608,2023-12-29,CUST01685,Returning,South,Apparel,Denim Jacket,100.23,7,0,701.61,0.0,701.61,Credit Card,0
ORD105453,2023-12-29,CUST04175,New,West,Electronics,Power Bank,34.23,8,0,273.84,0.0,273.84,Net Banking,0
ORD100885,2023-12-29,CUST04294,VIP,South,Electronics,Power Bank,89.94,4,0,359.76,0.0,359.76,Credit Card,0
ORD105752,2023-12-29,CUST04046,VIP,South,Sports & Outdoors,Yoga Mat,97.34,6,5,584.04,29.2,554.84,Cash on Delivery,0
ORD103395,2023-12-29,CUST01981,Returning,South,Home & Kitchen,Cookware Set,21.47,6,15,128.82,19.32,109.5,Net Banking,0
ORD101338,2023-12-29,CUST02688,New,West,Apparel,Yoga Pants,90.67,7,0,634.69,0.0,634.69,Credit Card,0
ORD101107,2023-12-29,CUST03285,New,North,Sports & Outdoors,Yoga Mat,44.96,3,0,134.88,0.0,134.88,Credit Card,0
ORD103231,2023-12-29,CUST03763,Returning,Central,Home & Kitchen,Vacuum Cleaner,27.71,10,0,277.1,0.0,277.1,Debit Card,0
ORD102296,2023-12-30,CUST01233,Returning,North,Home & Kitchen,Blender,90.32,4,0,361.28,0.0,361.28,Credit Card,0
ORD105325,2023-12-30,CUST02511,New,North,Electronics,Bluetooth Speaker,238.94,7,0,1672.58,0.0,1672.58,Debit Card,0
ORD102797,2023-12-30,CUST04555,New,East,Beauty & Personal Care,Skincare Kit,30.27,8,15,242.16,36.32,205.84,UPI,0
ORD105166,2023-12-30,CUST03553,New,East,Sports & Outdoors,Water Bottle,124.49,4,20,497.96,99.59,398.37,UPI,0
ORD103012,2023-12-30,CUST01805,Returning,South,Electronics,Smartphone Case,245.11,7,15,1715.77,257.37,1458.4,Debit Card,0
ORD101278,2023-12-30,CUST01277,New,North,Home & Kitchen,Cookware Set,41.65,10,5,416.5,20.83,395.67,UPI,0
ORD105894,2023-12-30,CUST01457,New,East,Sports & Outdoors,Cycling Helmet,33.72,3,0,101.16,0.0,101.16,Debit Card,0
ORD104637,2023-12-30,CUST03471,New,North,Electronics,Bluetooth Speaker,33.42,6,0,200.52,0.0,200.52,Debit Card,0
ORD102107,2023-12-30,CUST01142,New,East,Home & Kitchen,Cookware Set,50.26,4,0,201.04,0.0,201.04,Credit Card,0
ORD101453,2023-12-30,CUST02181,VIP,South,Apparel,Denim Jacket,55.49,10,0,554.9,0.0,554.9,Credit Card,0
ORD104969,2023-12-30,CUST03491,New,Central,Electronics,Smartphone Case,36.37,4,10,145.48,14.55,130.93,UPI,0
ORD105588,2023-12-30,CUST04731,VIP,East,Sports & Outdoors,Dumbbell Set,177.89,3,10,533.67,53.37,480.3,Credit Card,0
ORD103339,2023-12-30,CUST02683,New,West,Beauty & Personal Care,Face Serum,55.08,4,15,220.32,33.05,187.27,Credit Card,0
ORD101882,2023-12-30,CUST03684,New,Central,Beauty & Personal Care,Perfume,68.63,10,10,686.3,68.63,617.67,UPI,0
ORD100877,2023-12-31,CUST03186,VIP,North,Apparel,Yoga Pants,69.73,6,15,418.38,62.76,355.62,Credit Card,0
ORD102068,2023-12-31,CUST03389,New,South,Home & Kitchen,Coffee Maker,80.55,10,15,805.5,120.82,684.68,UPI,0
ORD103507,2023-12-31,CUST01017,Returning,South,Sports & Outdoors,Dumbbell Set,117.69,7,10,823.83,82.38,741.45,Debit Card,0
ORD101648,2023-12-31,CUST03985,Returning,West,Electronics,Bluetooth Speaker,152.97,4,15,611.88,91.78,520.1,Cash on Delivery,0
ORD100618,2023-12-31,CUST02637,New,East,Sports & Outdoors,Dumbbell Set,157.45,3,0,472.35,0.0,472.35,UPI,0
ORD101367,2023-12-31,CUST03927,Returning,North,Apparel,Running Shoes,87.77,13,0,1141.01,0.0,1141.01,Credit Card,0
ORD104818,2023-12-31,CUST03196,Returning,Central,Beauty & Personal Care,Skincare Kit,26.69,3,20,80.07,16.01,64.06,Net Banking,0
ORD100323,2023-12-31,CUST04988,VIP,Central,Sports & Outdoors,Cycling Helmet,148.47,3,5,445.41,22.27,423.14,Net Banking,1
ORD103428,2023-12-31,CUST03766,Returning,West,Sports & Outdoors,Water Bottle,92.65,7,15,648.55,97.28,551.27,Cash on Delivery,0
ORD102973,2024-01-01,CUST03517,New,East,Sports & Outdoors,Cycling Helmet,171.32,3,0,591.05,0.0,591.05,UPI,0
ORD104957,2024-01-01,CUST02171,New,East,Sports & Outdoors,Water Bottle,30.25,4,20,139.15,27.83,111.32,Credit Card,0
ORD105968,2024-01-01,CUST03990,New,East,Home & Kitchen,Vacuum Cleaner,66.4,7,0,534.52,0.0,534.52,Credit Card,0
ORD102529,2024-01-01,CUST03961,New,South,Electronics,Power Bank,193.98,4,5,892.31,44.62,847.69,Debit Card,0
ORD104796,2024-01-01,CUST02814,VIP,East,Home & Kitchen,Vacuum Cleaner,77.77,3,0,268.31,0.0,268.31,Net Banking,0
ORD101773,2024-01-01,CUST03180,New,North,Electronics,Bluetooth Speaker,212.62,4,0,978.05,0.0,978.05,Debit Card,0
ORD104406,2024-01-01,CUST03326,New,East,Home & Kitchen,Coffee Maker,99.58,6,10,687.1,68.71,618.39,Net Banking,1
ORD101528,2024-01-01,CUST04042,New,West,Electronics,Smart Watch,161.02,6,0,1111.04,0.0,1111.04,Credit Card,0
ORD105405,2024-01-01,CUST04272,Returning,North,Apparel,Denim Jacket,112.23,7,0,903.45,0.0,903.45,Credit Card,0
ORD105653,2024-01-02,CUST03917,Returning,South,Apparel,Yoga Pants,25.94,7,5,208.82,10.44,198.38,Credit Card,0
ORD102646,2024-01-02,CUST04527,Returning,Central,Sports & Outdoors,Dumbbell Set,33.86,4,0,155.76,0.0,155.76,Cash on Delivery,0
ORD100572,2024-01-02,CUST03289,New,West,Electronics,Power Bank,117.52,1,0,135.15,0.0,135.15,Net Banking,0
ORD105262,2024-01-02,CUST01258,New,East,Electronics,Bluetooth Speaker,25.71,3,20,88.7,17.74,70.96,UPI,0
ORD105977,2024-01-02,CUST02388,Returning,South,Apparel,Cotton T-Shirt,14.13,4,5,65.0,3.25,61.75,Credit Card,0
ORD101967,2024-01-02,CUST02151,Returning,East,Sports & Outdoors,Dumbbell Set,191.38,3,0,660.26,0.0,660.26,Cash on Delivery,0
ORD100059,2024-01-02,CUST01077,New,North,Home & Kitchen,Coffee Maker,82.03,5,5,471.67,23.58,448.09,Debit Card,0
ORD104328,2024-01-02,CUST03117,VIP,South,Electronics,Power Bank,89.95,5,0,517.21,0.0,517.21,Credit Card,0
ORD105176,2024-01-02,CUST01224,VIP,North,Electronics,Power Bank,82.94,4,5,381.52,19.08,362.44,Credit Card,0
ORD104072,2024-01-02,CUST01095,VIP,Central,Sports & Outdoors,Cycling Helmet,57.38,3,0,197.96,0.0,197.96,Credit Card,0
ORD104384,2024-01-02,CUST02244,New,Central,Electronics,Power Bank,16.36,6,0,112.88,0.0,112.88,Debit Card,0
ORD105303,2024-01-03,CUST02095,Returning,South,Apparel,Cotton T-Shirt,52.49,2,10,120.73,12.07,108.66,Debit Card,0
ORD104061,2024-01-03,CUST02439,Returning,East,Electronics,Smartphone Case,128.42,3,0,443.05,0.0,443.05,Credit Card,0
ORD104704,2024-01-03,CUST01670,Returning,North,Electronics,Bluetooth Speaker,21.15,3,0,72.97,0.0,72.97,Debit Card,0
ORD102549,2024-01-03,CUST02675,New,West,Home & Kitchen,Coffee Maker,125.28,2,10,288.14,28.81,259.33,Cash on Delivery,0
ORD105551,2024-01-03,CUST01990,New,West,Apparel,Cotton T-Shirt,84.41,4,0,388.29,0.0,388.29,Credit Card,0
ORD104757,2024-01-04,CUST02991,VIP,Central,Apparel,Cotton T-Shirt,14.34,4,0,65.96,0.0,65.96,Debit Card,0
ORD100918,2024-01-04,CUST02464,Returning,East,Beauty & Personal Care,Face Serum,30.09,4,0,138.41,0.0,138.41,Debit Card,0
ORD103414,2024-01-04,CUST04634,Returning,Central,Electronics,Bluetooth Speaker,16.51,5,10,94.93,9.49,85.44,Credit Card,0
ORD100655,2024-01-04,CUST04700,Returning,South,Apparel,Winter Coat,42.17,2,0,96.99,0.0,96.99,UPI,0
ORD105935,2024-01-04,CUST02812,Returning,West,Electronics,Smartphone Case,190.3,4,0,875.38,0.0,875.38,UPI,0
ORD104195,2024-01-04,CUST02175,Returning,West,Electronics,Smart Watch,233.73,3,20,806.37,161.27,645.1,Credit Card,0
ORD104399,2024-01-04,CUST02485,Returning,East,Electronics,Wireless Earbuds,159.87,6,0,1103.1,0.0,1103.1,Debit Card,0
ORD100547,2024-01-04,CUST01697,New,Central,Electronics,Bluetooth Speaker,145.91,5,15,838.98,125.85,713.13,UPI,0
ORD104442,2024-01-04,CUST02800,Returning,West,Apparel,Running Shoes,38.68,3,5,133.45,6.67,126.78,Debit Card,0
ORD101824,2024-01-05,CUST03476,New,West,Electronics,Wireless Earbuds,132.94,6,15,917.29,137.59,779.7,UPI,0
ORD100427,2024-01-05,CUST04504,New,North,Electronics,Wireless Earbuds,164.85,3,10,568.73,56.87,511.86,Debit Card,0
ORD104376,2024-01-05,CUST01839,VIP,Central,Sports & Outdoors,Yoga Mat,93.82,4,0,431.57,0.0,431.57,Debit Card,0
ORD103544,2024-01-05,CUST03067,Returning,East,Home & Kitchen,Cookware Set,77.67,4,10,357.28,35.73,321.55,Debit Card,0
ORD102566,2024-01-05,CUST02602,Returning,East,Home & Kitchen,Coffee Maker,47.78,3,0,164.84,0.0,164.84,Debit Card,0
ORD105259,2024-01-05,CUST03520,Returning,North,Electronics,Power Bank,,3,0,370.74,0.0,370.74,Debit Card,0
ORD101898,2024-01-06,CUST04896,Returning,West,Electronics,Wireless Earbuds,165.34,4,0,760.56,0.0,760.56,UPI,1
ORD105479,2024-01-06,CUST02396,New,West,Apparel,Cotton T-Shirt,26.37,4,0,121.3,0.0,121.3,UPI,0
ORD101342,2024-01-06,CUST03591,VIP,North,Home & Kitchen,Coffee Maker,142.19,5,0,817.59,0.0,817.59,UPI,0
ORD105036,2024-01-06,CUST04832,New,East,Beauty & Personal Care,Face Serum,36.27,2,0,83.42,0.0,83.42,Credit Card,0
ORD104754,2024-01-06,CUST04139,New,North,Home & Kitchen,Coffee Maker,32.43,2,0,74.59,0.0,74.59,UPI,0
ORD102854,2024-01-06,CUST01775,Returning,West,Sports & Outdoors,Water Bottle,170.15,4,15,782.69,117.4,665.29,UPI,0
ORD105230,2024-01-06,CUST01245,Returning,East,Beauty & Personal Care,Hair Dryer,67.13,4,0,308.8,0.0,308.8,Credit Card,0
ORD101206,2024-01-06,CUST01779,Returning,North,Electronics,Wireless Earbuds,67.26,5,5,386.75,19.34,367.41,Credit Card,0
ORD105214,2024-01-06,CUST03081,New,North,Electronics,Bluetooth Speaker,226.77,5,0,1303.93,0.0,1303.93,Debit Card,0
ORD101139,2024-01-06,CUST04242,VIP,Central,Electronics,Power Bank,55.51,4,0,255.35,0.0,255.35,Credit Card,0
ORD101438,2024-01-07,CUST02105,Returning,South,Home & Kitchen,Air Fryer,111.82,3,0,385.78,0.0,385.78,Cash on Delivery,0
ORD103003,2024-01-07,CUST03757,New,North,Sports & Outdoors,Cycling Helmet,61.25,4,0,281.75,0.0,281.75,Debit Card,0
ORD104540,2024-01-07,CUST03385,VIP,South,Home & Kitchen,Coffee Maker,24.82,4,0,114.17,0.0,114.17,Credit Card,0
ORD105841,2024-01-07,CUST01793,New,West,Electronics,Smart Watch,96.64,2,0,222.27,0.0,222.27,Credit Card,1
ORD103809,2024-01-08,CUST03956,Returning,East,Electronics,Power Bank,221.17,6,0,1526.07,0.0,1526.07,Credit Card,0
ORD100682,2024-01-08,CUST04619,New,North,Sports & Outdoors,Cycling Helmet,149.73,9,5,1549.71,77.49,1472.22,Credit Card,0
ORD100014,2024-01-08,CUST03604,New,East,Beauty & Personal Care,Hair Dryer,71.44,5,5,410.78,20.54,390.24,Debit Card,1
ORD100692,2024-01-08,CUST04360,VIP,Central,Home & Kitchen,Coffee Maker,137.46,3,0,474.24,0.0,474.24,UPI,0
ORD102122,2024-01-08,CUST01074,New,South,Home & Kitchen,Cookware Set,48.72,4,0,224.11,0.0,224.11,UPI,0
ORD100346,2024-01-08,CUST04495,Returning,West,Sports & Outdoors,Cycling Helmet,106.66,2,10,245.32,24.53,220.79,Credit Card,0
ORD101409,2024-01-09,CUST04994,New,South,Electronics,Smartphone Case,215.22,4,0,990.01,0.0,990.01,Debit Card,0
ORD100192,2024-01-09,CUST02339,New,North,Electronics,Wireless Earbuds,185.49,2,0,426.63,0.0,426.63,Debit Card,0
ORD102219,2024-01-09,CUST02279,VIP,North,Apparel,Denim Jacket,37.99,5,0,218.44,0.0,218.44,UPI,0
ORD100819,2024-01-09,CUST01582,New,North,Beauty & Personal Care,Face Serum,46.57,8,0,428.44,0.0,428.44,Credit Card,0
ORD102571,2024-01-09,CUST01845,New,West,Apparel,Cotton T-Shirt,31.87,8,5,293.2,14.66,278.54,Credit Card,0
ORD105742,2024-01-09,CUST04284,Returning,Central,Electronics,Power Bank,33.03,5,5,189.92,9.5,180.42,UPI,0
ORD100723,2024-01-09,CUST03894,New,South,Electronics,Smart Watch,186.25,5,0,1070.94,0.0,1070.94,Debit Card,0
ORD100318,2024-01-10,CUST04544,VIP,North,Apparel,Yoga Pants,87.72,4,0,403.51,0.0,403.51,Credit Card,0
ORD104909,2024-01-10,CUST02211,New,West,Apparel,Running Shoes,107.72,4,0,495.51,0.0,495.51,UPI,0
ORD105560,2024-01-10,CUST01232,New,North,Electronics,Smart Watch,248.57,4,0,1143.42,0.0,1143.42,Cash on Delivery,0
ORD105267,2024-01-10,CUST04326,VIP,North,Home & Kitchen,Cookware Set,65.03,4,0,299.14,0.0,299.14,Net Banking,0
ORD104232,2024-01-10,CUST02148,New,West,Apparel,Cotton T-Shirt,25.92,3,15,89.42,13.41,76.01,Debit Card,0
ORD102010,2024-01-10,CUST03940,Returning,West,Apparel,Winter Coat,48.93,3,0,168.81,0.0,168.81,Debit Card,0
ORD103109,2024-01-10,CUST02420,VIP,West,Sports & Outdoors,Dumbbell Set,39.14,5,0,225.05,0.0,225.05,Credit Card,0
ORD105008,2024-01-10,CUST01667,VIP,West,Home & Kitchen,Blender,139.1,7,0,1119.75,0.0,1119.75,Debit Card,0
ORD103590,2024-01-10,CUST04940,VIP,South,Sports & Outdoors,Camping Tent,79.08,5,15,454.71,68.21,386.5,UPI,0
ORD103334,2024-01-10,CUST04808,Returning,East,Beauty & Personal Care,Skincare Kit,89.06,3,0,307.26,0.0,307.26,UPI,0
ORD101916,2024-01-10,CUST02867,Returning,East,Beauty & Personal Care,Hair Dryer,24.81,5,15,142.66,21.4,121.26,Cash on Delivery,0
ORD105512,2024-01-11,CUST01509,Returning,South,Electronics,Smart Watch,86.93,4,0,399.88,0.0,399.88,Credit Card,0
ORD104227,2024-01-11,CUST03426,New,South,Apparel,Yoga Pants,60.35,2,0,138.8,0.0,138.8,Debit Card,0
ORD100531,2024-01-11,CUST02806,New,South,Beauty & Personal Care,Skincare Kit,15.0,6,15,103.5,15.52,87.98,UPI,0
ORD101009,2024-01-11,CUST02194,New,West,Sports & Outdoors,Cycling Helmet,73.59,1,0,84.63,0.0,84.63,UPI,0
ORD103121,2024-01-11,CUST04603,New,West,Electronics,Smartphone Case,74.96,4,0,344.82,0.0,344.82,Credit Card,0
ORD102913,2024-01-11,CUST02294,New,Central,Apparel,Cotton T-Shirt,69.05,3,0,238.22,0.0,238.22,Debit Card,0
ORD105004,2024-01-11,CUST03193,New,Central,Beauty & Personal Care,Perfume,14.56,7,0,117.21,0.0,117.21,Credit Card,1
ORD103386,2024-01-11,CUST04171,Returning,South,Electronics,Power Bank,26.47,5,0,152.2,0.0,152.2,Debit Card,0
ORD101495,2024-01-11,CUST02163,New,North,Electronics,Smart Watch,130.96,1,0,150.6,0.0,150.6,Debit Card,0
ORD105942,2024-01-11,CUST04853,Returning,West,Electronics,Smartphone Case,21.81,6,0,150.49,0.0,150.49,Debit Card,0
ORD105612,2024-01-11,CUST01880,VIP,West,Electronics,Wireless Earbuds,123.69,2,0,284.49,0.0,284.49,Debit Card,0
ORD102158,2024-01-11,CUST02984,Returning,North,Home & Kitchen,Vacuum Cleaner,107.01,1,20,123.06,24.61,98.45,Credit Card,0
ORD103009,2024-01-12,CUST03202,New,Central,Home & Kitchen,Cookware Set,146.1,8,0,1344.12,0.0,1344.12,UPI,0
ORD102686,2024-01-12,CUST03107,VIP,South,Home & Kitchen,Cookware Set,111.07,4,0,510.92,0.0,510.92,Credit Card,0
ORD101485,2024-01-12,CUST01350,New,West,Apparel,Yoga Pants,14.05,8,15,129.26,19.39,109.87,UPI,0
ORD104392,2024-01-12,CUST03776,New,North,Apparel,Winter Coat,91.81,5,0,527.91,0.0,527.91,Credit Card,0
ORD103298,2024-01-12,CUST02146,VIP,West,Beauty & Personal Care,Hair Dryer,29.95,4,0,137.77,0.0,137.77,UPI,0
ORD100176,2024-01-12,CUST01223,New,North,Home & Kitchen,Cookware Set,83.37,3,15,287.63,43.14,244.49,Net Banking,0
ORD100929,2024-01-12,CUST04607,New,Central,Home & Kitchen,Vacuum Cleaner,164.6,4,0,757.16,0.0,757.16,Credit Card,0
ORD101317,2024-01-13,CUST01407,New,East,Apparel,Denim Jacket,78.01,3,10,269.13,26.91,242.22,Credit Card,0
ORD104164,2024-01-13,CUST04822,VIP,North,Apparel,Running Shoes,62.59,3,0,215.94,0.0,215.94,Credit Card,0
ORD103287,2024-01-13,CUST03908,VIP,West,Apparel,Cotton T-Shirt,35.17,2,20,80.89,16.18,64.71,Credit Card,0
ORD101123,2024-01-13,CUST02063,New,North,Electronics,Wireless Earbuds,183.22,7,5,1474.92,73.75,1401.17,Cash on Delivery,0
ORD103780,2024-01-13,CUST03379,New,West,Home & Kitchen,Vacuum Cleaner,113.6,6,0,783.84,0.0,783.84,Credit Card,0
ORD102563,2024-01-13,CUST02694,VIP,South,Electronics,Smart Watch,60.12,4,10,276.55,27.66,248.89,UPI,0
ORD104769,2024-01-13,CUST01382,Returning,West,Sports & Outdoors,Camping Tent,57.03,5,20,327.92,65.58,262.34,Net Banking,0
ORD105309,2024-01-13,CUST01504,New,West,Apparel,Winter Coat,15.99,6,0,110.33,0.0,110.33,Credit Card,0
ORD102170,2024-01-13,CUST01110,Returning,North,Electronics,Smartphone Case,41.74,5,0,240.0,0.0,240.0,Debit Card,0
ORD101749,2024-01-13,CUST04247,New,North,Electronics,Bluetooth Speaker,200.04,2,0,460.09,0.0,460.09,Credit Card,1
ORD103429,2024-01-14,CUST02915,Returning,South,Apparel,Cotton T-Shirt,102.9,2,0,236.67,0.0,236.67,UPI,0
ORD104388,2024-01-14,CUST01555,VIP,Central,Apparel,Denim Jacket,88.03,6,10,607.41,60.74,546.67,UPI,0
ORD101025,2024-01-14,CUST01139,VIP,North,Apparel,Winter Coat,78.34,2,0,180.18,0.0,180.18,UPI,0
ORD100112,2024-01-14,CUST04815,Returning,North,Apparel,Running Shoes,30.52,2,0,70.2,0.0,70.2,UPI,0
ORD104123,2024-01-14,CUST01813,Returning,East,Sports & Outdoors,Water Bottle,78.57,2,0,180.71,0.0,180.71,UPI,0
ORD102933,2024-01-14,CUST01021,Returning,East,Beauty & Personal Care,Skincare Kit,80.12,3,20,276.41,55.28,221.13,Debit Card,0
ORD100093,2024-01-15,CUST01815,New,West,Home & Kitchen,Blender,108.06,6,0,745.61,0.0,745.61,UPI,0
ORD103207,2024-01-15,CUST04894,VIP,South,Electronics,Power Bank,171.92,5,0,988.54,0.0,988.54,Cash on Delivery,0
ORD100499,2024-01-15,CUST02138,VIP,North,Home & Kitchen,Cookware Set,49.27,3,0,169.98,0.0,169.98,UPI,0
ORD104959,2024-01-15,CUST03921,Returning,North,Electronics,Bluetooth Speaker,101.54,2,0,233.54,0.0,233.54,Credit Card,0
ORD101220,2024-01-15,CUST01520,New,Central,Sports & Outdoors,Cycling Helmet,125.63,4,0,577.9,0.0,577.9,Cash on Delivery,0
ORD101509,2024-01-15,CUST03995,VIP,Central,Sports & Outdoors,Yoga Mat,9.33,1,0,10.73,0.0,10.73,UPI,0
ORD103353,2024-01-15,CUST03732,Returning,North,Apparel,Running Shoes,30.98,6,0,213.76,0.0,213.76,UPI,0
ORD102421,2024-01-15,CUST03480,Returning,East,Apparel,Winter Coat,29.04,4,0,133.58,0.0,133.58,Credit Card,0
ORD103592,2024-01-15,CUST01385,New,East,Beauty & Personal Care,Face Serum,34.88,4,0,160.45,0.0,160.45,Debit Card,0
ORD104625,2024-01-15,CUST03283,Returning,North,Home & Kitchen,Air Fryer,101.27,5,0,582.3,0.0,582.3,Debit Card,1
ORD101921,2024-01-16,CUST02733,VIP,Central,Apparel,Yoga Pants,12.65,3,10,43.64,4.36,39.28,UPI,0
ORD105958,2024-01-16,CUST03365,Returning,East,Apparel,Running Shoes,58.9,4,0,270.94,0.0,270.94,Credit Card,0
ORD102254,2024-01-16,CUST03367,New,West,Beauty & Personal Care,Electric Trimmer,20.16,5,0,115.92,0.0,115.92,Net Banking,0
ORD105625,2024-01-16,CUST03020,Returning,South,Home & Kitchen,Air Fryer,24.1,5,0,138.57,0.0,138.57,Cash on Delivery,0
ORD102695,2024-01-16,CUST03633,New,Central,Electronics,Smart Watch,15.32,3,5,52.85,2.64,50.21,Cash on Delivery,0
ORD101685,2024-01-16,CUST03901,New,North,Apparel,Cotton T-Shirt,64.35,7,20,518.02,103.6,414.42,UPI,0
ORD102919,2024-01-16,CUST04366,VIP,East,Sports & Outdoors,Yoga Mat,51.76,6,10,357.14,35.71,321.43,Cash on Delivery,0
ORD105450,2024-01-16,CUST03186,Returning,North,Electronics,Smartphone Case,74.61,2,0,171.6,0.0,171.6,UPI,0
ORD102057,2024-01-16,CUST04318,Returning,West,Home & Kitchen,Cookware Set,59.55,3,0,205.45,0.0,205.45,UPI,0
ORD102365,2024-01-16,CUST01310,New,East,Electronics,Bluetooth Speaker,191.75,4,10,882.05,88.2,793.85,UPI,0
ORD101258,2024-01-16,CUST03147,Returning,South,Apparel,Cotton T-Shirt,53.18,5,0,305.78,0.0,305.78,UPI,0
ORD105738,2024-01-16,CUST03502,New,North,Apparel,Winter Coat,80.77,5,0,464.43,0.0,464.43,Debit Card,0
ORD102399,2024-01-17,CUST04656,Returning,West,Home & Kitchen,Coffee Maker,30.15,2,0,69.34,0.0,69.34,UPI,0
ORD104121,2024-01-17,CUST01026,New,East,Apparel,Running Shoes,109.23,1,0,125.61,0.0,125.61,Credit Card,0
ORD101883,2024-01-17,CUST02876,Returning,South,Sports & Outdoors,Yoga Mat,176.92,6,0,1220.75,0.0,1220.75,Net Banking,0
ORD105491,2024-01-17,CUST02225,New,East,Home & Kitchen,Blender,127.27,5,0,731.8,0.0,731.8,Debit Card,0
ORD103232,2024-01-17,CUST02908,New,South,Beauty & Personal Care,Skincare Kit,34.38,2,0,79.07,0.0,79.07,UPI,0
ORD102996,2024-01-17,CUST02221,Returning,North,Electronics,Power Bank,143.47,7,0,1154.93,0.0,1154.93,Debit Card,0
ORD101713,2024-01-17,CUST02909,VIP,Central,Electronics,Smart Watch,64.7,5,0,372.02,0.0,372.02,Net Banking,0
ORD104577,2024-01-17,CUST04291,New,South,Apparel,Running Shoes,24.86,6,0,171.53,0.0,171.53,Debit Card,0
ORD102558,2024-01-17,CUST03121,Returning,North,Home & Kitchen,Vacuum Cleaner,148.07,4,10,681.12,68.11,613.01,Credit Card,0
ORD103438,2024-01-18,CUST04317,VIP,South,Sports & Outdoors,Dumbbell Set,189.63,2,0,436.15,0.0,436.15,Net Banking,0
ORD102909,2024-01-18,CUST01393,Returning,West,Electronics,Smartphone Case,231.76,4,20,1066.1,213.22,852.88,Debit Card,0
ORD105115,2024-01-18,CUST01479,New,Central,Sports & Outdoors,Yoga Mat,55.24,4,5,254.1,12.7,241.4,Credit Card,0
ORD101833,2024-01-18,CUST01564,Returning,East,Home & Kitchen,Blender,175.32,1,0,201.62,0.0,201.62,UPI,0
ORD105003,2024-01-18,CUST04868,Returning,North,Home & Kitchen,Blender,158.54,3,0,546.96,0.0,546.96,Credit Card,0
ORD104852,2024-01-18,CUST04184,VIP,Central,Apparel,Winter Coat,107.71,5,0,619.33,0.0,619.33,Credit Card,0
ORD104105,2024-01-19,CUST03829,Returning,North,Apparel,Cotton T-Shirt,118.64,2,0,272.87,0.0,272.87,Net Banking,0
ORD105435,2024-01-19,CUST04163,VIP,South,Electronics,Wireless Earbuds,160.87,6,10,1110.0,111.0,999.0,Credit Card,0
ORD105681,2024-01-19,CUST01559,VIP,South,Home & Kitchen,Blender,163.21,7,15,1313.84,197.08,1116.76,Debit Card,0
ORD102855,2024-01-19,CUST01378,VIP,West,Apparel,Running Shoes,79.2,4,5,364.32,18.22,346.1,UPI,0
ORD104758,2024-01-19,CUST03148,New,west,Electronics,Wireless Earbuds,139.97,1,10,160.97,16.1,144.87,Cash on Delivery,0
ORD100569,2024-01-19,CUST03258,New,West,Apparel,Yoga Pants,68.2,4,15,313.72,47.06,266.66,Debit Card,0
ORD104652,2024-01-19,CUST02217,Returning,Central,Home & Kitchen,Vacuum Cleaner,148.29,4,20,682.13,136.43,545.7,Debit Card,0
ORD102006,2024-01-19,CUST01966,Returning,North,Beauty & Personal Care,Skincare Kit,48.09,5,15,276.52,41.48,235.04,UPI,0
ORD103572,2024-01-19,CUST01893,Returning,South,Home & Kitchen,Vacuum Cleaner,65.75,3,0,226.84,0.0,226.84,Credit Card,1
ORD105170,2024-01-19,CUST03100,New,North,Beauty & Personal Care,Perfume,43.16,4,0,198.54,0.0,198.54,Credit Card,0
ORD104478,2024-01-20,CUST04699,VIP,North,Apparel,Running Shoes,22.83,6,0,157.53,0.0,157.53,UPI,0
ORD100175,2024-01-20,CUST04252,Returning,Central,Home & Kitchen,Cookware Set,52.56,3,0,181.33,0.0,181.33,Net Banking,0
ORD102156,2024-01-20,CUST01485,Returning,North,Home & Kitchen,Air Fryer,104.37,6,0,720.15,0.0,720.15,Credit Card,0
ORD100738,2024-01-20,CUST03928,New,South,Beauty & Personal Care,Skincare Kit,50.26,3,0,173.4,0.0,173.4,Credit Card,0
ORD103444,2024-01-20,CUST02846,VIP,East,Sports & Outdoors,Dumbbell Set,77.6,5,0,446.2,0.0,446.2,UPI,0
ORD102518,2024-01-20,CUST04041,New,Central,Electronics,Bluetooth Speaker,159.54,6,0,1100.83,0.0,1100.83,UPI,0
ORD100217,2024-01-20,CUST04930,New,North,Home & Kitchen,Vacuum Cleaner,123.75,5,10,711.56,71.16,640.4,Cash on Delivery,0
ORD105381,2024-01-20,CUST04612,New,West,Apparel,Denim Jacket,82.19,5,0,472.59,0.0,472.59,Net Banking,0
ORD101266,2024-01-21,CUST01261,Returning,North,Home & Kitchen,Air Fryer,51.36,5,10,295.32,29.53,265.79,Debit Card,0
ORD100023,2024-01-21,CUST01955,New,East,Home & Kitchen,Vacuum Cleaner,33.05,2,0,76.01,0.0,76.01,UPI,0
ORD101762,2024-01-21,CUST01566,Returning,East,Electronics,Power Bank,185.73,2,0,427.18,0.0,427.18,UPI,0
ORD105777,2024-01-21,CUST01581,New,North,Home & Kitchen,Coffee Maker,76.65,3,0,264.44,0.0,264.44,Net Banking,0
ORD105717,2024-01-21,CUST04219,Returning,West,Beauty & Personal Care,Hair Dryer,18.4,4,0,84.64,0.0,84.64,Debit Card,0
ORD101154,2024-01-21,CUST02703,New,East,Home & Kitchen,Blender,25.13,1,0,28.9,0.0,28.9,Net Banking,0
ORD100204,2024-01-21,CUST04041,New,North,Electronics,Wireless Earbuds,124.32,2,5,285.94,14.3,271.64,Cash on Delivery,0
ORD102958,2024-01-21,CUST02869,Returning,North,Beauty & Personal Care,Electric Trimmer,34.8,4,10,160.08,16.01,144.07,Cash on Delivery,0
ORD104741,2024-01-21,CUST04381,VIP,East,Home & Kitchen,Vacuum Cleaner,97.5,6,20,672.75,134.55,538.2,UPI,0
ORD102443,2024-01-21,CUST02307,New,West,Electronics,Smart Watch,218.22,3,0,752.86,0.0,752.86,Net Banking,0
ORD100876,2024-01-21,CUST02064,Returning,East,Apparel,Cotton T-Shirt,17.43,6,5,120.27,6.01,114.26,Credit Card,0
ORD100376,2024-01-21,CUST04914,Returning,North,Sports & Outdoors,Cycling Helmet,116.59,4,5,536.31,26.82,509.49,Debit Card,0
ORD103771,2024-01-22,CUST02457,New,Central,Electronics,Smart Watch,18.91,2,0,43.49,0.0,43.49,Debit Card,0
ORD100205,2024-01-22,CUST03789,Returning,East,Beauty & Personal Care,Skincare Kit,27.47,4,5,126.36,6.32,120.04,UPI,0
ORD104431,2024-01-22,CUST03609,New,East,Apparel,Running Shoes,100.72,5,0,579.14,0.0,579.14,Cash on Delivery,0
ORD104305,2024-01-22,CUST04849,New,South,Electronics,Power Bank,193.06,6,20,1332.11,266.42,1065.69,Net Banking,0
ORD101721,2024-01-22,CUST04810,Returning,Central,Home & Kitchen,Blender,24.96,5,5,143.52,7.18,136.34,Credit Card,0
ORD103308,2024-01-22,CUST03899,Returning,North,Electronics,Smart Watch,78.89,7,0,635.06,0.0,635.06,Debit Card,0
ORD101745,2024-01-22,CUST02914,Returning,South,Sports & Outdoors,Water Bottle,160.65,4,10,738.99,73.9,665.09,Debit Card,0
ORD102959,2024-01-22,CUST03258,VIP,East,Beauty & Personal Care,Electric Trimmer,89.57,1,5,103.01,5.15,97.86,Debit Card,0
ORD105101,2024-01-22,CUST02214,New,South,Apparel,Cotton T-Shirt,61.18,4,0,281.43,0.0,281.43,Debit Card,0
ORD104620,2024-01-22,CUST03527,Returning,North,Beauty & Personal Care,Electric Trimmer,88.69,8,0,815.95,0.0,815.95,UPI,0
ORD100649,2024-01-22,CUST02368,Returning,South,Sports & Outdoors,Camping Tent,198.39,6,0,1368.89,0.0,1368.89,Debit Card,0
ORD105117,2024-01-23,CUST02673,New,East,Home & Kitchen,Blender,59.17,3,0,204.14,0.0,204.14,Credit Card,0
ORD100050,2024-01-23,CUST02983,Returning,North,Sports & Outdoors,Dumbbell Set,81.37,2,0,187.15,0.0,187.15,Net Banking,0
ORD103383,2024-01-23,CUST04153,New,North,Beauty & Personal Care,Skincare Kit,68.08,2,0,156.58,0.0,156.58,Credit Card,0
ORD104774,2024-01-23,CUST03297,VIP,North,Home & Kitchen,Vacuum Cleaner,98.7,4,5,454.02,22.7,431.32,Debit Card,0
ORD105430,2024-01-23,CUST04937,VIP,East,Beauty & Personal Care,Skincare Kit,5.29,7,0,42.58,0.0,42.58,Credit Card,0
ORD100067,2024-01-23,CUST03591,New,East,Home & Kitchen,Air Fryer,154.0,2,0,354.2,0.0,354.2,Credit Card,0
ORD105663,2024-01-23,CUST02391,Returning,West,Sports & Outdoors,Cycling Helmet,184.15,6,0,1270.63,0.0,1270.63,Credit Card,0
ORD105465,2024-01-23,CUST03640,Returning,West,Apparel,Cotton T-Shirt,81.24,4,0,373.7,0.0,373.7,Cash on Delivery,0
ORD105518,2024-01-23,CUST01822,VIP,West,Home & Kitchen,Blender,116.99,4,0,538.15,0.0,538.15,Debit Card,0
ORD100776,2024-01-24,CUST03182,New,East,Beauty & Personal Care,Hair Dryer,9.75,4,0,44.85,0.0,44.85,Debit Card,0
ORD101489,2024-01-24,CUST01806,VIP,East,Apparel,Cotton T-Shirt,77.25,5,15,444.19,66.63,377.56,UPI,0
ORD104508,2024-01-24,CUST02951,New,Central,Home & Kitchen,Coffee Maker,121.95,2,10,280.48,28.05,252.43,UPI,0
ORD105205,2024-01-25,CUST03132,VIP,West,Electronics,Wireless Earbuds,63.87,6,0,440.7,0.0,440.7,UPI,1
ORD102386,2024-01-25,CUST04230,Returning,South,Electronics,Wireless Earbuds,134.14,6,0,925.57,0.0,925.57,Debit Card,0
ORD105068,2024-01-25,CUST01063,VIP,North,Apparel,Cotton T-Shirt,24.86,3,0,85.77,0.0,85.77,Credit Card,1
ORD103668,2024-01-25,CUST01126,Returning,West,Sports & Outdoors,Water Bottle,154.83,5,5,890.27,44.51,845.76,Credit Card,0
ORD103899,2024-01-25,CUST01073,Returning,South,Sports & Outdoors,Camping Tent,170.4,3,0,587.88,0.0,587.88,Credit Card,0
ORD104211,2024-01-25,CUST01836,New,Central,Apparel,Denim Jacket,43.81,5,0,251.91,0.0,251.91,UPI,0
ORD105425,2024-01-25,CUST02380,Returning,Central,Beauty & Personal Care,Perfume,39.45,5,10,226.84,22.68,204.16,Cash on Delivery,0
ORD104439,2024-01-25,CUST01135,Returning,South,Electronics,Smartphone Case,30.23,5,5,173.82,8.69,165.13,Credit Card,0
ORD100713,2024-01-25,CUST02283,VIP,North,Electronics,Power Bank,32.61,2,15,75.0,11.25,63.75,Debit Card,0
ORD101838,2024-01-25,CUST01807,Returning,East,Beauty & Personal Care,Perfume,40.51,3,0,139.76,0.0,139.76,Credit Card,0
ORD103943,2024-01-25,CUST03209,New,West,Sports & Outdoors,Cycling Helmet,12.13,2,0,27.9,0.0,27.9,Debit Card,0
ORD100069,2024-01-25,CUST01435,New,North,Electronics,Smart Watch,149.16,3,0,514.6,0.0,514.6,UPI,0
ORD102535,2024-01-26,CUST03039,VIP,South,Sports & Outdoors,Camping Tent,52.67,3,0,181.71,0.0,181.71,Net Banking,0
ORD102905,2024-01-26,CUST03348,Returning,East,Electronics,Wireless Earbuds,214.63,3,15,740.47,111.07,629.4,Credit Card,0
ORD101225,2024-01-26,CUST04952,New,South,Beauty & Personal Care,Skincare Kit,58.07,5,0,333.9,0.0,333.9,Credit Card,0
ORD104099,2024-01-26,CUST02664,New,South,Electronics,Power Bank,209.74,3,0,723.6,0.0,723.6,UPI,0
ORD101054,2024-01-26,CUST04849,New,North,Electronics,Smart Watch,239.06,2,0,549.84,0.0,549.84,UPI,0
ORD101427,2024-01-26,CUST03962,New,East,Home & Kitchen,Air Fryer,76.75,9,5,794.36,39.72,754.64,Credit Card,0
ORD103798,2024-01-26,CUST03961,New,West,Apparel,Cotton T-Shirt,111.82,7,20,900.15,180.03,720.12,UPI,0
ORD104270,2024-01-26,CUST04964,New,Central,Electronics,Bluetooth Speaker,223.86,1,15,257.44,38.62,218.82,Credit Card,0
ORD101783,2024-01-27,CUST03794,Returning,Central,Electronics,Power Bank,20.12,2,0,46.28,0.0,46.28,UPI,0
ORD104781,2024-01-27,CUST01587,VIP,West,Beauty & Personal Care,Perfume,43.42,5,0,249.67,0.0,249.67,Credit Card,1
ORD100108,2024-01-27,CUST01188,VIP,Central,Apparel,Winter Coat,14.39,5,0,82.74,0.0,82.74,Debit Card,0
ORD100964,2024-01-27,CUST04774,New,Central,Sports & Outdoors,Cycling Helmet,192.9,2,15,443.67,66.55,377.12,Credit Card,0
ORD102372,2024-01-27,CUST02494,New,East,Electronics,Smartphone Case,203.62,3,5,702.49,35.12,667.37,Net Banking,0
ORD100309,2024-01-27,CUST04390,Returning,West,Beauty & Personal Care,Perfume,45.09,3,5,155.56,7.78,147.78,Credit Card,0
ORD103376,2024-01-27,CUST02149,VIP,South,Home & Kitchen,Air Fryer,47.35,9,0,490.07,0.0,490.07,Credit Card,0
ORD104284,2024-01-27,CUST01919,Returning,South,Beauty & Personal Care,Perfume,40.22,4,5,185.01,9.25,175.76,Net Banking,0
ORD103068,2024-01-28,CUST04966,Returning,Central,Beauty & Personal Care,Perfume,10.56,4,5,48.58,2.43,46.15,Credit Card,0
ORD100440,2024-01-28,CUST04246,Returning,North,Electronics,Smartphone Case,112.84,7,5,908.36,45.42,862.94,Credit Card,0
ORD102490,2024-01-28,CUST01945,Returning,Central,Home & Kitchen,Blender,152.64,4,0,702.14,0.0,702.14,Debit Card,0
ORD103841,2024-01-28,CUST03147,New,South,Sports & Outdoors,Dumbbell Set,15.46,6,10,106.67,10.67,96.0,Credit Card,0
ORD100608,2024-01-28,CUST02012,Returning,North,Electronics,Wireless Earbuds,88.18,4,0,405.63,0.0,405.63,Credit Card,0
ORD105529,2024-01-28,CUST01788,Returning,North,Home & Kitchen,Blender,67.9,3,15,234.25,35.14,199.11,UPI,0
ORD100136,2024-01-28,CUST04368,New,West,Home & Kitchen,Air Fryer,173.95,5,0,1000.21,0.0,1000.21,Credit Card,0
ORD100378,2024-01-28,CUST02223,New,East,Electronics,Power Bank,107.94,3,0,372.39,0.0,372.39,Credit Card,0
ORD105044,2024-01-28,CUST02876,VIP,West,Apparel,Cotton T-Shirt,75.98,3,15,262.13,39.32,222.81,Cash on Delivery,0
ORD102673,2024-01-28,CUST03567,VIP,Central,Home & Kitchen,Air Fryer,101.88,2,0,234.32,0.0,234.32,Debit Card,1
ORD103860,2024-01-29,CUST01942,Returning,Central,Beauty & Personal Care,Hair Dryer,15.07,5,20,86.65,17.33,69.32,UPI,0
ORD101624,2024-01-29,CUST01634,New,South,Electronics,Smart Watch,130.87,5,15,752.5,112.88,639.62,Credit Card,1
ORD100907,2024-01-29,CUST02073,New,South,Sports & Outdoors,Camping Tent,114.91,5,0,660.73,0.0,660.73,UPI,0
ORD100536,2024-01-29,CUST01941,New,East,Electronics,Smartphone Case,215.18,3,0,742.37,0.0,742.37,Cash on Delivery,0
ORD103373,2024-01-30,CUST04594,VIP,North,Electronics,Smartphone Case,24.91,5,0,143.23,0.0,143.23,Cash on Delivery,0
ORD104746,2024-01-30,CUST04692,New,North,Electronics,Wireless Earbuds,244.69,3,0,844.18,0.0,844.18,Credit Card,0
ORD101572,2024-01-30,CUST01895,New,Central,Electronics,Power Bank,219.38,8,0,2018.3,0.0,2018.3,UPI,0
ORD103010,2024-01-30,CUST03021,New,East,Sports & Outdoors,Yoga Mat,123.74,6,0,853.81,0.0,853.81,UPI,0
ORD102467,2024-01-30,CUST04723,New,South,Home & Kitchen,Cookware Set,120.19,6,0,829.31,0.0,829.31,Credit Card,0
ORD101765,2024-01-30,CUST04605,New,West,Home & Kitchen,Blender,153.96,3,0,531.16,0.0,531.16,UPI,0
ORD103475,2024-01-30,CUST02283,VIP,North,Sports & Outdoors,Cycling Helmet,153.57,3,0,529.82,0.0,529.82,Debit Card,0
ORD101941,2024-01-30,CUST03474,New,Central,Electronics,Smart Watch,35.93,3,5,123.96,6.2,117.76,Debit Card,0
ORD100562,2024-01-31,CUST04247,Returning,North,Electronics,Wireless Earbuds,112.68,4,5,518.33,25.92,492.41,Debit Card,0
ORD101270,2024-01-31,CUST03185,Returning,East,Beauty & Personal Care,Electric Trimmer,15.0,7,0,120.75,0.0,120.75,UPI,0
ORD104753,2024-01-31,CUST04198,New,Central,Beauty & Personal Care,Hair Dryer,52.99,2,0,121.88,0.0,121.88,UPI,0
ORD100576,2024-01-31,CUST01058,Returning,West,Apparel,Yoga Pants,11.46,2,5,26.36,1.32,25.04,Net Banking,0
ORD105825,2024-01-31,CUST02905,New,North,Sports & Outdoors,Yoga Mat,50.31,4,0,231.43,0.0,231.43,Credit Card,0
ORD101108,2024-01-31,CUST04406,New,North,Beauty & Personal Care,Face Serum,82.79,3,5,285.63,14.28,271.35,Debit Card,0
ORD101700,2024-02-01,CUST02646,New,East,Sports & Outdoors,Dumbbell Set,114.77,5,0,659.93,0.0,659.93,Debit Card,0
ORD100557,2024-02-01,CUST03354,Returning,Central,Home & Kitchen,Vacuum Cleaner,123.47,3,0,425.97,0.0,425.97,Debit Card,0
ORD103242,2024-02-01,CUST04062,Returning,North,Apparel,Yoga Pants,71.2,4,0,327.52,0.0,327.52,Credit Card,0
ORD103726,2024-02-01,CUST02895,New,North,Electronics,Smart Watch,226.54,9,5,2344.69,117.23,2227.46,Net Banking,0
ORD102484,2024-02-01,CUST03067,New,Central,Sports & Outdoors,Cycling Helmet,117.19,5,0,673.84,0.0,673.84,UPI,0
ORD102603,2024-02-01,CUST03424,New,North,Home & Kitchen,Cookware Set,111.47,4,0,512.76,0.0,512.76,Credit Card,0
ORD100511,2024-02-01,CUST02122,New,West,Home & Kitchen,Air Fryer,109.25,6,0,753.82,0.0,753.82,Debit Card,0
ORD101459,2024-02-01,CUST02756,Returning,East,Home & Kitchen,Air Fryer,169.7,3,0,585.46,0.0,585.46,Credit Card,0
ORD102066,2024-02-01,CUST02087,VIP,South,Apparel,Running Shoes,100.06,5,0,575.34,0.0,575.34,Credit Card,0
ORD103768,2024-02-02,CUST04512,New,Central,Home & Kitchen,Blender,108.38,1,10,124.64,12.46,112.18,Credit Card,0
ORD100306,2024-02-02,CUST03838,Returning,North,Electronics,Bluetooth Speaker,108.72,5,5,625.14,31.26,593.88,Net Banking,0
ORD100589,2024-02-02,CUST01150,Returning,South,Electronics,Power Bank,53.9,4,0,247.94,0.0,247.94,UPI,1
ORD100135,2024-02-02,CUST03806,Returning,North,Beauty & Personal Care,Electric Trimmer,84.35,3,0,291.01,0.0,291.01,Net Banking,0
ORD105460,2024-02-02,CUST03733,New,East,Electronics,Bluetooth Speaker,161.97,7,5,1303.86,65.19,1238.67,UPI,1
ORD103112,2024-02-02,CUST02895,Returning,East,Electronics,Wireless Earbuds,97.5,4,5,448.5,22.42,426.08,Credit Card,0
ORD102533,2024-02-03,CUST01011,VIP,West,Electronics,Smartphone Case,122.04,4,15,561.38,84.21,477.17,Credit Card,0
ORD103497,2024-02-03,CUST01130,New,East,Sports & Outdoors,Yoga Mat,178.91,6,20,1234.48,246.9,987.58,Cash on Delivery,0
ORD105037,2024-02-03,CUST02752,Returning,south,Beauty & Personal Care,Electric Trimmer,49.9,2,15,114.77,17.22,97.55,Net Banking,0
ORD105437,2024-02-03,CUST01041,Returning,North,Apparel,Yoga Pants,65.95,4,0,303.37,0.0,303.37,UPI,0
ORD104056,2024-02-03,CUST03161,New,West,Apparel,Yoga Pants,55.94,5,10,321.65,32.16,289.49,Credit Card,0
ORD102115,2024-02-03,CUST04411,Returning,North,Electronics,Power Bank,82.67,4,0,380.28,0.0,380.28,Net Banking,0
ORD102833,2024-02-03,CUST02961,Returning,East,Apparel,Running Shoes,105.92,2,0,243.62,0.0,243.62,Credit Card,0
ORD102349,2024-02-03,CUST03714,Returning,North,Apparel,Winter Coat,22.67,6,0,156.42,0.0,156.42,Net Banking,0
ORD102757,2024-02-03,CUST01822,New,South,Home & Kitchen,Blender,50.94,3,0,175.74,0.0,175.74,Debit Card,0
ORD101504,2024-02-03,CUST03761,Returning,East,Apparel,Cotton T-Shirt,34.03,5,10,195.67,19.57,176.1,Credit Card,0
ORD102765,2024-02-04,CUST04068,Returning,South,Electronics,Smart Watch,99.75,5,0,573.56,0.0,573.56,Credit Card,0
ORD102414,2024-02-04,CUST01634,New,West,Beauty & Personal Care,Perfume,68.08,2,0,156.58,0.0,156.58,Net Banking,0
ORD104723,2024-02-04,CUST01002,New,Central,Sports & Outdoors,Yoga Mat,48.96,3,5,168.91,8.45,160.46,Debit Card,0
ORD100393,2024-02-04,CUST02381,New,East,Sports & Outdoors,Camping Tent,168.53,3,15,581.43,87.21,494.22,UPI,0
ORD105817,2024-02-04,CUST04285,New,West,Home & Kitchen,Coffee Maker,153.15,5,10,880.61,88.06,792.55,Credit Card,0
ORD104822,2024-02-04,CUST01107,Returning,North,Apparel,Denim Jacket,89.54,4,0,411.88,0.0,411.88,Net Banking,0
ORD102283,2024-02-04,CUST01149,VIP,West,Home & Kitchen,Vacuum Cleaner,134.0,5,0,770.5,0.0,770.5,Debit Card,0
ORD105621,2024-02-04,CUST02006,Returning,Central,Apparel,Yoga Pants,75.35,4,5,346.61,17.33,329.28,Credit Card,0
ORD102814,2024-02-04,CUST04030,New,West,Home & Kitchen,Air Fryer,99.19,6,0,684.41,0.0,684.41,Net Banking,0
ORD104032,2024-02-05,CUST03933,Returning,South,Electronics,Smart Watch,204.58,4,0,941.07,0.0,941.07,Credit Card,0
ORD103690,2024-02-05,CUST01856,Returning,North,Electronics,Bluetooth Speaker,191.34,5,0,1100.2,0.0,1100.2,Cash on Delivery,0
ORD100232,2024-02-05,CUST04175,VIP,North,Electronics,Bluetooth Speaker,44.87,4,0,206.4,0.0,206.4,UPI,0
ORD100805,2024-02-05,CUST02068,Returning,South,Beauty & Personal Care,Skincare Kit,30.73,3,15,106.02,15.9,90.12,Credit Card,0
ORD103066,2024-02-05,CUST03455,Returning,West,Apparel,Running Shoes,111.15,7,0,894.76,0.0,894.76,Debit Card,0
ORD101671,2024-02-05,CUST04232,New,West,Beauty & Personal Care,Hair Dryer,59.56,5,5,342.47,17.12,325.35,UPI,0
ORD100777,2024-02-05,CUST01431,Returning,West,Home & Kitchen,Air Fryer,160.69,7,0,1293.55,0.0,1293.55,Net Banking,0
ORD101424,2024-02-05,CUST02333,Returning,South,Home & Kitchen,Vacuum Cleaner,177.45,3,0,612.2,0.0,612.2,Credit Card,0
ORD104544,2024-02-05,CUST01876,Returning,North,Home & Kitchen,Cookware Set,123.55,3,0,426.25,0.0,426.25,UPI,0
ORD101331,2024-02-05,CUST03590,New,North,Home & Kitchen,Blender,45.47,7,0,366.03,0.0,366.03,Debit Card,0
ORD102752,2024-02-05,CUST01477,New,Central,Sports & Outdoors,Camping Tent,78.51,5,15,451.43,67.71,383.72,Credit Card,0
ORD105516,2024-02-05,CUST02416,Returning,West,Electronics,Bluetooth Speaker,53.91,2,0,123.99,0.0,123.99,Credit Card,0
ORD105834,2024-02-05,CUST03726,Returning,North,Apparel,Yoga Pants,36.14,3,15,124.68,18.7,105.98,Net Banking,0
ORD100312,2024-02-05,CUST01096,Returning,South,Apparel,Denim Jacket,25.6,2,5,58.88,2.94,55.94,Credit Card,0
ORD101788,2024-02-05,CUST04371,Returning,Central,Beauty & Personal Care,Perfume,72.5,6,15,500.25,75.04,425.21,UPI,0
ORD104248,2024-02-05,CUST04366,Returning,Central,Home & Kitchen,Air Fryer,111.37,4,0,512.3,0.0,512.3,Credit Card,0
ORD104722,2024-02-05,CUST01269,New,South,Electronics,Bluetooth Speaker,192.44,5,0,1106.53,0.0,1106.53,Credit Card,0
ORD101439,2024-02-06,CUST04387,Returning,East,Sports & Outdoors,Cycling Helmet,189.09,5,0,1087.27,0.0,1087.27,Cash on Delivery,1
ORD101033,2024-02-06,CUST02293,New,North,Home & Kitchen,Vacuum Cleaner,104.34,1,10,119.99,12.0,107.99,Debit Card,0
ORD100674,2024-02-06,CUST04204,Returning,North,Home & Kitchen,Vacuum Cleaner,89.22,5,10,513.01,51.3,461.71,UPI,0
ORD100074,2024-02-06,CUST01989,Returning,North,Beauty & Personal Care,Face Serum,89.62,4,0,412.25,0.0,412.25,Cash on Delivery,1
ORD102581,2024-02-06,CUST03112,New,West,Home & Kitchen,Coffee Maker,59.2,4,0,272.32,0.0,272.32,UPI,0
ORD104275,2024-02-07,CUST01600,New,East,Beauty & Personal Care,Perfume,57.85,5,15,332.64,49.9,282.74,Credit Card,0
ORD104043,2024-02-07,CUST01659,New,South,Home & Kitchen,Blender,136.68,4,0,628.73,0.0,628.73,Cash on Delivery,0
ORD103618,2024-02-07,CUST03198,New,South,Apparel,Cotton T-Shirt,28.74,3,15,99.15,14.87,84.28,Net Banking,0
ORD100218,2024-02-07,CUST04148,Returning,Central,Electronics,Power Bank,104.83,6,0,723.33,0.0,723.33,UPI,0
ORD104325,2024-02-07,CUST03741,New,North,Apparel,Cotton T-Shirt,71.58,5,0,411.58,0.0,411.58,Credit Card,0
ORD100247,2024-02-07,CUST04399,Returning,West,Home & Kitchen,Vacuum Cleaner,28.57,3,0,98.57,0.0,98.57,UPI,0
ORD100832,2024-02-07,CUST03112,VIP,West,Apparel,Running Shoes,102.0,6,0,703.8,0.0,703.8,Credit Card,0
ORD104004,2024-02-08,CUST02804,Returning,Central,Sports & Outdoors,Water Bottle,141.33,4,5,650.12,32.51,617.61,UPI,0
ORD100281,2024-02-08,CUST04080,New,North,Electronics,Wireless Earbuds,178.28,3,0,615.07,0.0,615.07,UPI,0
ORD101880,2024-02-08,CUST04838,VIP,North,Electronics,Bluetooth Speaker,140.49,4,5,646.25,32.31,613.94,Credit Card,0
ORD103225,2024-02-08,CUST02734,Returning,Central,Home & Kitchen,Cookware Set,102.94,3,0,355.14,0.0,355.14,UPI,0
ORD104906,2024-02-08,CUST02042,Returning,Central,Apparel,Cotton T-Shirt,39.41,4,0,181.29,0.0,181.29,Debit Card,0
ORD104024,2024-02-08,CUST01383,New,North,Beauty & Personal Care,Hair Dryer,18.51,3,15,63.86,9.58,54.28,UPI,0
ORD104278,2024-02-08,CUST02941,Returning,South,Electronics,Power Bank,246.89,8,0,2271.39,0.0,2271.39,UPI,0
ORD102666,2024-02-09,CUST02385,Returning,South,Electronics,Bluetooth Speaker,237.41,6,0,1638.13,0.0,1638.13,UPI,0
ORD102446,2024-02-09,CUST03015,New,North,Electronics,Smartphone Case,235.74,2,0,542.2,0.0,542.2,Net Banking,0
ORD104786,2024-02-09,CUST01143,New,Central,Home & Kitchen,Coffee Maker,27.31,8,0,251.25,0.0,251.25,Credit Card,0
ORD105386,2024-02-09,CUST02584,Returning,North,Electronics,Power Bank,79.84,4,20,367.26,73.45,293.81,UPI,0
ORD101132,2024-02-09,CUST01088,Returning,North,Apparel,Yoga Pants,110.53,4,0,508.44,0.0,508.44,Credit Card,0
ORD102702,2024-02-09,CUST02556,VIP,North,Home & Kitchen,Air Fryer,89.02,3,0,307.12,0.0,307.12,UPI,0
ORD104052,2024-02-09,CUST02589,VIP,North,Electronics,Smart Watch,112.41,5,0,646.36,0.0,646.36,Net Banking,0
ORD100739,2024-02-09,CUST02539,Returning,North,Home & Kitchen,Coffee Maker,105.83,8,0,973.64,0.0,973.64,Credit Card,0
ORD105571,2024-02-09,CUST04989,Returning,North,Beauty & Personal Care,Skincare Kit,84.79,3,5,292.53,14.63,277.9,Credit Card,0
ORD100838,2024-02-09,CUST02115,VIP,Central,Home & Kitchen,Blender,136.39,4,0,627.39,0.0,627.39,Credit Card,0
ORD102350,2024-02-09,CUST04161,New,South,Sports & Outdoors,Camping Tent,25.54,5,0,146.85,0.0,146.85,Debit Card,0
ORD105116,2024-02-10,CUST03015,New,Central,Electronics,Smart Watch,169.1,6,15,1166.79,175.02,991.77,Credit Card,0
ORD105090,2024-02-10,CUST01419,New,West,Electronics,Wireless Earbuds,196.78,5,5,1131.48,56.57,1074.91,Credit Card,0
ORD101357,2024-02-10,CUST02056,VIP,East,Apparel,Yoga Pants,21.38,3,0,73.76,0.0,73.76,Debit Card,0
ORD103187,2024-02-10,CUST01495,Returning,North,Beauty & Personal Care,Skincare Kit,46.38,4,0,213.35,0.0,213.35,Cash on Delivery,0
ORD104899,2024-02-10,CUST03078,Returning,West,Apparel,Cotton T-Shirt,57.44,5,10,330.28,33.03,297.25,Credit Card,1
ORD102302,2024-02-10,CUST02156,Returning,West,Electronics,Smartphone Case,171.46,2,10,394.36,39.44,354.92,Net Banking,0
ORD102729,2024-02-10,CUST04460,Returning,Central,Sports & Outdoors,Camping Tent,167.43,2,0,385.09,0.0,385.09,UPI,0
ORD103176,2024-02-10,CUST01559,Returning,East,Electronics,Bluetooth Speaker,201.36,5,0,1157.82,0.0,1157.82,Net Banking,0
ORD102326,2024-02-10,CUST02192,New,North,Home & Kitchen,Coffee Maker,127.72,1,0,146.88,0.0,146.88,Cash on Delivery,0
ORD101130,2024-02-11,CUST03928,New,North,Electronics,Wireless Earbuds,172.65,8,0,1588.38,0.0,1588.38,UPI,0
ORD105203,2024-02-11,CUST01736,VIP,West,Electronics,Smart Watch,215.12,4,0,989.55,0.0,989.55,Net Banking,0
ORD102319,2024-02-11,CUST03709,New,Central,Beauty & Personal Care,Hair Dryer,75.64,3,15,260.96,39.14,221.82,Debit Card,0
ORD103496,2024-02-11,CUST04958,New,Central,Electronics,Smart Watch,127.48,2,20,293.2,58.64,234.56,Credit Card,0
ORD100122,2024-02-11,CUST02129,Returning,South,Electronics,Smartphone Case,198.46,5,0,1141.14,0.0,1141.14,Credit Card,0
ORD102628,2024-02-11,CUST01876,New,South,Home & Kitchen,Air Fryer,145.75,8,0,1340.9,0.0,1340.9,Credit Card,0
ORD103075,2024-02-11,CUST02328,Returning,South,Electronics,Wireless Earbuds,27.54,3,10,95.01,9.5,85.51,UPI,0
ORD104163,2024-02-11,CUST03085,Returning,Central,Sports & Outdoors,Yoga Mat,144.91,9,0,1499.82,0.0,1499.82,UPI,0
ORD102110,2024-02-11,CUST01440,New,South,Sports & Outdoors,Water Bottle,172.0,8,0,1582.4,0.0,1582.4,Net Banking,0
ORD105420,2024-02-11,CUST01911,New,West,Electronics,Wireless Earbuds,189.59,3,15,654.09,98.11,555.98,Net Banking,0
ORD100147,2024-02-11,CUST03778,New,East,Home & Kitchen,Coffee Maker,98.88,6,0,682.27,0.0,682.27,Net Banking,0
ORD103324,2024-02-12,CUST03672,VIP,West,Electronics,Power Bank,219.37,2,0,504.55,0.0,504.55,Debit Card,0
ORD100385,2024-02-12,CUST02609,New,South,Apparel,Running Shoes,86.32,4,10,397.07,39.71,357.36,Credit Card,0
ORD103641,2024-02-12,CUST03703,Returning,West,Electronics,Wireless Earbuds,223.95,6,0,1545.25,0.0,1545.25,Credit Card,0
ORD102805,2024-02-12,CUST02699,Returning,West,Home & Kitchen,Vacuum Cleaner,107.73,5,0,619.45,0.0,619.45,Credit Card,0
ORD102521,2024-02-12,CUST02824,VIP,North,Beauty & Personal Care,Face Serum,21.06,5,5,121.09,6.05,115.04,Credit Card,0
ORD100690,2024-02-12,CUST04004,New,East,Electronics,Smartphone Case,197.95,2,0,455.28,0.0,455.28,Cash on Delivery,0
ORD105776,2024-02-12,CUST04573,New,South,Home & Kitchen,Blender,152.41,3,10,525.81,52.58,473.23,Credit Card,0
ORD103779,2024-02-13,CUST01541,New,South,Sports & Outdoors,Dumbbell Set,125.6,4,0,577.76,0.0,577.76,Debit Card,0
ORD104699,2024-02-13,CUST01139,Returning,Central,Sports & Outdoors,Yoga Mat,149.21,3,0,514.77,0.0,514.77,UPI,0
ORD105859,2024-02-13,CUST04134,Returning,East,Sports & Outdoors,Cycling Helmet,167.35,3,5,577.36,28.87,548.49,UPI,0
ORD100656,2024-02-13,CUST02550,VIP,South,Sports & Outdoors,Dumbbell Set,123.04,2,15,282.99,42.45,240.54,Debit Card,0
ORD104383,2024-02-13,CUST02986,New,West,Apparel,Yoga Pants,46.89,3,0,161.77,0.0,161.77,Cash on Delivery,0
ORD101841,2024-02-14,CUST02384,Returning,South,Home & Kitchen,Cookware Set,72.2,5,10,415.15,41.52,373.63,UPI,0
ORD105721,2024-02-14,CUST02536,New,North,Electronics,Smart Watch,208.81,3,0,720.39,0.0,720.39,Net Banking,0
ORD100971,2024-02-14,CUST02515,VIP,South,Sports & Outdoors,Dumbbell Set,22.51,6,0,155.32,0.0,155.32,Cash on Delivery,0
ORD101027,2024-02-14,CUST01856,Returning,West,Apparel,Running Shoes,49.83,4,0,229.22,0.0,229.22,Credit Card,0
ORD105706,2024-02-14,CUST02162,Returning,Central,Beauty & Personal Care,Hair Dryer,11.74,5,5,67.5,3.38,64.12,Credit Card,0
ORD101070,2024-02-15,CUST01903,VIP,North,Home & Kitchen,Coffee Maker,167.77,3,0,578.81,0.0,578.81,Credit Card,0
ORD100184,2024-02-15,CUST02446,New,North,Beauty & Personal Care,Perfume,58.6,5,0,336.95,0.0,336.95,Net Banking,1
ORD101092,2024-02-15,CUST03874,Returning,West,Electronics,Wireless Earbuds,82.65,3,5,285.14,14.26,270.88,Credit Card,0
ORD104118,2024-02-15,CUST02846,Returning,Central,Sports & Outdoors,Cycling Helmet,113.45,11,10,1435.14,143.51,1291.63,Credit Card,0
ORD105929,2024-02-15,CUST02627,Returning,East,Sports & Outdoors,Cycling Helmet,62.29,4,0,286.53,0.0,286.53,Debit Card,0
ORD103870,2024-02-16,CUST04729,New,Central,Sports & Outdoors,Water Bottle,32.17,2,0,73.99,0.0,73.99,UPI,0
ORD103832,2024-02-16,CUST02699,Returning,East,Apparel,Winter Coat,96.71,7,15,778.52,116.78,661.74,UPI,0
ORD103283,2024-02-16,CUST01863,Returning,South,Beauty & Personal Care,Face Serum,71.63,2,0,164.75,0.0,164.75,Cash on Delivery,0
ORD104294,2024-02-16,CUST01525,Returning,South,Electronics,Smartphone Case,115.54,5,5,664.36,33.22,631.14,Credit Card,0
ORD104578,2024-02-16,CUST02190,New,North,Apparel,Winter Coat,66.91,3,0,230.84,0.0,230.84,Credit Card,0
ORD101657,2024-02-16,CUST01139,VIP,Central,Sports & Outdoors,Water Bottle,20.76,3,5,71.62,3.58,68.04,Credit Card,0
ORD105086,2024-02-16,CUST03109,New,North,Home & Kitchen,Coffee Maker,66.81,5,15,384.16,57.62,326.54,UPI,0
ORD103639,2024-02-16,CUST03023,Returning,Central,Beauty & Personal Care,Skincare Kit,86.84,6,0,599.2,0.0,599.2,Credit Card,0
ORD100530,2024-02-17,CUST04944,New,West,Beauty & Personal Care,Face Serum,47.38,1,0,54.49,0.0,54.49,Credit Card,0
ORD104641,2024-02-17,CUST04450,New,Central,Electronics,Smart Watch,181.99,1,0,209.29,0.0,209.29,Credit Card,0
ORD104344,2024-02-17,CUST03864,Returning,North,Beauty & Personal Care,Electric Trimmer,48.89,2,15,112.45,16.87,95.58,Debit Card,0
ORD102643,2024-02-17,CUST04557,New,Central,Electronics,Power Bank,35.04,4,0,161.18,0.0,161.18,Credit Card,0
ORD102026,2024-02-18,CUST02044,New,West,Apparel,Yoga Pants,66.07,3,10,227.94,22.79,205.15,Net Banking,0
ORD104356,2024-02-18,CUST03253,Returning,East,Electronics,Wireless Earbuds,179.93,10,15,2069.2,310.38,1758.82,Credit Card,0
ORD104556,2024-02-18,CUST02662,Returning,North,Home & Kitchen,Coffee Maker,20.42,2,5,46.97,2.35,44.62,UPI,0
ORD103574,2024-02-18,CUST04499,New,Central,Beauty & Personal Care,Face Serum,18.8,6,0,129.72,0.0,129.72,UPI,0
ORD104329,2024-02-18,CUST01687,Returning,Central,Electronics,Smart Watch,130.4,3,0,449.88,0.0,449.88,Cash on Delivery,0
ORD104530,2024-02-18,CUST02269,Returning,South,Electronics,Smartphone Case,86.84,2,15,199.73,29.96,169.77,Net Banking,0
ORD100022,2024-02-18,CUST04617,Returning,Central,Electronics,Smartphone Case,115.97,5,0,666.83,0.0,666.83,Net Banking,0
ORD104686,2024-02-18,CUST04008,Returning,Central,Home & Kitchen,Vacuum Cleaner,167.22,4,0,769.21,0.0,769.21,Credit Card,1
ORD102587,2024-02-18,CUST04993,New,Central,Beauty & Personal Care,Electric Trimmer,71.62,5,20,411.81,82.36,329.45,UPI,0
ORD102807,2024-02-18,CUST03226,Returning,West,Apparel,Denim Jacket,82.3,4,0,378.58,0.0,378.58,UPI,0
ORD101470,2024-02-18,CUST03686,Returning,South,Apparel,Cotton T-Shirt,29.62,4,0,136.25,0.0,136.25,UPI,0
ORD105989,2024-02-18,CUST04566,Returning,West,Apparel,Winter Coat,95.63,4,0,439.9,0.0,439.9,Credit Card,0
ORD101652,2024-02-18,CUST03354,New,West,Apparel,Winter Coat,85.81,5,10,493.41,49.34,444.07,Credit Card,0
ORD100680,2024-02-19,CUST03494,Returning,South,Beauty & Personal Care,Face Serum,11.11,5,0,63.88,0.0,63.88,Cash on Delivery,0
ORD104832,2024-02-19,CUST03442,Returning,East,Electronics,Smart Watch,236.59,6,0,1632.47,0.0,1632.47,Credit Card,0
ORD100629,2024-02-19,CUST03504,New,West,Apparel,Yoga Pants,52.59,4,15,241.91,36.29,205.62,Debit Card,0
ORD105413,2024-02-19,CUST04288,Returning,South,Apparel,Cotton T-Shirt,31.45,2,0,72.33,0.0,72.33,Net Banking,0
ORD100260,2024-02-19,CUST04353,New,Central,Sports & Outdoors,Water Bottle,183.07,8,10,1684.24,168.42,1515.82,Credit Card,0
ORD105685,2024-02-19,CUST04539,New,Central,Beauty & Personal Care,Hair Dryer,22.8,3,0,78.66,0.0,78.66,UPI,0
ORD102509,2024-02-20,CUST02947,VIP,North,Beauty & Personal Care,Electric Trimmer,26.0,5,5,149.5,7.48,142.02,UPI,0
ORD101474,2024-02-20,CUST01076,Returning,East,Home & Kitchen,Vacuum Cleaner,23.67,3,10,81.66,8.17,73.49,Credit Card,0
ORD104560,2024-02-20,CUST04076,VIP,East,Electronics,Smartphone Case,176.72,3,0,609.68,0.0,609.68,UPI,0
ORD104624,2024-02-20,CUST04212,New,East,Home & Kitchen,Blender,139.96,6,0,965.72,0.0,965.72,UPI,0
ORD103433,2024-02-20,CUST03436,New,South,Apparel,Yoga Pants,89.56,5,0,514.97,0.0,514.97,Net Banking,0
ORD101822,2024-02-20,CUST03421,Returning,South,Electronics,Smart Watch,106.0,6,5,731.4,36.57,694.83,UPI,0
ORD105520,2024-02-20,CUST03729,VIP,East,Electronics,Smart Watch,227.85,3,15,786.08,117.91,668.17,Cash on Delivery,0
ORD100226,2024-02-20,CUST04790,VIP,North,Apparel,Yoga Pants,108.36,4,5,498.46,24.92,473.54,Credit Card,0
ORD105199,2024-02-20,CUST02242,Returning,North,Apparel,Winter Coat,65.88,5,0,378.81,0.0,378.81,Cash on Delivery,0
ORD103024,2024-02-21,CUST01980,VIP,West,Apparel,Running Shoes,78.17,5,15,449.48,67.42,382.06,Cash on Delivery,0
ORD103494,2024-02-21,CUST04407,Returning,East,Apparel,Denim Jacket,57.35,6,0,395.71,0.0,395.71,Credit Card,0
ORD100506,2024-02-21,CUST01141,Returning,West,Sports & Outdoors,Dumbbell Set,79.1,1,0,90.96,0.0,90.96,Credit Card,0
ORD102082,2024-02-21,CUST01217,VIP,Central,Home & Kitchen,Blender,23.87,2,0,54.9,0.0,54.9,UPI,0
ORD105172,2024-02-21,CUST03213,New,Central,Home & Kitchen,Cookware Set,94.11,1,0,108.23,0.0,108.23,Credit Card,0
ORD101239,2024-02-22,CUST04886,New,South,Home & Kitchen,Cookware Set,44.36,1,0,51.01,0.0,51.01,Credit Card,0
ORD102684,2024-02-22,CUST04396,Returning,West,Apparel,Winter Coat,113.32,2,0,260.64,0.0,260.64,Credit Card,0
ORD100522,2024-02-22,CUST02990,New,East,Sports & Outdoors,Cycling Helmet,167.85,7,0,1351.19,0.0,1351.19,UPI,0
ORD101157,2024-02-22,CUST01300,Returning,Central,Home & Kitchen,Blender,24.42,3,0,84.25,0.0,84.25,UPI,0
ORD104170,2024-02-22,CUST03787,New,North,Electronics,Power Bank,163.32,5,0,939.09,0.0,939.09,Net Banking,0
ORD101896,2024-02-22,CUST01598,Returning,North,Home & Kitchen,Blender,135.19,3,10,466.41,46.64,419.77,UPI,0
ORD102325,2024-02-23,CUST02549,Returning,South,Beauty & Personal Care,Skincare Kit,34.46,2,5,79.26,3.96,75.3,Credit Card,0
ORD103368,2024-02-23,CUST02727,Returning,South,Beauty & Personal Care,Electric Trimmer,86.45,6,0,596.5,0.0,596.5,Debit Card,0
ORD100110,2024-02-23,CUST02721,Returning,North,Electronics,Smart Watch,155.46,5,5,893.89,44.69,849.2,Credit Card,0
ORD105443,2024-02-23,CUST04015,Returning,South,Home & Kitchen,Blender,150.33,4,0,691.52,0.0,691.52,UPI,1
ORD104197,2024-02-23,CUST01088,Returning,West,Beauty & Personal Care,Perfume,38.14,5,0,219.3,0.0,219.3,UPI,0
ORD104379,2024-02-23,CUST04489,New,Central,Electronics,Wireless Earbuds,115.99,6,5,800.33,40.02,760.31,Cash on Delivery,0
ORD105441,2024-02-23,CUST02709,New,East,Home & Kitchen,Vacuum Cleaner,155.38,4,0,714.75,0.0,714.75,UPI,0
ORD102204,2024-02-23,CUST04254,Returning,North,Home & Kitchen,Cookware Set,30.02,4,0,138.09,0.0,138.09,Credit Card,0
ORD101545,2024-02-23,CUST01565,New,North,Sports & Outdoors,Water Bottle,9.57,3,0,33.02,0.0,33.02,UPI,0
ORD103314,2024-02-23,CUST01227,Returning,South,Home & Kitchen,Cookware Set,69.57,4,0,320.02,0.0,320.02,Credit Card,0
ORD101002,2024-02-23,CUST04397,VIP,West,Electronics,Wireless Earbuds,168.55,6,0,1162.99,0.0,1162.99,Cash on Delivery,0
ORD101135,2024-02-24,CUST03531,New,North,Apparel,Running Shoes,84.82,3,0,292.63,0.0,292.63,Credit Card,0
ORD101890,2024-02-24,CUST03380,New,West,Apparel,Yoga Pants,65.46,5,0,376.39,0.0,376.39,UPI,0
ORD100532,2024-02-24,CUST02044,New,West,Home & Kitchen,Cookware Set,100.38,4,0,461.75,0.0,461.75,Cash on Delivery,0
ORD102132,2024-02-24,CUST01468,Returning,North,Electronics,Power Bank,42.79,7,5,344.46,17.22,327.24,Debit Card,1
ORD101065,2024-02-24,CUST02201,New,West,Sports & Outdoors,Dumbbell Set,165.96,4,0,763.42,0.0,763.42,Debit Card,0
ORD104993,2024-02-24,CUST03104,VIP,Central,Sports & Outdoors,Water Bottle,147.22,1,0,169.3,0.0,169.3,Net Banking,0
ORD103331,2024-02-24,CUST04542,VIP,North,Beauty & Personal Care,Electric Trimmer,45.13,4,5,207.6,10.38,197.22,Credit Card,1
ORD104454,2024-02-24,CUST01687,New,East,Sports & Outdoors,Yoga Mat,50.27,5,15,289.05,43.36,245.69,UPI,0
ORD100289,2024-02-24,CUST02851,New,Central,Electronics,Smart Watch,40.14,4,0,184.64,0.0,184.64,Credit Card,0
ORD103279,2024-02-24,CUST03515,Returning,Central,Beauty & Personal Care,Perfume,57.91,3,0,199.79,0.0,199.79,Debit Card,0
ORD102423,2024-02-24,CUST03157,Returning,West,Electronics,Bluetooth Speaker,192.88,6,10,1330.87,133.09,1197.78,Debit Card,0
ORD104110,2024-02-24,CUST01764,New,Central,Home & Kitchen,Cookware Set,47.08,4,0,216.57,0.0,216.57,Net Banking,0
ORD105801,2024-02-24,CUST03716,VIP,South,Electronics,Power Bank,118.08,4,0,543.17,0.0,543.17,UPI,0
ORD104367,2024-02-24,CUST02733,New,North,Electronics,Smartphone Case,169.64,3,0,585.26,0.0,585.26,Debit Card,0
ORD103360,2024-02-25,CUST01085,Returning,Central,Electronics,Smart Watch,235.25,7,0,1893.76,0.0,1893.76,Credit Card,0
ORD103796,2024-02-25,CUST02502,New,East,Home & Kitchen,Air Fryer,78.09,2,0,179.61,0.0,179.61,UPI,0
ORD103972,2024-02-25,CUST03882,New,South,Home & Kitchen,Cookware Set,115.86,5,20,666.19,133.24,532.95,UPI,0
ORD105745,2024-02-25,CUST01652,Returning,Central,Beauty & Personal Care,Electric Trimmer,42.31,8,0,389.25,0.0,389.25,UPI,0
ORD105952,2024-02-25,CUST03131,New,South,Sports & Outdoors,Camping Tent,33.23,7,10,267.5,26.75,240.75,UPI,0
ORD102634,2024-02-25,CUST02067,New,Central,Electronics,Smart Watch,166.61,5,5,958.01,47.9,910.11,UPI,0
ORD103689,2024-02-25,CUST03902,New,South,Electronics,Wireless Earbuds,55.78,4,5,256.59,12.83,243.76,Debit Card,0
ORD104070,2024-02-25,CUST01899,New,West,Electronics,Wireless Earbuds,67.47,5,5,387.95,19.4,368.55,UPI,0
ORD101616,2024-02-26,CUST02529,New,South,Apparel,Yoga Pants,88.92,2,0,204.52,0.0,204.52,Debit Card,0
ORD102425,2024-02-26,CUST02245,Returning,Central,Electronics,Smartphone Case,47.75,3,0,164.74,0.0,164.74,Net Banking,0
ORD100614,2024-02-26,CUST03192,Returning,East,Home & Kitchen,Cookware Set,137.24,4,5,631.3,31.56,599.74,UPI,1
ORD103892,2024-02-26,CUST04345,New,North,Beauty & Personal Care,Hair Dryer,57.67,4,5,265.28,13.26,252.02,Net Banking,0
ORD105092,2024-02-26,CUST01881,Returning,North,Apparel,Denim Jacket,31.9,8,10,293.48,29.35,264.13,UPI,0
ORD101040,2024-02-26,CUST03607,New,East,Apparel,Winter Coat,112.62,3,5,388.54,19.43,369.11,Debit Card,0
ORD102480,2024-02-26,CUST02619,New,Central,Beauty & Personal Care,Face Serum,58.9,3,0,203.2,0.0,203.2,Credit Card,0
ORD100290,2024-02-26,CUST02885,Returning,South,Home & Kitchen,Air Fryer,170.49,5,5,980.32,49.02,931.3,Credit Card,0
ORD105081,2024-02-26,CUST04460,New,West,Apparel,Running Shoes,38.88,5,0,223.56,0.0,223.56,Debit Card,0
ORD100786,2024-02-26,CUST02031,New,South,Apparel,Cotton T-Shirt,39.04,3,0,134.69,0.0,134.69,Cash on Delivery,0
ORD102452,2024-02-27,CUST01742,Returning,West,Apparel,Cotton T-Shirt,43.09,3,20,148.66,29.73,118.93,Debit Card,0
ORD105487,2024-02-27,CUST01449,New,East,Apparel,Winter Coat,96.8,3,5,333.96,16.7,317.26,Credit Card,0
ORD104160,2024-02-27,CUST04651,New,West,Home & Kitchen,Vacuum Cleaner,31.6,4,0,145.36,0.0,145.36,UPI,0
ORD105698,2024-02-27,CUST02155,VIP,South,Home & Kitchen,Vacuum Cleaner,168.49,6,15,1162.58,174.39,988.19,Credit Card,0
ORD102874,2024-02-27,CUST02962,New,North,Apparel,Denim Jacket,16.71,3,0,57.65,0.0,57.65,Credit Card,0
ORD105017,2024-02-28,CUST03667,New,North,Sports & Outdoors,Water Bottle,55.73,5,15,320.45,48.07,272.38,UPI,0
ORD101935,2024-02-28,CUST01555,Returning,South,Sports & Outdoors,Water Bottle,183.98,4,0,846.31,0.0,846.31,UPI,0
ORD103213,2024-02-28,CUST01100,New,East,Sports & Outdoors,Water Bottle,61.75,7,5,497.09,24.85,472.24,UPI,0
ORD103166,2024-02-28,CUST02130,VIP,East,Apparel,Winter Coat,33.63,3,20,116.02,23.2,92.82,UPI,0
ORD105202,2024-02-28,CUST02053,New,West,Electronics,Smartphone Case,183.28,5,0,1053.86,0.0,1053.86,Cash on Delivery,0
ORD101202,2024-02-28,CUST03013,VIP,West,Electronics,Smartphone Case,211.41,6,5,1458.73,72.94,1385.79,Credit Card,0
ORD105762,2024-02-28,CUST02398,New,North,Electronics,Bluetooth Speaker,213.33,4,15,981.32,147.2,834.12,Debit Card,0
ORD105505,2024-02-28,CUST01127,New,North,Home & Kitchen,Vacuum Cleaner,138.02,2,0,317.45,0.0,317.45,Debit Card,0
ORD103091,2024-02-28,CUST01668,Returning,West,Electronics,Wireless Earbuds,19.05,7,0,153.35,0.0,153.35,Credit Card,0
ORD104522,2024-02-29,CUST04515,Returning,South,Home & Kitchen,Air Fryer,174.31,2,0,400.91,0.0,400.91,Credit Card,0
ORD102491,2024-02-29,CUST01260,New,East,Home & Kitchen,Vacuum Cleaner,172.43,6,15,1189.77,178.47,1011.3,UPI,0
ORD104635,2024-02-29,CUST03272,VIP,North,Electronics,Power Bank,232.85,3,0,803.33,0.0,803.33,Credit Card,0
ORD100921,2024-02-29,CUST02007,Returning,West,Electronics,Power Bank,170.19,2,0,391.44,0.0,391.44,UPI,0
ORD102857,2024-02-29,CUST04717,New,Central,Electronics,Wireless Earbuds,36.14,3,5,124.68,6.23,118.45,Credit Card,0
ORD101782,2024-02-29,CUST02643,New,Central,Electronics,Smart Watch,206.16,3,0,711.25,0.0,711.25,UPI,0
ORD104300,2024-02-29,CUST01605,New,North,Electronics,Smartphone Case,156.09,5,5,897.52,44.88,852.64,Debit Card,0
ORD104889,2024-02-29,CUST03882,New,Central,Apparel,Yoga Pants,33.01,5,0,189.81,0.0,189.81,Cash on Delivery,0
ORD102241,2024-02-29,CUST02780,New,Central,Apparel,Cotton T-Shirt,68.58,3,15,236.6,35.49,201.11,UPI,0
ORD102840,2024-03-01,CUST03279,New,North,Electronics,Power Bank,73.8,2,20,169.74,33.95,135.79,Net Banking,0
ORD103099,2024-03-01,CUST03854,New,North,Electronics,Wireless Earbuds,245.27,7,0,1974.42,0.0,1974.42,UPI,1
ORD101623,2024-03-01,CUST04682,Returning,Central,Apparel,Yoga Pants,11.39,5,0,65.49,0.0,65.49,Net Banking,0
ORD105385,2024-03-01,CUST01288,VIP,South,Beauty & Personal Care,Skincare Kit,39.11,3,0,134.93,0.0,134.93,UPI,0
ORD102777,2024-03-01,CUST03677,Returning,Central,Apparel,Winter Coat,50.45,5,0,290.09,0.0,290.09,Credit Card,0
ORD104525,2024-03-01,CUST02076,Returning,East,Electronics,Power Bank,113.47,3,5,391.47,19.57,371.9,Debit Card,1
ORD101464,2024-03-01,CUST01689,Returning,West,Electronics,Smartphone Case,82.96,4,15,381.62,57.24,324.38,Credit Card,0
ORD103962,2024-03-02,CUST02621,VIP,East,Electronics,Smartphone Case,153.85,3,0,530.78,0.0,530.78,Credit Card,0
ORD102025,2024-03-02,CUST04474,Returning,West,Beauty & Personal Care,Skincare Kit,76.14,2,0,175.12,0.0,175.12,Debit Card,0
ORD102001,2024-03-02,CUST04827,Returning,Central,Electronics,Smart Watch,80.78,4,15,371.59,55.74,315.85,UPI,0
ORD100502,2024-03-02,CUST03291,VIP,North,Electronics,Bluetooth Speaker,78.28,4,10,360.09,36.01,324.08,Credit Card,0
ORD105932,2024-03-02,CUST01066,New,West,Beauty & Personal Care,Skincare Kit,38.31,5,0,220.28,0.0,220.28,Cash on Delivery,0
ORD102108,2024-03-02,CUST04580,New,North,Home & Kitchen,Vacuum Cleaner,139.88,4,0,643.45,0.0,643.45,Debit Card,0
ORD102935,2024-03-02,CUST01117,VIP,North,Electronics,Smart Watch,232.93,3,20,803.61,160.72,642.89,Debit Card,0
ORD103369,2024-03-02,CUST04217,New,Central,Apparel,Denim Jacket,65.29,3,15,225.25,33.79,191.46,Debit Card,0
ORD105649,2024-03-02,CUST01914,New,North,Beauty & Personal Care,Face Serum,24.4,4,5,112.24,5.61,106.63,Net Banking,0
ORD102246,2024-03-03,CUST01431,Returning,South,Apparel,Winter Coat,82.86,6,0,571.73,0.0,571.73,Credit Card,0
ORD103913,2024-03-03,CUST04405,Returning,North,Electronics,Smart Watch,152.95,6,0,1055.35,0.0,1055.35,Debit Card,0
ORD102003,2024-03-03,CUST03035,Returning,North,Home & Kitchen,Coffee Maker,73.65,2,5,169.4,8.47,160.93,Net Banking,0
ORD103679,2024-03-03,CUST01240,New,South,Sports & Outdoors,Camping Tent,154.62,6,0,1066.88,0.0,1066.88,Credit Card,0
ORD104224,2024-03-03,CUST01919,New,North,Home & Kitchen,Cookware Set,120.77,4,0,555.54,0.0,555.54,UPI,0
ORD100061,2024-03-03,CUST02177,New,Central,Home & Kitchen,Blender,128.86,5,0,740.95,0.0,740.95,Debit Card,0
ORD105053,2024-03-03,CUST03967,Returning,West,Beauty & Personal Care,Electric Trimmer,22.08,2,0,50.78,0.0,50.78,Credit Card,0
ORD101814,2024-03-03,CUST02002,Returning,North,Sports & Outdoors,Cycling Helmet,136.54,6,0,942.13,0.0,942.13,Credit Card,0
ORD105466,2024-03-04,CUST03083,New,East,Beauty & Personal Care,Perfume,16.33,2,15,37.56,5.63,31.93,UPI,0
ORD103333,2024-03-04,CUST02893,New,North,Electronics,Power Bank,197.09,4,15,906.61,135.99,770.62,Net Banking,0
ORD101198,2024-03-04,CUST01839,VIP,West,Sports & Outdoors,Water Bottle,132.27,5,15,760.55,114.08,646.47,Net Banking,0
ORD105974,2024-03-04,CUST02641,New,Central,Electronics,Smartphone Case,131.33,2,0,302.06,0.0,302.06,Credit Card,0
ORD105403,2024-03-04,CUST02821,Returning,South,Electronics,Bluetooth Speaker,108.09,5,10,621.52,62.15,559.37,UPI,0
ORD104705,2024-03-04,CUST01346,New,South,Beauty & Personal Care,Perfume,69.2,4,10,318.32,31.83,286.49,Credit Card,0
ORD102339,2024-03-04,CUST01571,Returning,East,Home & Kitchen,Cookware Set,64.9,4,0,298.54,0.0,298.54,Credit Card,0
ORD101493,2024-03-04,CUST01411,Returning,South,Home & Kitchen,Blender,90.48,4,0,416.21,0.0,416.21,Debit Card,0
ORD104644,2024-03-04,CUST03485,Returning,South,Apparel,Winter Coat,63.19,4,10,290.67,29.07,261.6,Debit Card,0
ORD101696,2024-03-05,CUST03508,Returning,East,Electronics,Wireless Earbuds,238.91,3,0,824.24,0.0,824.24,Credit Card,0
ORD101735,2024-03-05,CUST01867,Returning,West,Sports & Outdoors,Yoga Mat,29.29,5,0,168.42,0.0,168.42,Credit Card,0
ORD103394,2024-03-05,CUST02192,New,North,Sports & Outdoors,Dumbbell Set,79.11,5,0,454.88,0.0,454.88,UPI,0
ORD104903,2024-03-05,CUST03965,New,Central,Electronics,Bluetooth Speaker,63.5,5,0,365.12,0.0,365.12,UPI,0
ORD103705,2024-03-06,CUST01171,New,South,Sports & Outdoors,Water Bottle,78.15,5,0,449.36,0.0,449.36,Debit Card,0
ORD103417,2024-03-06,CUST02122,Returning,East,Home & Kitchen,Coffee Maker,109.83,3,0,378.91,0.0,378.91,Credit Card,0
ORD105629,2024-03-06,CUST04528,Returning,North,Apparel,Winter Coat,19.68,3,15,67.9,10.18,57.72,Credit Card,0
ORD103271,2024-03-06,CUST04277,VIP,West,Apparel,Denim Jacket,47.31,3,15,163.22,24.48,138.74,Credit Card,0
ORD105590,2024-03-06,CUST04631,New,Central,Home & Kitchen,Air Fryer,131.02,7,0,1054.71,0.0,1054.71,Debit Card,1
ORD103165,2024-03-06,CUST01358,Returning,West,Home & Kitchen,Cookware Set,175.79,4,15,808.63,121.29,687.34,Cash on Delivery,0
ORD101141,2024-03-06,CUST03706,New,East,Electronics,Smart Watch,211.12,2,20,485.58,97.12,388.46,Debit Card,0
ORD105447,2024-03-07,CUST03596,Returning,Central,Apparel,Denim Jacket,111.93,7,15,901.04,135.16,765.88,Debit Card,0
ORD102738,2024-03-07,CUST02760,Returning,Central,Home & Kitchen,Cookware Set,83.08,8,0,764.34,0.0,764.34,Debit Card,0
ORD103141,2024-03-07,CUST03706,Returning,South,Apparel,Running Shoes,16.67,3,0,57.51,0.0,57.51,Credit Card,0
ORD102202,2024-03-07,CUST02402,New,West,Beauty & Personal Care,Hair Dryer,38.02,1,15,43.72,6.56,37.16,Credit Card,0
ORD103216,2024-03-07,CUST03771,VIP,South,Apparel,Denim Jacket,119.21,6,0,822.55,0.0,822.55,UPI,0
ORD101501,2024-03-07,CUST02891,Returning,Central,Beauty & Personal Care,Electric Trimmer,52.94,4,5,243.52,12.18,231.34,Credit Card,0
ORD100473,2024-03-07,CUST01182,Returning,West,Beauty & Personal Care,Perfume,16.64,4,0,76.54,0.0,76.54,Debit Card,0
ORD104835,2024-03-08,CUST03601,Returning,South,Beauty & Personal Care,Skincare Kit,40.91,4,0,188.19,0.0,188.19,Debit Card,0
ORD104599,2024-03-08,CUST03702,New,Central,Home & Kitchen,Air Fryer,116.7,8,0,1073.64,0.0,1073.64,Net Banking,1
ORD104082,2024-03-08,CUST03241,New,North,Electronics,Smartphone Case,119.85,3,5,413.48,20.67,392.81,UPI,0
ORD105311,2024-03-08,CUST04551,Returning,Central,Apparel,Running Shoes,50.2,7,5,404.11,20.21,383.9,Cash on Delivery,0
ORD105296,2024-03-09,CUST02527,Returning,Central,Home & Kitchen,Blender,107.03,4,0,492.34,0.0,492.34,Credit Card,0
ORD103385,2024-03-09,CUST04652,New,West,Electronics,Power Bank,172.34,7,15,1387.34,208.1,1179.24,UPI,0
ORD104907,2024-03-09,CUST04840,Returning,South,Home & Kitchen,Vacuum Cleaner,113.29,3,15,390.85,58.63,332.22,Debit Card,0
ORD103005,2024-03-09,CUST03161,New,East,Apparel,Running Shoes,59.9,3,0,206.65,0.0,206.65,UPI,0
ORD103845,2024-03-09,CUST04198,New,West,Beauty & Personal Care,Perfume,49.82,3,0,171.88,0.0,171.88,UPI,0
ORD104905,2024-03-09,CUST01472,VIP,South,Electronics,Power Bank,137.48,6,0,948.61,0.0,948.61,UPI,0
ORD104651,2024-03-10,CUST02080,New,Central,Electronics,Smartphone Case,25.73,3,0,88.77,0.0,88.77,Credit Card,0
ORD101389,2024-03-10,CUST01250,Returning,North,Electronics,Bluetooth Speaker,171.19,1,10,196.87,19.69,177.18,Credit Card,0
ORD100791,2024-03-10,CUST03419,VIP,South,Home & Kitchen,Air Fryer,58.93,5,20,338.85,67.77,271.08,UPI,0
ORD103451,2024-03-10,CUST02449,New,East,Apparel,Running Shoes,97.45,5,0,560.34,0.0,560.34,Credit Card,0
ORD102520,2024-03-10,CUST04366,VIP,West,Apparel,Running Shoes,74.66,2,5,171.72,8.59,163.13,Credit Card,0
ORD105773,2024-03-10,CUST04724,VIP,Central,Apparel,Cotton T-Shirt,39.32,3,10,135.65,13.57,122.08,Debit Card,0
ORD100461,2024-03-10,CUST01993,New,Central,Sports & Outdoors,Camping Tent,13.84,3,5,47.75,2.39,45.36,Credit Card,0
ORD102591,2024-03-10,CUST03099,New,West,Apparel,Denim Jacket,115.54,4,0,531.48,0.0,531.48,UPI,0
ORD105924,2024-03-10,CUST03576,Returning,Central,Apparel,Running Shoes,59.85,5,5,344.14,17.21,326.93,Net Banking,0
ORD100784,2024-03-10,CUST04042,New,North,Electronics,Bluetooth Speaker,246.48,2,15,566.9,85.04,481.86,UPI,0
ORD100966,2024-03-10,CUST01725,New,East,Sports & Outdoors,Camping Tent,193.2,3,5,666.54,33.33,633.21,Net Banking,0
ORD101191,2024-03-10,CUST01242,New,South,Beauty & Personal Care,Hair Dryer,18.5,5,0,106.37,0.0,106.37,UPI,0
ORD102891,2024-03-10,CUST03655,VIP,North,Electronics,Wireless Earbuds,46.78,4,0,215.19,0.0,215.19,Credit Card,0
ORD102520,2024-03-10,CUST04366,VIP,West,Apparel,Running Shoes,74.66,2,5,171.72,8.59,163.13,Credit Card,0
ORD105630,2024-03-11,CUST03789,New,East,Apparel,Yoga Pants,20.14,3,0,69.48,0.0,69.48,Credit Card,0
ORD104146,2024-03-11,CUST03026,VIP,North,Sports & Outdoors,Camping Tent,51.06,6,0,352.31,0.0,352.31,Credit Card,0
ORD102366,2024-03-11,CUST04465,New,North,Beauty & Personal Care,Electric Trimmer,31.01,3,15,106.98,16.05,90.93,Credit Card,0
ORD102931,2024-03-11,CUST03128,New,East,Home & Kitchen,Blender,105.33,7,0,847.91,0.0,847.91,Net Banking,0
ORD102623,2024-03-11,CUST04421,New,North,Sports & Outdoors,Dumbbell Set,58.59,3,10,202.14,20.21,181.93,Credit Card,0
ORD102532,2024-03-11,CUST03279,Returning,West,Apparel,Winter Coat,113.31,4,0,521.23,0.0,521.23,UPI,0
ORD100001,2024-03-11,CUST01456,New,South,Apparel,Cotton T-Shirt,27.89,3,0,96.22,0.0,96.22,Debit Card,0
ORD104403,2024-03-11,CUST03646,Returning,Central,Electronics,Smart Watch,208.57,4,0,959.42,0.0,959.42,Debit Card,0
ORD102479,2024-03-11,CUST02529,New,South,Home & Kitchen,Vacuum Cleaner,77.14,1,0,88.71,0.0,88.71,Credit Card,0
ORD101145,2024-03-11,CUST02194,Returning,North,Electronics,Bluetooth Speaker,205.62,3,0,709.39,0.0,709.39,UPI,0
ORD102685,2024-03-12,CUST03001,New,West,Home & Kitchen,Coffee Maker,144.73,4,20,665.76,133.15,532.61,Credit Card,0
ORD101627,2024-03-12,CUST02610,Returning,South,Sports & Outdoors,Yoga Mat,75.96,4,0,349.42,0.0,349.42,Net Banking,0
ORD103114,2024-03-12,CUST03754,Returning,Central,Beauty & Personal Care,Face Serum,75.58,4,0,347.67,0.0,347.67,Credit Card,0
ORD100744,2024-03-12,CUST04269,New,West,Apparel,Yoga Pants,74.73,5,10,429.7,42.97,386.73,UPI,0
ORD103616,2024-03-12,CUST04946,VIP,Central,Apparel,Cotton T-Shirt,23.0,2,10,52.9,5.29,47.61,UPI,0
ORD104772,2024-03-12,CUST01483,New,South,Sports & Outdoors,Camping Tent,195.82,7,0,1576.35,0.0,1576.35,Net Banking,0
ORD105880,2024-03-12,CUST03272,New,North,Apparel,Yoga Pants,28.18,4,0,129.63,0.0,129.63,Credit Card,0
ORD100931,2024-03-12,CUST02993,New,South,Apparel,Yoga Pants,75.55,2,5,173.76,8.69,165.07,UPI,0
ORD100770,2024-03-13,CUST01105,Returning,Central,Sports & Outdoors,Dumbbell Set,42.44,6,10,292.84,29.28,263.56,UPI,0
ORD103994,2024-03-13,CUST01233,VIP,South,Electronics,Bluetooth Speaker,137.99,5,0,793.44,0.0,793.44,Cash on Delivery,0
ORD103328,2024-03-13,CUST01942,New,West,Apparel,Cotton T-Shirt,107.04,2,15,246.19,36.93,209.26,UPI,1
ORD105364,2024-03-13,CUST03676,Returning,East,Electronics,Wireless Earbuds,175.19,7,5,1410.28,70.51,1339.77,UPI,0
ORD103877,2024-03-13,CUST02671,Returning,Central,Electronics,Smartphone Case,75.38,4,0,346.75,0.0,346.75,UPI,0
ORD100325,2024-03-13,CUST04255,New,North,Beauty & Personal Care,Skincare Kit,82.28,2,0,189.24,0.0,189.24,Credit Card,0
ORD103747,2024-03-13,CUST02352,VIP,Central,Apparel,Cotton T-Shirt,29.95,2,5,68.88,3.44,65.44,Debit Card,0
ORD103168,2024-03-13,CUST03128,Returning,Central,Sports & Outdoors,Dumbbell Set,104.99,5,0,603.69,0.0,603.69,Net Banking,0
ORD104924,2024-03-13,CUST02361,New,South,Beauty & Personal Care,Face Serum,53.36,3,5,184.09,9.2,174.89,UPI,0
ORD105972,2024-03-13,CUST04468,New,North,Electronics,Wireless Earbuds,103.93,3,0,358.56,0.0,358.56,Net Banking,0
ORD105926,2024-03-14,CUST03045,New,West,Home & Kitchen,Air Fryer,29.27,5,0,168.3,0.0,168.3,Net Banking,0
ORD104936,2024-03-14,CUST01307,New,South,Apparel,Cotton T-Shirt,16.82,6,0,116.06,0.0,116.06,UPI,0
ORD105376,2024-03-14,CUST04232,New,North,Beauty & Personal Care,Skincare Kit,30.93,11,5,391.26,19.56,371.7,Cash on Delivery,0
ORD102190,2024-03-14,CUST01371,New,South,Beauty & Personal Care,Face Serum,47.1,5,0,270.82,0.0,270.82,UPI,0
ORD104315,2024-03-14,CUST02334,VIP,West,Electronics,Bluetooth Speaker,238.6,4,10,1097.56,109.76,987.8,Net Banking,0
ORD100228,2024-03-14,CUST02863,Returning,South,Electronics,Smart Watch,234.17,3,0,807.89,0.0,807.89,Credit Card,0
ORD105028,2024-03-14,CUST04590,Returning,East,Beauty & Personal Care,Skincare Kit,35.89,7,0,288.91,0.0,288.91,Credit Card,0
ORD105061,2024-03-14,CUST01816,New,East,Apparel,Running Shoes,89.55,3,10,308.95,30.9,278.05,Net Banking,0
ORD101714,2024-03-15,CUST04833,Returning,Central,Apparel,Cotton T-Shirt,41.08,3,0,141.73,0.0,141.73,Credit Card,0
ORD105921,2024-03-15,CUST02566,New,South,Sports & Outdoors,Camping Tent,,2,5,97.98,4.9,93.08,Credit Card,1
ORD101483,2024-03-15,CUST04547,New,South,Electronics,Bluetooth Speaker,215.24,7,10,1732.68,173.27,1559.41,Debit Card,0
ORD103356,2024-03-15,CUST03686,New,North,Apparel,Cotton T-Shirt,44.72,4,15,205.71,30.86,174.85,UPI,0
ORD101511,2024-03-15,CUST02437,Returning,Central,Electronics,Power Bank,199.27,6,0,1374.96,0.0,1374.96,Cash on Delivery,0
ORD103379,2024-03-15,CUST03383,New,East,Electronics,Power Bank,35.16,4,0,161.74,0.0,161.74,Credit Card,0
ORD101483,2024-03-15,CUST04547,New,South,Electronics,Bluetooth Speaker,215.24,7,10,1732.68,173.27,1559.41,Debit Card,0
ORD105806,2024-03-15,CUST02786,Returning,South,Home & Kitchen,Blender,126.56,5,20,727.72,145.54,582.18,Debit Card,0
ORD103857,2024-03-16,CUST02881,Returning,Central,Electronics,Bluetooth Speaker,95.73,3,0,330.27,0.0,330.27,UPI,0
ORD105659,2024-03-16,CUST02461,Returning,South,Electronics,Power Bank,139.31,3,5,480.62,24.03,456.59,Credit Card,0
ORD100961,2024-03-16,CUST03116,VIP,West,Apparel,Denim Jacket,70.79,5,0,407.04,0.0,407.04,Debit Card,0
ORD103210,2024-03-16,CUST04625,New,East,Apparel,Yoga Pants,80.93,2,15,186.14,27.92,158.22,Debit Card,0
ORD105683,2024-03-16,CUST04243,VIP,South,Home & Kitchen,Cookware Set,49.27,5,0,283.3,0.0,283.3,Credit Card,0
ORD103659,2024-03-16,CUST03412,New,East,Electronics,Power Bank,33.33,4,0,153.32,0.0,153.32,Cash on Delivery,0
ORD101068,2024-03-16,CUST01482,Returning,West,Beauty & Personal Care,Electric Trimmer,10.5,4,0,48.3,0.0,48.3,Debit Card,0
ORD102212,2024-03-16,CUST03871,Returning,West,Electronics,Wireless Earbuds,132.16,4,0,607.94,0.0,607.94,Net Banking,0
ORD100673,2024-03-16,CUST04497,Returning,East,Apparel,Winter Coat,43.67,5,0,251.1,0.0,251.1,Credit Card,0
ORD102826,2024-03-16,CUST01305,Returning,West,Sports & Outdoors,Camping Tent,187.45,5,5,1077.84,53.89,1023.95,UPI,1
ORD105907,2024-03-16,CUST04886,New,South,Electronics,Smartphone Case,246.37,6,15,1699.95,254.99,1444.96,UPI,0
ORD102268,2024-03-17,CUST04973,Returning,East,Electronics,Wireless Earbuds,66.27,3,0,228.63,0.0,228.63,Net Banking,0
ORD102540,2024-03-17,CUST01618,Returning,South,Home & Kitchen,Air Fryer,44.46,6,15,306.77,46.02,260.75,Credit Card,0
ORD100200,2024-03-17,CUST01645,New,West,Home & Kitchen,Air Fryer,56.37,4,0,259.3,0.0,259.3,Credit Card,0
ORD103056,2024-03-17,CUST01947,VIP,West,Sports & Outdoors,Yoga Mat,89.29,2,0,205.37,0.0,205.37,Cash on Delivery,0
ORD100486,2024-03-17,CUST02908,Returning,Central,Apparel,Yoga Pants,28.29,4,15,130.13,19.52,110.61,Debit Card,0
ORD104721,2024-03-17,CUST03615,Returning,West,Home & Kitchen,Blender,65.58,1,0,75.42,0.0,75.42,Debit Card,1
ORD104840,2024-03-17,CUST04083,New,South,Electronics,Power Bank,128.01,2,0,294.42,0.0,294.42,Credit Card,0
ORD101302,2024-03-17,CUST04960,New,South,Home & Kitchen,Cookware Set,31.25,8,0,287.5,0.0,287.5,UPI,0
ORD105940,2024-03-18,CUST03429,VIP,Central,Home & Kitchen,Blender,27.88,3,0,96.19,0.0,96.19,Credit Card,0
ORD101229,2024-03-18,CUST04956,New,Central,Home & Kitchen,Coffee Maker,32.32,7,0,260.18,0.0,260.18,Credit Card,0
ORD105350,2024-03-18,CUST01111,Returning,Central,Electronics,Smart Watch,124.3,6,0,857.67,0.0,857.67,UPI,0
ORD104339,2024-03-18,CUST01855,VIP,South,Home & Kitchen,Blender,116.47,2,0,267.88,0.0,267.88,UPI,0
ORD100927,2024-03-18,CUST03896,Returning,West,Home & Kitchen,Cookware Set,119.03,2,5,273.77,13.69,260.08,Credit Card,0
ORD103517,2024-03-18,CUST01157,New,West,Home & Kitchen,Blender,164.53,3,0,567.63,0.0,567.63,Credit Card,0
ORD104426,2024-03-18,CUST04679,Returning,West,Electronics,Smart Watch,219.13,4,20,1008.0,201.6,806.4,Credit Card,0
ORD104136,2024-03-18,CUST01958,Returning,West,Beauty & Personal Care,Hair Dryer,12.92,4,5,59.43,2.97,56.46,Debit Card,0
ORD101440,2024-03-18,CUST03032,Returning,Central,Beauty & Personal Care,Electric Trimmer,33.42,4,0,153.73,0.0,153.73,Cash on Delivery,0
ORD103388,2024-03-18,CUST01344,New,North,Sports & Outdoors,Camping Tent,189.53,1,15,217.96,32.69,185.27,Net Banking,0
ORD103076,2024-03-18,CUST03493,Returning,Central,Beauty & Personal Care,Electric Trimmer,42.44,11,0,536.87,0.0,536.87,Net Banking,0
ORD100414,2024-03-19,CUST01217,Returning,East,Electronics,Wireless Earbuds,64.65,6,10,446.08,44.61,401.47,Debit Card,0
ORD105739,2024-03-19,CUST03205,Returning,Central,Apparel,Winter Coat,44.05,1,5,50.66,2.53,48.13,Debit Card,0
ORD103367,2024-03-19,CUST02345,Returning,Central,Beauty & Personal Care,Electric Trimmer,37.39,6,0,257.99,0.0,257.99,Credit Card,0
ORD104495,2024-03-19,CUST02657,Returning,North,Electronics,Bluetooth Speaker,220.82,3,15,761.83,114.27,647.56,Debit Card,0
ORD105056,2024-03-19,CUST03551,New,North,Home & Kitchen,Air Fryer,47.39,4,10,217.99,21.8,196.19,Debit Card,0
ORD104731,2024-03-20,CUST04708,New,North,Beauty & Personal Care,Face Serum,28.78,4,15,132.39,19.86,112.53,Credit Card,0
ORD103259,2024-03-20,CUST01449,New,North,Sports & Outdoors,Yoga Mat,138.66,3,10,478.38,47.84,430.54,Credit Card,0
ORD104448,2024-03-20,CUST04775,VIP,Central,Home & Kitchen,Vacuum Cleaner,36.54,5,0,210.1,0.0,210.1,Credit Card,0
ORD101872,2024-03-20,CUST01573,New,North,Apparel,Winter Coat,53.31,4,0,245.23,0.0,245.23,Debit Card,0
ORD100630,2024-03-20,CUST04086,New,East,Apparel,Winter Coat,116.46,3,0,401.79,0.0,401.79,Debit Card,0
ORD105409,2024-03-20,CUST01123,New,Central,Electronics,Bluetooth Speaker,86.11,3,15,297.08,44.56,252.52,Credit Card,0
ORD103155,2024-03-20,CUST04508,Returning,West,Apparel,Running Shoes,103.19,4,0,474.67,0.0,474.67,Credit Card,0
ORD100563,2024-03-20,CUST02600,Returning,North,Apparel,Winter Coat,73.84,2,5,169.83,8.49,161.34,Debit Card,0
ORD105363,2024-03-20,CUST03666,New,Central,Electronics,Smart Watch,103.95,3,0,358.63,0.0,358.63,Debit Card,0
ORD102151,2024-03-20,CUST04658,New,East,Home & Kitchen,Air Fryer,70.53,3,5,243.33,12.17,231.16,Credit Card,0
ORD102856,2024-03-20,CUST03511,New,West,Apparel,Denim Jacket,87.8,7,0,706.79,0.0,706.79,Debit Card,0
ORD103934,2024-03-21,CUST04393,New,South,Apparel,Yoga Pants,81.81,3,0,282.24,0.0,282.24,Credit Card,0
ORD102277,2024-03-21,CUST04869,New,North,Electronics,Smartphone Case,40.48,5,0,232.76,0.0,232.76,Credit Card,1
ORD103628,2024-03-21,CUST01720,New,South,Home & Kitchen,Blender,102.39,4,0,470.99,0.0,470.99,Credit Card,0
ORD105022,2024-03-21,CUST03236,VIP,South,Home & Kitchen,Coffee Maker,142.58,5,0,819.84,0.0,819.84,Debit Card,0
ORD105315,2024-03-21,CUST01770,New,North,Electronics,Wireless Earbuds,115.32,5,20,663.09,132.62,530.47,Debit Card,0
ORD100759,2024-03-21,CUST04914,Returning,North,Beauty & Personal Care,Skincare Kit,48.76,2,5,112.15,5.61,106.54,Credit Card,0
ORD100940,2024-03-21,CUST04540,Returning,West,Beauty & Personal Care,Skincare Kit,69.66,2,15,160.22,24.03,136.19,UPI,0
ORD103903,2024-03-21,CUST04053,New,Central,Sports & Outdoors,Cycling Helmet,175.05,5,0,1006.54,0.0,1006.54,UPI,0
ORD105052,2024-03-22,CUST04029,Returning,North,Electronics,Smartphone Case,122.01,6,0,841.87,0.0,841.87,Credit Card,0
ORD100792,2024-03-22,CUST04530,New,West,Sports & Outdoors,Camping Tent,145.32,4,0,668.47,0.0,668.47,Credit Card,0
ORD105255,2024-03-22,CUST04831,New,East,Electronics,Smartphone Case,44.4,1,20,51.06,10.21,40.85,Credit Card,0
ORD100455,2024-03-22,CUST03133,VIP,South,Home & Kitchen,Coffee Maker,179.28,2,15,412.34,61.85,350.49,Credit Card,0
ORD102385,2024-03-22,CUST01503,New,North,Electronics,Smart Watch,138.22,4,10,635.81,63.58,572.23,Debit Card,0
ORD102923,2024-03-22,CUST04154,New,South,Electronics,Bluetooth Speaker,201.57,5,0,1159.03,0.0,1159.03,Cash on Delivery,0
ORD105513,2024-03-22,CUST04039,New,South,Beauty & Personal Care,Face Serum,41.85,5,5,240.64,12.03,228.61,Cash on Delivery,1
ORD105428,2024-03-23,CUST03421,Returning,East,Beauty & Personal Care,Hair Dryer,23.35,1,0,26.85,0.0,26.85,UPI,0
ORD101647,2024-03-23,CUST01827,VIP,West,Electronics,Bluetooth Speaker,36.64,4,0,168.54,0.0,168.54,Cash on Delivery,0
ORD105576,2024-03-23,CUST01035,New,East,Beauty & Personal Care,Skincare Kit,83.51,3,15,288.11,43.22,244.89,UPI,0
ORD101057,2024-03-23,CUST02976,Returning,Central,Home & Kitchen,Blender,32.84,4,5,151.06,7.55,143.51,Debit Card,0
ORD103396,2024-03-23,CUST01209,VIP,West,Home & Kitchen,Cookware Set,29.89,2,0,68.75,0.0,68.75,Debit Card,0
ORD105934,2024-03-23,CUST03316,VIP,North,Home & Kitchen,Cookware Set,163.8,2,15,376.74,56.51,320.23,Debit Card,0
ORD103209,2024-03-24,CUST01605,New,East,Electronics,Bluetooth Speaker,128.1,3,0,441.94,0.0,441.94,Credit Card,0
ORD104359,2024-03-24,CUST02879,New,East,Electronics,Power Bank,161.33,5,5,927.65,46.38,881.27,UPI,0
ORD102510,2024-03-24,CUST02728,New,South,Apparel,Running Shoes,81.66,4,5,375.64,18.78,356.86,Credit Card,1
ORD101934,2024-03-24,CUST04197,Returning,West,Sports & Outdoors,Dumbbell Set,99.18,4,0,456.23,0.0,456.23,Debit Card,0
ORD100760,2024-03-24,CUST04414,Returning,South,Beauty & Personal Care,Face Serum,77.29,2,15,177.77,26.67,151.1,Cash on Delivery,0
ORD102659,2024-03-24,CUST03977,Returning,North,Beauty & Personal Care,Face Serum,9.89,3,0,34.12,0.0,34.12,Credit Card,0
ORD104591,2024-03-24,CUST03125,New,Central,Electronics,Bluetooth Speaker,92.1,3,5,317.74,15.89,301.85,UPI,0
ORD102316,2024-03-24,CUST01512,Returning,East,Home & Kitchen,Cookware Set,44.14,5,15,253.8,38.07,215.73,Debit Card,0
ORD105356,2024-03-24,CUST03376,Returning,East,Electronics,Bluetooth Speaker,63.64,1,0,73.19,0.0,73.19,Debit Card,0
ORD101371,2024-03-25,CUST02665,New,East,Apparel,Yoga Pants,22.82,6,0,157.46,0.0,157.46,Credit Card,0
ORD102092,2024-03-25,CUST04277,New,West,Sports & Outdoors,Dumbbell Set,156.29,2,0,359.47,0.0,359.47,UPI,0
ORD104262,2024-03-25,CUST03904,New,North,Apparel,Denim Jacket,52.25,2,0,120.17,0.0,120.17,Credit Card,0
ORD104855,2024-03-25,CUST02456,VIP,East,Beauty & Personal Care,Electric Trimmer,61.12,2,0,140.58,0.0,140.58,Cash on Delivery,0
ORD103292,2024-03-25,CUST04910,Returning,South,Home & Kitchen,Cookware Set,31.56,4,5,145.18,7.26,137.92,Debit Card,0
ORD101466,2024-03-25,CUST03180,Returning,Central,Beauty & Personal Care,Hair Dryer,12.23,4,15,56.26,8.44,47.82,UPI,0
ORD103011,2024-03-25,CUST03123,VIP,West,Sports & Outdoors,Dumbbell Set,138.03,8,20,1269.88,253.98,1015.9,UPI,0
ORD103952,2024-03-25,CUST04133,Returning,North,Home & Kitchen,Coffee Maker,34.42,4,5,158.33,7.92,150.41,UPI,0
ORD105218,2024-03-25,CUST04098,New,West,Home & Kitchen,Cookware Set,139.54,7,0,1123.3,0.0,1123.3,Cash on Delivery,0
ORD100811,2024-03-25,CUST04357,New,Central,Sports & Outdoors,Dumbbell Set,22.84,2,0,52.53,0.0,52.53,UPI,0
ORD104548,2024-03-25,CUST03119,VIP,North,Sports & Outdoors,Dumbbell Set,163.01,4,0,749.85,0.0,749.85,UPI,0
ORD100717,2024-03-25,CUST04245,Returning,West,Home & Kitchen,Coffee Maker,122.58,5,0,704.83,0.0,704.83,Debit Card,1
ORD103597,2024-03-25,CUST01794,New,Central,Beauty & Personal Care,Electric Trimmer,80.64,3,0,278.21,0.0,278.21,Credit Card,0
ORD103605,2024-03-26,CUST02971,Returning,North,Beauty & Personal Care,Hair Dryer,57.5,6,5,396.75,19.84,376.91,UPI,0
ORD105085,2024-03-26,CUST03642,New,West,Home & Kitchen,Blender,66.7,3,5,230.12,11.51,218.61,UPI,0
ORD104817,2024-03-26,CUST01755,Returning,North,Electronics,Smartphone Case,105.03,2,0,241.57,0.0,241.57,UPI,0
ORD103989,2024-03-26,CUST04160,New,West,Home & Kitchen,Air Fryer,76.28,4,0,350.89,0.0,350.89,UPI,0
ORD104233,2024-03-26,CUST01909,Returning,West,Electronics,Smartphone Case,230.84,4,15,1061.86,159.28,902.58,Debit Card,0
ORD104610,2024-03-26,CUST01941,Returning,East,Beauty & Personal Care,Electric Trimmer,38.7,1,0,44.51,0.0,44.51,UPI,0
ORD100638,2024-03-26,CUST04453,Returning,West,Home & Kitchen,Cookware Set,127.38,1,0,146.49,0.0,146.49,Debit Card,0
ORD103340,2024-03-26,CUST01440,Returning,South,Apparel,Winter Coat,106.84,3,0,368.6,0.0,368.6,Debit Card,0
ORD104223,2024-03-27,CUST03348,New,North,Electronics,Power Bank,119.6,4,0,550.16,0.0,550.16,Cash on Delivery,0
ORD104265,2024-03-27,CUST03147,New,North,Apparel,Running Shoes,110.45,4,0,508.07,0.0,508.07,Cash on Delivery,0
ORD103680,2024-03-27,CUST01525,VIP,West,Electronics,Power Bank,116.79,4,0,537.23,0.0,537.23,Debit Card,0
ORD105819,2024-03-27,CUST04406,Returning,Central,Electronics,Smart Watch,17.94,4,10,82.52,8.25,74.27,Net Banking,0
ORD102155,2024-03-27,CUST02420,New,North,Sports & Outdoors,Dumbbell Set,171.07,6,0,1180.38,0.0,1180.38,UPI,0
ORD101246,2024-03-27,CUST03574,New,East,Home & Kitchen,Blender,91.15,4,5,419.29,20.96,398.33,Net Banking,0
ORD104194,2024-03-27,CUST04389,Returning,East,Home & Kitchen,Cookware Set,123.61,4,15,568.61,85.29,483.32,Cash on Delivery,0
ORD103704,2024-03-27,CUST01354,VIP,South,Electronics,Smartphone Case,249.21,2,0,573.18,0.0,573.18,Credit Card,0
ORD104345,2024-03-27,CUST04797,New,South,Beauty & Personal Care,Electric Trimmer,41.0,2,0,94.3,0.0,94.3,Credit Card,0
ORD105519,2024-03-27,CUST02129,New,West,Beauty & Personal Care,Hair Dryer,28.14,4,5,129.44,6.47,122.97,UPI,0
ORD102270,2024-03-28,CUST01227,New,Central,Beauty & Personal Care,Face Serum,71.3,7,0,573.96,0.0,573.96,Credit Card,0
ORD100272,2024-03-28,CUST02254,New,South,Sports & Outdoors,Water Bottle,66.48,3,15,229.36,34.4,194.96,UPI,0
ORD105494,2024-03-28,CUST03374,New,East,Sports & Outdoors,Cycling Helmet,103.32,3,5,356.45,17.82,338.63,UPI,0
ORD100333,2024-03-28,CUST01458,New,East,Electronics,Wireless Earbuds,44.6,8,0,410.32,0.0,410.32,Net Banking,1
ORD101720,2024-03-28,CUST02041,New,West,Electronics,Wireless Earbuds,188.55,8,0,1734.66,0.0,1734.66,Net Banking,0
ORD103265,2024-03-28,CUST04672,Returning,Central,Apparel,Denim Jacket,28.96,7,0,233.13,0.0,233.13,UPI,0
ORD104208,2024-03-28,CUST04209,Returning,West,Sports & Outdoors,Camping Tent,59.09,1,5,67.95,3.4,64.55,Net Banking,0
ORD100469,2024-03-28,CUST01567,New,Central,Sports & Outdoors,Yoga Mat,154.49,4,5,710.65,35.53,675.12,Credit Card,0
ORD103898,2024-03-28,CUST03064,Returning,South,Apparel,Cotton T-Shirt,92.83,3,0,320.26,0.0,320.26,Net Banking,0
ORD105013,2024-03-28,CUST04465,New,West,Sports & Outdoors,Cycling Helmet,95.83,3,5,330.61,16.53,314.08,Credit Card,0
ORD103047,2024-03-29,CUST02501,New,West,Beauty & Personal Care,Skincare Kit,79.61,5,0,457.76,0.0,457.76,Credit Card,1
ORD102093,2024-03-29,CUST02874,VIP,Central,Apparel,Cotton T-Shirt,53.91,6,0,371.98,0.0,371.98,Credit Card,0
ORD101580,2024-03-29,CUST03319,VIP,East,Electronics,Smart Watch,153.51,5,5,882.68,44.13,838.55,Net Banking,0
ORD105523,2024-03-29,CUST03552,Returning,East,Home & Kitchen,Cookware Set,99.0,2,0,227.7,0.0,227.7,Credit Card,0
ORD105798,2024-03-29,CUST01687,Returning,West,Beauty & Personal Care,Electric Trimmer,46.53,2,0,107.02,0.0,107.02,Credit Card,0
ORD102063,2024-03-29,CUST04808,New,East,Electronics,Smart Watch,46.27,3,0,159.63,0.0,159.63,Debit Card,0
ORD102956,2024-03-29,CUST04224,VIP,West,Electronics,Smart Watch,236.04,5,0,1357.23,0.0,1357.23,UPI,0
ORD103302,2024-03-29,CUST02483,New,West,Electronics,Bluetooth Speaker,83.19,5,10,478.34,47.83,430.51,UPI,0
ORD101329,2024-03-30,CUST04398,Returning,North,Beauty & Personal Care,Skincare Kit,48.5,4,0,223.1,0.0,223.1,Debit Card,0
ORD101754,2024-03-30,CUST04471,VIP,West,Apparel,Winter Coat,101.17,5,0,581.73,0.0,581.73,Credit Card,1
ORD100567,2024-03-30,CUST01381,New,North,Electronics,Smart Watch,211.19,2,0,485.74,0.0,485.74,Credit Card,0
ORD102438,2024-03-30,CUST04212,New,Central,Sports & Outdoors,Water Bottle,95.64,1,5,109.99,5.5,104.49,Net Banking,0
ORD102205,2024-03-30,CUST01984,Returning,South,Home & Kitchen,Cookware Set,25.94,7,0,208.82,0.0,208.82,UPI,0
ORD100060,2024-03-30,CUST04090,Returning,Central,Apparel,Denim Jacket,29.63,4,0,136.3,0.0,136.3,Debit Card,0
ORD104799,2024-03-30,CUST01274,Returning,South,Home & Kitchen,Vacuum Cleaner,120.82,4,0,555.77,0.0,555.77,UPI,0
ORD102072,2024-03-30,CUST01826,Returning,Central,Apparel,Cotton T-Shirt,54.41,6,0,375.43,0.0,375.43,Credit Card,0
ORD104486,2024-03-30,CUST03931,VIP,Central,Apparel,Running Shoes,54.79,4,0,252.03,0.0,252.03,Net Banking,1
ORD101653,2024-03-30,CUST03484,VIP,South,Apparel,Winter Coat,80.38,4,0,369.75,0.0,369.75,Cash on Delivery,0
ORD103184,2024-03-30,CUST02048,New,East,Electronics,Smartphone Case,198.24,2,0,455.95,0.0,455.95,Debit Card,0
ORD103723,2024-03-30,CUST01174,Returning,South,Apparel,Winter Coat,27.7,3,5,95.56,4.78,90.78,Net Banking,0
ORD103632,2024-03-31,CUST01462,New,North,Beauty & Personal Care,Perfume,60.53,3,5,208.83,10.44,198.39,UPI,0
ORD100183,2024-03-31,CUST01343,New,North,Apparel,Yoga Pants,11.1,4,15,51.06,7.66,43.4,Debit Card,0
ORD103821,2024-03-31,CUST04856,Returning,Central,Electronics,Smartphone Case,135.63,4,15,623.9,93.58,530.32,Debit Card,0
ORD100081,2024-03-31,CUST03864,Returning,West,Apparel,Running Shoes,105.08,6,15,725.05,108.76,616.29,UPI,0
ORD102303,2024-03-31,CUST03906,New,West,Apparel,Running Shoes,49.05,2,20,112.81,22.56,90.25,Net Banking,0
ORD103984,2024-03-31,CUST03270,New,Central,Apparel,Denim Jacket,107.42,3,0,370.6,0.0,370.6,UPI,0
ORD103256,2024-03-31,CUST01594,Returning,North,Sports & Outdoors,Cycling Helmet,157.46,3,0,543.24,0.0,543.24,Debit Card,0
ORD100646,2024-03-31,CUST03873,Returning,West,Home & Kitchen,Air Fryer,116.88,3,15,403.24,60.49,342.75,Credit Card,0
ORD103867,2024-03-31,CUST03358,Returning,East,Electronics,Smartphone Case,224.31,6,0,1547.74,0.0,1547.74,Net Banking,0
ORD102404,2024-04-01,CUST04594,VIP,West,Electronics,Smart Watch,179.75,3,0,620.14,0.0,620.14,Cash on Delivery,1
ORD104532,2024-04-01,CUST04264,New,North,Electronics,Power Bank,185.73,6,15,1281.54,192.23,1089.31,Cash on Delivery,0
ORD103013,2024-04-01,CUST01655,Returning,Central,Electronics,Wireless Earbuds,144.3,8,15,1327.56,199.13,1128.43,Net Banking,0
ORD100537,2024-04-01,CUST04889,VIP,East,Beauty & Personal Care,Face Serum,45.4,5,15,261.05,39.16,221.89,UPI,0
ORD105507,2024-04-01,CUST03348,Returning,South,Home & Kitchen,Blender,65.98,3,5,227.63,11.38,216.25,Cash on Delivery,0
ORD105366,2024-04-01,CUST03071,New,South,Beauty & Personal Care,Skincare Kit,53.61,4,5,246.61,12.33,234.28,UPI,0
ORD103815,2024-04-01,CUST04281,New,West,Apparel,Cotton T-Shirt,60.27,2,0,138.62,0.0,138.62,UPI,0
ORD100754,2024-04-01,CUST03207,Returning,West,Sports & Outdoors,Water Bottle,14.49,6,0,99.98,0.0,99.98,Net Banking,0
ORD105483,2024-04-02,CUST03380,New,South,Sports & Outdoors,Yoga Mat,24.62,4,0,113.25,0.0,113.25,UPI,0
ORD104893,2024-04-02,CUST03577,New,North,Beauty & Personal Care,Face Serum,78.62,7,0,632.89,0.0,632.89,Credit Card,0
ORD101218,2024-04-02,CUST02686,Returning,North,Beauty & Personal Care,Perfume,19.87,3,0,68.55,0.0,68.55,Debit Card,0
ORD104816,2024-04-02,CUST04787,New,Central,Apparel,Winter Coat,98.43,4,15,452.78,67.92,384.86,Credit Card,0
ORD100749,2024-04-02,CUST04716,New,Central,Electronics,Wireless Earbuds,62.54,4,0,287.68,0.0,287.68,Debit Card,0
ORD104219,2024-04-02,CUST04224,New,West,Home & Kitchen,Vacuum Cleaner,24.09,4,20,110.81,22.16,88.65,Credit Card,0
ORD102141,2024-04-03,CUST04141,VIP,South,Electronics,Smart Watch,26.51,1,0,30.49,0.0,30.49,Debit Card,0
ORD101010,2024-04-03,CUST01858,New,North,Sports & Outdoors,Dumbbell Set,169.09,5,0,972.27,0.0,972.27,Debit Card,0
ORD102222,2024-04-03,CUST04225,New,East,Sports & Outdoors,Camping Tent,174.0,3,0,600.3,0.0,600.3,Net Banking,0
ORD100012,2024-04-03,CUST04039,New,North,Electronics,Smart Watch,54.92,2,10,126.32,12.63,113.69,UPI,0
ORD105568,2024-04-03,CUST02939,Returning,East,Sports & Outdoors,Water Bottle,63.98,6,0,441.46,0.0,441.46,UPI,0
ORD103888,2024-04-03,CUST03111,Returning,South,Electronics,Smartphone Case,36.26,3,5,125.1,6.26,118.84,UPI,0
ORD101835,2024-04-03,CUST04635,New,West,Apparel,Yoga Pants,40.14,5,10,230.8,23.08,207.72,Net Banking,0
ORD103733,2024-04-03,CUST02137,New,East,Beauty & Personal Care,Face Serum,63.42,3,0,218.8,0.0,218.8,UPI,0
ORD101710,2024-04-03,CUST01379,Returning,East,Beauty & Personal Care,Skincare Kit,73.38,4,10,337.55,33.76,303.79,Net Banking,0
ORD104824,2024-04-03,CUST02982,Returning,West,Beauty & Personal Care,Skincare Kit,75.86,3,0,261.72,0.0,261.72,Debit Card,0
ORD101692,2024-04-03,CUST02713,New,North,Apparel,Denim Jacket,109.52,6,0,755.69,0.0,755.69,UPI,0
ORD105288,2024-04-04,CUST02970,New,Central,Beauty & Personal Care,Skincare Kit,71.35,11,0,902.58,0.0,902.58,UPI,0
ORD101116,2024-04-04,CUST03970,New,North,Home & Kitchen,Air Fryer,93.91,3,5,323.99,16.2,307.79,UPI,0
ORD105256,2024-04-04,CUST04318,Returning,West,Electronics,Smart Watch,224.3,3,0,773.84,0.0,773.84,UPI,0
ORD103065,2024-04-04,CUST02763,Returning,North,Apparel,Winter Coat,47.4,3,0,163.53,0.0,163.53,Debit Card,0
ORD101936,2024-04-04,CUST02724,VIP,South,Electronics,Power Bank,196.89,2,5,452.85,22.64,430.21,Cash on Delivery,0
ORD101686,2024-04-04,CUST03777,New,East,Electronics,Wireless Earbuds,192.67,3,10,664.71,66.47,598.24,UPI,0
ORD100316,2024-04-04,CUST02434,Returning,North,Sports & Outdoors,Water Bottle,115.74,4,5,532.4,26.62,505.78,UPI,0
ORD102305,2024-04-04,CUST02684,Returning,Central,Electronics,Smartphone Case,19.42,1,0,22.33,0.0,22.33,Debit Card,0
ORD100027,2024-04-04,CUST03918,New,Central,Electronics,Smart Watch,194.98,4,5,896.91,44.85,852.06,UPI,0
ORD100140,2024-04-05,CUST04998,Returning,North,Electronics,Power Bank,142.38,4,0,654.95,0.0,654.95,Credit Card,0
ORD100733,2024-04-05,CUST03635,VIP,South,Beauty & Personal Care,Perfume,17.38,4,0,79.95,0.0,79.95,UPI,0
ORD100709,2024-04-05,CUST01532,New,West,Beauty & Personal Care,Face Serum,49.87,3,0,172.05,0.0,172.05,Credit Card,0
ORD103865,2024-04-05,CUST01210,Returning,North,Electronics,Bluetooth Speaker,61.13,6,0,421.8,0.0,421.8,UPI,0
ORD102631,2024-04-05,CUST03099,Returning,West,Beauty & Personal Care,Skincare Kit,88.84,5,0,510.83,0.0,510.83,Cash on Delivery,0
ORD105631,2024-04-05,CUST03172,Returning,South,Home & Kitchen,Air Fryer,81.88,5,0,470.81,0.0,470.81,Credit Card,0
ORD105822,2024-04-06,CUST03780,New,North,Apparel,Cotton T-Shirt,74.53,5,0,428.55,0.0,428.55,Credit Card,0
ORD101126,2024-04-06,CUST04631,Returning,South,Electronics,Smart Watch,88.63,3,0,305.77,0.0,305.77,Credit Card,0
ORD100130,2024-04-06,CUST03073,Returning,South,Electronics,Smart Watch,240.54,5,0,1383.11,0.0,1383.11,Credit Card,0
ORD105433,2024-04-06,CUST02299,VIP,South,Beauty & Personal Care,Face Serum,62.01,2,0,142.62,0.0,142.62,Debit Card,0
ORD102343,2024-04-06,CUST01728,Returning,West,Sports & Outdoors,Cycling Helmet,50.0,2,0,115.0,0.0,115.0,Credit Card,0
ORD104053,2024-04-06,CUST03217,New,Central,Home & Kitchen,Vacuum Cleaner,37.95,6,0,261.86,0.0,261.86,Debit Card,0
ORD104833,2024-04-06,CUST03458,Returning,West,Electronics,Smart Watch,219.39,5,0,1261.49,0.0,1261.49,Credit Card,0
ORD100082,2024-04-06,CUST02998,VIP,South,Electronics,Smart Watch,209.22,2,20,481.21,96.24,384.97,Credit Card,0
ORD102622,2024-04-07,CUST04921,Returning,East,Home & Kitchen,Air Fryer,33.07,5,0,190.15,0.0,190.15,UPI,0
ORD105461,2024-04-07,CUST01506,New,West,Electronics,Bluetooth Speaker,62.75,9,5,649.46,32.47,616.99,Credit Card,1
ORD102556,2024-04-07,CUST03492,Returning,Central,Electronics,Smart Watch,190.74,4,5,877.4,43.87,833.53,Credit Card,0
ORD101568,2024-04-07,CUST04941,VIP,West,Electronics,Power Bank,228.65,6,0,1577.68,0.0,1577.68,Net Banking,0
ORD102627,2024-04-07,CUST04358,New,South,Sports & Outdoors,Dumbbell Set,198.69,4,0,913.97,0.0,913.97,Credit Card,0
ORD102403,2024-04-07,CUST04588,New,West,Electronics,Wireless Earbuds,175.8,3,0,606.51,0.0,606.51,Debit Card,0
ORD101792,2024-04-07,CUST02136,New,Central,Electronics,Power Bank,45.12,4,0,207.55,0.0,207.55,Debit Card,0
ORD105284,2024-04-08,CUST01822,Returning,East,Beauty & Personal Care,Hair Dryer,23.06,3,0,79.56,0.0,79.56,Debit Card,0
ORD100244,2024-04-08,CUST02088,VIP,West,Electronics,Smartphone Case,20.28,4,0,93.29,0.0,93.29,UPI,0
ORD104239,2024-04-08,CUST03899,VIP,West,Home & Kitchen,Coffee Maker,118.72,1,0,136.53,0.0,136.53,UPI,0
ORD102464,2024-04-09,CUST03098,Returning,West,Electronics,Smart Watch,84.72,8,0,779.42,0.0,779.42,Credit Card,0
ORD104951,2024-04-09,CUST03051,New,North,Electronics,Wireless Earbuds,174.35,4,10,802.01,80.2,721.81,Credit Card,0
ORD105611,2024-04-09,CUST02638,Returning,North,Apparel,Denim Jacket,86.08,3,15,296.98,44.55,252.43,UPI,0
ORD103501,2024-04-09,CUST03672,Returning,North,Home & Kitchen,Air Fryer,147.74,4,5,679.6,33.98,645.62,Debit Card,0
ORD104527,2024-04-09,CUST03847,VIP,West,Electronics,Smartphone Case,198.36,2,0,456.23,0.0,456.23,Debit Card,0
ORD103786,2024-04-09,CUST03598,New,North,Apparel,Running Shoes,39.33,6,0,271.38,0.0,271.38,UPI,0
ORD103116,2024-04-09,CUST01330,Returning,East,Home & Kitchen,Coffee Maker,136.2,3,0,469.89,0.0,469.89,Net Banking,0
ORD102354,2024-04-10,CUST04186,New,West,Home & Kitchen,Blender,22.54,2,0,51.84,0.0,51.84,UPI,0
ORD102619,2024-04-10,CUST02080,New,East,Beauty & Personal Care,Skincare Kit,41.92,3,5,144.62,7.23,137.39,Debit Card,0
ORD100834,2024-04-10,CUST01270,New,East,Apparel,Yoga Pants,119.27,3,0,411.48,0.0,411.48,Net Banking,0
ORD102322,2024-04-10,CUST02413,VIP,East,Apparel,Winter Coat,57.11,4,0,262.71,0.0,262.71,Credit Card,0
ORD103649,2024-04-10,CUST01402,New,East,Apparel,Denim Jacket,57.73,3,5,199.17,9.96,189.21,Credit Card,0
ORD101413,2024-04-10,CUST03446,Returning,South,Beauty & Personal Care,Face Serum,68.36,5,5,393.07,19.65,373.42,Cash on Delivery,0
ORD102507,2024-04-11,CUST02693,New,Central,Home & Kitchen,Cookware Set,43.26,7,0,348.24,0.0,348.24,Debit Card,0
ORD101651,2024-04-11,CUST04544,VIP,Central,Electronics,Power Bank,57.6,2,5,132.48,6.62,125.86,UPI,0
ORD100009,2024-04-11,CUST01556,New,North,Electronics,Bluetooth Speaker,128.57,3,0,443.57,0.0,443.57,Debit Card,0
ORD102396,2024-04-11,CUST01051,Returning,West,Apparel,Winter Coat,68.26,8,0,627.99,0.0,627.99,UPI,0
ORD105160,2024-04-11,CUST01139,VIP,North,Apparel,Cotton T-Shirt,14.74,3,5,50.85,2.54,48.31,Net Banking,0
ORD102393,2024-04-11,CUST01715,Returning,East,Beauty & Personal Care,Hair Dryer,71.0,3,0,244.95,0.0,244.95,UPI,0
ORD105982,2024-04-11,CUST01413,Returning,South,Home & Kitchen,Coffee Maker,177.73,1,10,204.39,20.44,183.95,UPI,0
ORD103206,2024-04-11,CUST03027,New,East,Electronics,Bluetooth Speaker,187.91,1,10,216.1,21.61,194.49,UPI,0
ORD101363,2024-04-11,CUST02055,Returning,West,Apparel,Running Shoes,67.35,2,0,154.9,0.0,154.9,UPI,0
ORD104299,2024-04-12,CUST03618,VIP,North,Sports & Outdoors,Yoga Mat,134.11,4,0,616.91,0.0,616.91,Credit Card,0
ORD105751,2024-04-12,CUST01361,VIP,Central,Electronics,Wireless Earbuds,36.11,2,0,83.05,0.0,83.05,Cash on Delivery,0
ORD104874,2024-04-12,CUST04424,New,Central,Electronics,Smart Watch,85.64,3,0,295.46,0.0,295.46,Cash on Delivery,0
ORD100953,2024-04-12,CUST03966,VIP,South,Electronics,Smart Watch,90.87,2,10,209.0,20.9,188.1,Credit Card,0
ORD102955,2024-04-12,CUST04619,New,North,Apparel,Denim Jacket,75.39,2,0,173.4,0.0,173.4,Credit Card,0
ORD105314,2024-04-13,CUST01314,Returning,East,Sports & Outdoors,Dumbbell Set,151.43,4,10,696.58,69.66,626.92,Debit Card,0
ORD102701,2024-04-13,CUST01374,New,East,Electronics,Power Bank,81.07,2,0,186.46,0.0,186.46,UPI,0
ORD101175,2024-04-13,CUST02458,VIP,Central,Home & Kitchen,Vacuum Cleaner,177.08,2,0,407.28,0.0,407.28,UPI,0
ORD100578,2024-04-13,CUST02840,VIP,South,Home & Kitchen,Cookware Set,172.26,3,15,594.3,89.14,505.16,Debit Card,0
ORD103148,2024-04-13,CUST01670,VIP,Central,Electronics,Bluetooth Speaker,233.03,2,20,535.97,107.19,428.78,Credit Card,0
ORD101250,2024-04-13,CUST03974,Returning,East,Electronics,Power Bank,99.27,5,0,570.8,0.0,570.8,Cash on Delivery,0
ORD102120,2024-04-14,CUST03842,New,South,Sports & Outdoors,Yoga Mat,105.0,3,15,362.25,54.34,307.91,Net Banking,0
ORD104728,2024-04-14,CUST02188,New,North,Electronics,Bluetooth Speaker,95.82,3,15,330.58,49.59,280.99,UPI,0
ORD100317,2024-04-14,CUST03234,New,South,Home & Kitchen,Coffee Maker,108.18,3,10,373.22,37.32,335.9,Credit Card,0
ORD100915,2024-04-14,CUST01144,New,West,Beauty & Personal Care,Face Serum,49.88,6,0,344.17,0.0,344.17,UPI,0
ORD104083,2024-04-15,CUST04173,Returning,North,Electronics,Smartphone Case,65.95,6,0,455.06,0.0,455.06,UPI,0
ORD103648,2024-04-15,CUST03984,New,East,Electronics,Smart Watch,96.5,6,0,665.85,0.0,665.85,Net Banking,0
ORD105646,2024-04-15,CUST02308,Returning,East,Electronics,Bluetooth Speaker,74.28,6,0,512.53,0.0,512.53,Credit Card,0
ORD105327,2024-04-15,CUST04228,Returning,South,Electronics,Wireless Earbuds,53.45,3,0,184.4,0.0,184.4,Credit Card,0
ORD102451,2024-04-15,CUST02070,Returning,East,Beauty & Personal Care,Face Serum,57.91,3,0,199.79,0.0,199.79,Credit Card,0
ORD101268,2024-04-15,CUST02187,VIP,West,Sports & Outdoors,Cycling Helmet,17.35,5,0,99.76,0.0,99.76,Credit Card,0
ORD105005,2024-04-15,CUST02888,New,South,Electronics,Power Bank,150.97,3,0,520.85,0.0,520.85,Debit Card,0
ORD104884,2024-04-15,CUST01957,New,East,Sports & Outdoors,Cycling Helmet,164.13,5,0,943.75,0.0,943.75,Cash on Delivery,0
ORD103692,2024-04-15,CUST04690,New,North,Sports & Outdoors,Yoga Mat,134.84,4,5,620.26,31.01,589.25,Net Banking,0
ORD100686,2024-04-15,CUST02665,New,Central,Apparel,Yoga Pants,27.52,4,0,126.59,0.0,126.59,Net Banking,0
ORD100395,2024-04-15,CUST01400,New,Central,Home & Kitchen,Vacuum Cleaner,169.85,5,0,976.64,0.0,976.64,Credit Card,0
ORD104529,2024-04-15,CUST03030,New,South,Home & Kitchen,Coffee Maker,156.28,4,15,718.89,107.83,611.06,Credit Card,0
ORD103836,2024-04-15,CUST02980,VIP,West,Sports & Outdoors,Camping Tent,127.51,4,15,586.55,87.98,498.57,UPI,0
ORD105169,2024-04-15,CUST02335,Returning,West,Apparel,Winter Coat,19.11,3,0,65.93,0.0,65.93,Cash on Delivery,0
ORD105298,2024-04-15,CUST02019,New,North,Beauty & Personal Care,Face Serum,34.41,3,0,118.71,0.0,118.71,UPI,0
ORD102264,2024-04-15,CUST03265,New,East,Home & Kitchen,Cookware Set,122.61,3,15,423.0,63.45,359.55,Debit Card,0
ORD100103,2024-04-16,CUST04549,Returning,Central,Home & Kitchen,Air Fryer,93.34,2,5,214.68,10.73,203.95,UPI,0
ORD100195,2024-04-16,CUST04466,VIP,North,Sports & Outdoors,Dumbbell Set,42.24,3,0,145.73,0.0,145.73,Debit Card,0
ORD102837,2024-04-16,CUST04171,New,North,Home & Kitchen,Air Fryer,27.78,3,0,95.84,0.0,95.84,Credit Card,0
ORD105257,2024-04-16,CUST04056,Returning,North,Beauty & Personal Care,Skincare Kit,23.53,2,0,54.12,0.0,54.12,Debit Card,0
ORD105266,2024-04-16,CUST01851,Returning,South,Home & Kitchen,Blender,89.67,4,0,412.48,0.0,412.48,UPI,0
ORD102664,2024-04-17,CUST04285,Returning,East,Apparel,Winter Coat,97.57,4,15,448.82,67.32,381.5,Debit Card,0
ORD100296,2024-04-17,CUST04430,Returning,Central,Electronics,Bluetooth Speaker,209.0,2,5,480.7,24.04,456.66,UPI,0
ORD100171,2024-04-17,CUST03177,New,North,Electronics,Bluetooth Speaker,197.33,6,10,1361.58,136.16,1225.42,Credit Card,0
ORD105142,2024-04-17,CUST04087,VIP,East,Beauty & Personal Care,Face Serum,34.08,5,10,195.96,19.6,176.36,Cash on Delivery,0
ORD100258,2024-04-17,CUST04699,VIP,West,Beauty & Personal Care,Skincare Kit,21.4,3,0,73.83,0.0,73.83,Credit Card,0
ORD102081,2024-04-17,CUST01880,Returning,North,Beauty & Personal Care,Face Serum,27.96,8,0,257.23,0.0,257.23,UPI,0
ORD105598,2024-04-18,CUST04826,Returning,East,Apparel,Cotton T-Shirt,109.28,6,0,754.03,0.0,754.03,Credit Card,0
ORD100437,2024-04-18,CUST03653,VIP,North,Home & Kitchen,Coffee Maker,84.68,6,15,584.29,87.64,496.65,Debit Card,0
ORD100472,2024-04-18,CUST02656,New,North,Sports & Outdoors,Cycling Helmet,98.1,2,0,225.63,0.0,225.63,UPI,0
ORD104298,2024-04-18,CUST02703,Returning,South,Home & Kitchen,Cookware Set,155.71,6,15,1074.4,161.16,913.24,Debit Card,0
ORD100899,2024-04-18,CUST04483,Returning,South,Sports & Outdoors,Dumbbell Set,111.18,4,0,511.43,0.0,511.43,Credit Card,0
ORD103598,2024-04-18,CUST01616,New,Central,Home & Kitchen,Cookware Set,61.11,2,15,140.55,21.08,119.47,Net Banking,0
ORD101674,2024-04-18,CUST04421,New,South,Apparel,Running Shoes,95.19,3,0,328.41,0.0,328.41,Debit Card,0
ORD105758,2024-04-18,CUST02613,New,South,Apparel,Winter Coat,32.43,3,5,111.88,5.59,106.29,Credit Card,0
ORD104190,2024-04-18,CUST01110,Returning,Central,Sports & Outdoors,Cycling Helmet,54.15,4,5,249.09,12.45,236.64,Credit Card,0
ORD105136,2024-04-18,CUST04800,New,South,Electronics,Smart Watch,192.51,4,15,885.55,132.83,752.72,Cash on Delivery,0
ORD100872,2024-04-18,CUST01708,New,Central,Home & Kitchen,Vacuum Cleaner,149.85,4,15,689.31,103.4,585.91,Credit Card,0
ORD100495,2024-04-19,CUST03393,Returning,North,Electronics,Wireless Earbuds,239.57,1,0,275.51,0.0,275.51,Credit Card,0
ORD103371,2024-04-19,CUST04745,Returning,North,Electronics,Bluetooth Speaker,125.06,3,0,431.46,0.0,431.46,Credit Card,0
ORD100032,2024-04-19,CUST01386,Returning,South,Beauty & Personal Care,Perfume,88.86,2,5,204.38,10.22,194.16,Net Banking,0
ORD105893,2024-04-19,CUST04759,VIP,West,Sports & Outdoors,Yoga Mat,160.98,3,0,555.38,0.0,555.38,UPI,0
ORD101156,2024-04-19,CUST02379,VIP,West,Home & Kitchen,Air Fryer,121.52,4,5,558.99,27.95,531.04,UPI,0
ORD104068,2024-04-19,CUST03800,Returning,Central,Apparel,Denim Jacket,107.8,2,10,247.94,24.79,223.15,UPI,0
ORD105848,2024-04-20,CUST02670,Returning,Central,Apparel,Cotton T-Shirt,28.55,3,0,98.5,0.0,98.5,UPI,0
ORD100036,2024-04-20,CUST03061,New,East,Electronics,Power Bank,123.71,1,0,142.27,0.0,142.27,Credit Card,0
ORD102748,2024-04-20,CUST03248,Returning,Central,Electronics,Wireless Earbuds,115.18,7,5,927.2,46.36,880.84,Net Banking,0
ORD103019,2024-04-20,CUST02202,New,Central,Home & Kitchen,Vacuum Cleaner,141.74,2,5,326.0,16.3,309.7,Debit Card,0
ORD100741,2024-04-20,CUST03506,VIP,South,Electronics,Bluetooth Speaker,88.14,6,0,608.17,0.0,608.17,Credit Card,0
ORD103477,2024-04-20,CUST04643,Returning,South,Beauty & Personal Care,Face Serum,36.12,3,10,124.61,12.46,112.15,Debit Card,0
ORD101183,2024-04-20,CUST04981,New,East,Electronics,Bluetooth Speaker,75.5,5,0,434.12,0.0,434.12,Credit Card,0
ORD102943,2024-04-20,CUST04362,Returning,North,Apparel,Running Shoes,67.19,7,0,540.88,0.0,540.88,Cash on Delivery,0
ORD101223,2024-04-20,CUST03350,New,South,Home & Kitchen,Vacuum Cleaner,161.11,2,0,370.55,0.0,370.55,Credit Card,0
ORD103000,2024-04-20,CUST01532,New,North,Apparel,Running Shoes,86.43,6,0,596.37,0.0,596.37,Cash on Delivery,0
ORD101332,2024-04-20,CUST03766,New,North,Home & Kitchen,Coffee Maker,147.74,3,15,509.7,76.46,433.24,Credit Card,0
ORD105909,2024-04-20,CUST01529,Returning,East,Electronics,Bluetooth Speaker,121.57,7,15,978.64,146.8,831.84,Debit Card,0
ORD100645,2024-04-20,CUST04877,Returning,Central,Electronics,Smartphone Case,237.43,4,0,1092.18,0.0,1092.18,Debit Card,0
ORD104277,2024-04-21,CUST03833,Returning,North,Sports & Outdoors,Camping Tent,195.56,6,10,1349.36,134.94,1214.42,Credit Card,0
ORD101435,2024-04-21,CUST02200,Returning,West,Electronics,Smart Watch,114.82,4,0,528.17,0.0,528.17,Cash on Delivery,0
ORD101478,2024-04-21,CUST01354,New,North,Apparel,Winter Coat,63.69,3,15,219.73,32.96,186.77,Debit Card,0
ORD100072,2024-04-21,CUST02211,VIP,North,Beauty & Personal Care,Hair Dryer,56.27,4,0,258.84,0.0,258.84,Debit Card,0
ORD103001,2024-04-21,CUST01623,New,North,Apparel,Yoga Pants,61.87,4,0,284.6,0.0,284.6,Cash on Delivery,0
ORD104172,2024-04-21,CUST02123,New,South,Apparel,Denim Jacket,21.39,4,15,98.39,14.76,83.63,Credit Card,0
ORD102271,2024-04-21,CUST04488,New,East,Home & Kitchen,Coffee Maker,172.42,4,10,793.13,79.31,713.82,UPI,0
ORD100382,2024-04-21,CUST02202,New,West,Beauty & Personal Care,Skincare Kit,86.97,2,10,200.03,20.0,180.03,UPI,0
ORD103139,2024-04-21,CUST04081,Returning,West,Electronics,Smart Watch,141.85,4,5,652.51,32.63,619.88,UPI,0
ORD100344,2024-04-21,CUST03895,New,Central,Beauty & Personal Care,Skincare Kit,37.47,8,0,344.72,0.0,344.72,UPI,0
ORD101199,2024-04-21,CUST04055,New,South,Beauty & Personal Care,Skincare Kit,19.83,5,5,114.02,5.7,108.32,Net Banking,0
ORD101390,2024-04-22,CUST01852,Returning,West,Apparel,Cotton T-Shirt,32.59,6,5,224.87,11.24,213.63,UPI,0
ORD103958,2024-04-22,CUST03902,VIP,East,Electronics,Wireless Earbuds,87.47,6,5,603.54,30.18,573.36,UPI,0
ORD101910,2024-04-22,CUST02974,Returning,North,Electronics,Wireless Earbuds,243.55,4,0,1120.33,0.0,1120.33,Debit Card,0
ORD101063,2024-04-22,CUST01098,Returning,West,Beauty & Personal Care,Face Serum,42.22,4,0,194.21,0.0,194.21,Debit Card,0
ORD105679,2024-04-22,CUST03830,New,North,Home & Kitchen,Air Fryer,44.32,7,5,356.78,17.84,338.94,Debit Card,0
ORD103370,2024-04-23,CUST02143,New,West,Beauty & Personal Care,Face Serum,27.67,4,0,127.28,0.0,127.28,UPI,0
ORD104683,2024-04-23,CUST02396,New,West,Apparel,Yoga Pants,25.78,4,0,118.59,0.0,118.59,Net Banking,1
ORD105167,2024-04-23,CUST03810,New,East,Electronics,Power Bank,69.97,5,5,402.33,20.12,382.21,UPI,0
ORD105815,2024-04-24,CUST01444,New,West,Sports & Outdoors,Dumbbell Set,56.41,3,15,194.61,29.19,165.42,Credit Card,0
ORD104814,2024-04-24,CUST04633,Returning,East,Sports & Outdoors,Dumbbell Set,189.32,2,0,435.44,0.0,435.44,Credit Card,0
ORD104402,2024-04-24,CUST03860,VIP,South,Electronics,Smart Watch,68.06,6,5,469.61,23.48,446.13,Credit Card,0
ORD104775,2024-04-24,CUST01524,New,East,Beauty & Personal Care,Electric Trimmer,34.24,7,20,275.63,55.13,220.5,Credit Card,0
ORD105965,2024-04-24,CUST01213,Returning,South,Home & Kitchen,Cookware Set,80.28,2,0,184.64,0.0,184.64,Debit Card,0
ORD103160,2024-04-24,CUST03692,VIP,South,Home & Kitchen,Air Fryer,154.03,3,0,531.4,0.0,531.4,Net Banking,0
ORD103524,2024-04-24,CUST04132,New,West,Electronics,Bluetooth Speaker,67.4,6,20,465.06,93.01,372.05,Credit Card,0
ORD104141,2024-04-24,CUST01786,VIP,West,Sports & Outdoors,Cycling Helmet,178.9,4,0,822.94,0.0,822.94,Credit Card,1
ORD104706,2024-04-24,CUST02670,VIP,East,Home & Kitchen,Air Fryer,95.71,7,15,770.47,115.57,654.9,Credit Card,0
ORD105198,2024-04-25,CUST03405,Returning,South,Home & Kitchen,Cookware Set,161.66,4,5,743.64,37.18,706.46,Cash on Delivery,0
ORD105316,2024-04-25,CUST01650,New,South,Electronics,Smartphone Case,231.6,4,0,1065.36,0.0,1065.36,UPI,0
ORD100796,2024-04-25,CUST02913,Returning,Central,Sports & Outdoors,Cycling Helmet,152.07,2,5,349.76,17.49,332.27,Debit Card,0
ORD104335,2024-04-25,CUST03295,VIP,West,Home & Kitchen,Cookware Set,33.23,3,5,114.64,5.73,108.91,Credit Card,0
ORD105183,2024-04-25,CUST03587,Returning,South,Electronics,Bluetooth Speaker,138.54,6,15,955.93,143.39,812.54,Credit Card,0
ORD100332,2024-04-25,CUST02510,Returning,East,Home & Kitchen,Blender,24.67,5,15,141.85,21.28,120.57,Credit Card,0
ORD102744,2024-04-25,CUST03372,New,East,Home & Kitchen,Blender,165.49,4,15,761.25,114.19,647.06,UPI,0
ORD104586,2024-04-25,CUST03258,Returning,North,Electronics,Wireless Earbuds,122.76,7,15,988.22,148.23,839.99,Net Banking,0
ORD102310,2024-04-25,CUST03452,New,East,Apparel,Running Shoes,28.77,1,0,33.09,0.0,33.09,UPI,0
ORD105126,2024-04-25,CUST02751,New,East,Sports & Outdoors,Cycling Helmet,70.12,3,5,241.91,12.1,229.81,Credit Card,1
ORD102064,2024-04-26,CUST02190,New,North,Sports & Outdoors,Dumbbell Set,31.48,2,20,72.4,14.48,57.92,Debit Card,0
ORD103158,2024-04-26,CUST02006,Returning,East,Home & Kitchen,Cookware Set,140.08,3,5,483.28,24.16,459.12,UPI,0
ORD102371,2024-04-26,CUST04693,Returning,West,Beauty & Personal Care,Skincare Kit,25.92,6,0,178.85,0.0,178.85,UPI,0
ORD101368,2024-04-26,CUST03921,Returning,Central,Apparel,Denim Jacket,117.18,3,20,404.27,80.85,323.42,Debit Card,0
ORD104694,2024-04-26,CUST03818,VIP,Central,Beauty & Personal Care,Skincare Kit,82.54,3,5,284.76,14.24,270.52,UPI,0
ORD101695,2024-04-26,CUST02147,Returning,West,Electronics,Wireless Earbuds,31.94,2,0,73.46,0.0,73.46,Credit Card,0
ORD102367,2024-04-27,CUST02727,Returning,North,Electronics,Wireless Earbuds,89.16,3,15,307.6,46.14,261.46,UPI,0
ORD105584,2024-04-27,CUST03029,VIP,North,Electronics,Bluetooth Speaker,54.74,1,0,62.95,0.0,62.95,Debit Card,0
ORD103043,2024-04-27,CUST04798,New,West,Electronics,Bluetooth Speaker,35.87,5,5,206.25,10.31,195.94,Debit Card,0
ORD102433,2024-04-27,CUST03467,New,East,Home & Kitchen,Vacuum Cleaner,163.31,4,10,751.23,75.12,676.11,Net Banking,0
ORD103448,2024-04-27,CUST04666,New,West,Electronics,Wireless Earbuds,137.34,3,0,473.82,0.0,473.82,UPI,0
ORD102661,2024-04-27,CUST03335,New,North,Home & Kitchen,Air Fryer,71.21,2,0,163.78,0.0,163.78,Credit Card,0
ORD104327,2024-04-27,CUST03042,VIP,Central,Electronics,Smart Watch,147.16,5,15,846.17,126.93,719.24,UPI,0
ORD104214,2024-04-27,CUST03064,VIP,North,Home & Kitchen,Air Fryer,,5,5,594.84,29.74,565.1,Credit Card,0
ORD102522,2024-04-27,CUST02393,New,West,Apparel,Yoga Pants,112.24,5,0,645.38,0.0,645.38,Debit Card,0
ORD102195,2024-04-27,CUST02019,New,East,Home & Kitchen,Cookware Set,144.7,4,0,665.62,0.0,665.62,UPI,0
ORD100579,2024-04-28,CUST04306,New,West,Sports & Outdoors,Camping Tent,158.15,3,0,545.62,0.0,545.62,Credit Card,0
ORD103810,2024-04-28,CUST04455,Returning,South,Electronics,Power Bank,140.35,3,0,484.21,0.0,484.21,Debit Card,0
ORD101664,2024-04-28,CUST03755,Returning,North,Electronics,Wireless Earbuds,56.37,3,0,194.48,0.0,194.48,UPI,0
ORD103631,2024-04-28,CUST01452,Returning,North,Electronics,Power Bank,212.79,5,0,1223.54,0.0,1223.54,Credit Card,0
ORD104549,2024-04-29,CUST02688,Returning,North,Beauty & Personal Care,Skincare Kit,21.23,4,10,97.66,9.77,87.89,UPI,0
ORD104727,2024-04-29,CUST03856,Returning,Central,Electronics,Bluetooth Speaker,18.86,4,0,86.76,0.0,86.76,Credit Card,0
ORD101981,2024-04-29,CUST02066,New,North,Home & Kitchen,Air Fryer,63.49,2,0,146.03,0.0,146.03,Debit Card,0
ORD100892,2024-04-29,CUST01240,New,North,Apparel,Winter Coat,27.31,5,15,157.03,23.55,133.48,Credit Card,0
ORD100146,2024-04-29,CUST03104,New,East,Electronics,Power Bank,52.8,4,10,242.88,24.29,218.59,Debit Card,0
ORD104711,2024-04-29,CUST01676,New,North,Beauty & Personal Care,Electric Trimmer,47.42,7,0,381.73,0.0,381.73,Credit Card,0
ORD102429,2024-04-29,CUST01459,New,Central,Apparel,Denim Jacket,107.38,5,0,617.43,0.0,617.43,UPI,0
ORD104976,2024-04-29,CUST02791,New,Central,Apparel,Running Shoes,65.84,1,5,75.72,3.79,71.93,Debit Card,0
ORD103403,2024-04-29,CUST03729,Returning,Central,Apparel,Winter Coat,73.7,3,5,254.27,12.71,241.56,Net Banking,1
ORD103281,2024-04-29,CUST04333,New,South,Sports & Outdoors,Cycling Helmet,176.29,11,0,2230.07,0.0,2230.07,Cash on Delivery,0
ORD102946,2024-04-29,CUST02063,VIP,Central,Apparel,Denim Jacket,16.27,3,0,56.13,0.0,56.13,UPI,0
ORD101408,2024-04-29,CUST02365,Returning,South,Beauty & Personal Care,Perfume,77.88,6,0,537.37,0.0,537.37,Net Banking,0
ORD100045,2024-04-29,CUST02972,New,West,Apparel,Cotton T-Shirt,110.04,4,20,506.18,101.24,404.94,Credit Card,0
ORD105079,2024-04-30,CUST02339,New,South,Electronics,Power Bank,24.88,2,15,57.22,8.58,48.64,Debit Card,0
ORD103381,2024-04-30,CUST03849,New,East,Beauty & Personal Care,Hair Dryer,20.13,3,0,69.45,0.0,69.45,Net Banking,0
ORD105015,2024-04-30,CUST03129,VIP,West,Apparel,Winter Coat,99.0,4,5,455.4,22.77,432.63,Credit Card,0
ORD102964,2024-04-30,CUST04727,New,South,Beauty & Personal Care,Skincare Kit,27.98,8,20,257.42,51.48,205.94,Cash on Delivery,0
ORD103004,2024-04-30,CUST01585,New,West,Apparel,Cotton T-Shirt,98.22,6,0,677.72,0.0,677.72,Credit Card,0
ORD103476,2024-05-01,CUST02520,New,West,Home & Kitchen,Cookware Set,143.85,3,0,496.28,0.0,496.28,UPI,0
ORD105475,2024-05-01,CUST03790,Returning,West,Beauty & Personal Care,Skincare Kit,88.73,2,5,204.08,10.2,193.88,UPI,0
ORD105114,2024-05-01,CUST03103,VIP,South,Electronics,Smartphone Case,233.0,1,0,267.95,0.0,267.95,Debit Card,0
ORD100761,2024-05-02,CUST01977,Returning,South,Apparel,Winter Coat,83.94,2,0,193.06,0.0,193.06,Cash on Delivery,0
ORD105066,2024-05-02,CUST01752,New,South,Home & Kitchen,Cookware Set,80.9,4,0,372.14,0.0,372.14,Debit Card,0
ORD102584,2024-05-02,CUST02215,New,Central,Home & Kitchen,Cookware Set,153.67,5,10,883.6,88.36,795.24,Credit Card,0
ORD102570,2024-05-02,CUST02859,Returning,North,Apparel,Yoga Pants,77.3,2,0,177.79,0.0,177.79,Credit Card,0
ORD104198,2024-05-02,CUST01876,Returning,North,Sports & Outdoors,Camping Tent,155.62,7,0,1252.74,0.0,1252.74,UPI,0
ORD103746,2024-05-02,CUST02276,VIP,East,Beauty & Personal Care,Perfume,43.17,3,0,148.94,0.0,148.94,Credit Card,0
ORD100450,2024-05-02,CUST03257,New,Central,Sports & Outdoors,Camping Tent,59.28,4,5,272.69,13.63,259.06,UPI,0
ORD103547,2024-05-02,CUST03745,New,Central,Electronics,Power Bank,62.86,5,0,361.44,0.0,361.44,Debit Card,0
ORD102054,2024-05-03,CUST02579,New,East,Home & Kitchen,Coffee Maker,145.21,2,10,333.98,33.4,300.58,UPI,0
ORD104155,2024-05-03,CUST03566,VIP,North,Electronics,Smartphone Case,72.71,2,0,167.23,0.0,167.23,UPI,0
ORD103882,2024-05-03,CUST04634,New,East,Electronics,Smart Watch,24.58,3,5,84.8,4.24,80.56,UPI,0
ORD101418,2024-05-03,CUST02292,New,West,Home & Kitchen,Blender,166.28,3,0,573.67,0.0,573.67,UPI,0
ORD104258,2024-05-03,CUST03334,New,North,Apparel,Winter Coat,71.05,3,0,245.12,0.0,245.12,Cash on Delivery,1
ORD103828,2024-05-03,CUST03557,Returning,East,Apparel,Denim Jacket,96.36,5,0,554.07,0.0,554.07,Debit Card,0
ORD100253,2024-05-03,CUST02189,Returning,East,Apparel,Cotton T-Shirt,93.65,7,10,753.88,75.39,678.49,Credit Card,0
ORD101701,2024-05-03,CUST03462,Returning,East,Home & Kitchen,Coffee Maker,98.86,4,0,454.76,0.0,454.76,Credit Card,0
ORD103425,2024-05-03,CUST02009,Returning,West,Electronics,Power Bank,192.62,4,0,886.05,0.0,886.05,Credit Card,0
ORD105729,2024-05-04,CUST03193,New,South,Sports & Outdoors,Dumbbell Set,47.74,9,0,494.11,0.0,494.11,Credit Card,0
ORD105027,2024-05-04,CUST01120,Returning,West,Electronics,Bluetooth Speaker,197.02,5,0,1132.87,0.0,1132.87,UPI,0
ORD102862,2024-05-04,CUST01645,New,South,Electronics,Bluetooth Speaker,125.97,4,5,579.46,28.97,550.49,Credit Card,0
ORD104726,2024-05-04,CUST03974,New,East,Home & Kitchen,Blender,178.74,4,5,822.2,41.11,781.09,UPI,0
ORD104435,2024-05-04,CUST02870,New,Central,Apparel,Winter Coat,98.13,10,0,1128.49,0.0,1128.49,UPI,0
ORD101441,2024-05-04,CUST03717,New,South,Home & Kitchen,Vacuum Cleaner,79.58,3,0,274.55,0.0,274.55,Credit Card,0
ORD101544,2024-05-04,CUST03320,New,North,Beauty & Personal Care,Face Serum,9.02,2,0,20.75,0.0,20.75,Debit Card,0
ORD100113,2024-05-04,CUST02244,New,North,Electronics,Power Bank,142.22,5,10,817.76,81.78,735.98,Cash on Delivery,0
ORD102332,2024-05-04,CUST02887,Returning,Central,Home & Kitchen,Air Fryer,96.16,5,0,552.92,0.0,552.92,Credit Card,0
ORD101987,2024-05-04,CUST02014,New,West,Home & Kitchen,Coffee Maker,61.69,2,5,141.89,7.09,134.8,Debit Card,0
ORD105556,2024-05-04,CUST04583,New,North,Sports & Outdoors,Dumbbell Set,130.56,5,0,750.72,0.0,750.72,Credit Card,0
ORD100375,2024-05-04,CUST01793,Returning,North,Sports & Outdoors,Water Bottle,35.68,6,0,246.19,0.0,246.19,Debit Card,0
ORD105678,2024-05-04,CUST04351,New,South,Apparel,Winter Coat,15.23,5,0,87.57,0.0,87.57,Cash on Delivery,0
ORD105383,2024-05-04,CUST03746,VIP,North,Home & Kitchen,Blender,142.39,4,5,654.99,32.75,622.24,Debit Card,1
ORD103871,2024-05-05,CUST01084,Returning,Central,Home & Kitchen,Cookware Set,160.55,2,0,369.26,0.0,369.26,Debit Card,0
ORD102663,2024-05-05,CUST02032,New,North,Apparel,Cotton T-Shirt,48.82,5,0,280.71,0.0,280.71,Debit Card,0
ORD105440,2024-05-05,CUST02190,Returning,North,Home & Kitchen,Blender,71.58,4,0,329.27,0.0,329.27,UPI,0
ORD102539,2024-05-05,CUST03863,New,East,Apparel,Winter Coat,118.89,4,5,546.89,27.34,519.55,Debit Card,0
ORD101365,2024-05-05,CUST04298,New,Central,Apparel,Running Shoes,43.0,5,5,247.25,12.36,234.89,Credit Card,0
ORD105589,2024-05-05,CUST03204,New,West,Beauty & Personal Care,Hair Dryer,38.34,5,15,220.46,33.07,187.39,Credit Card,0
ORD101245,2024-05-05,CUST04915,VIP,North,Electronics,Smart Watch,39.6,3,5,136.62,6.83,129.79,UPI,0
ORD103190,2024-05-06,CUST03841,Returning,East,Home & Kitchen,Coffee Maker,142.22,3,10,490.66,49.07,441.59,Credit Card,0
ORD105260,2024-05-06,CUST02502,Returning,Central,Electronics,Wireless Earbuds,91.96,2,0,211.51,0.0,211.51,UPI,0
ORD103854,2024-05-06,CUST01700,VIP,Central,Beauty & Personal Care,Skincare Kit,54.43,6,0,375.57,0.0,375.57,Debit Card,0
ORD100600,2024-05-06,CUST02581,New,South,Beauty & Personal Care,Face Serum,31.1,5,10,178.82,17.88,160.94,Cash on Delivery,0
ORD103924,2024-05-06,CUST01839,New,South,Home & Kitchen,Air Fryer,139.25,6,15,960.82,144.12,816.7,UPI,0
ORD101730,2024-05-06,CUST02740,Returning,Central,Electronics,Wireless Earbuds,117.06,3,15,403.86,60.58,343.28,Debit Card,0
ORD102842,2024-05-06,CUST02765,VIP,South,Beauty & Personal Care,Skincare Kit,5.14,4,0,23.64,0.0,23.64,Debit Card,0
ORD100021,2024-05-06,CUST01507,New,North,Electronics,Bluetooth Speaker,99.99,2,5,229.98,11.5,218.48,UPI,0
ORD100528,2024-05-07,CUST03034,New,West,Home & Kitchen,Air Fryer,141.05,3,10,486.62,48.66,437.96,Net Banking,0
ORD100094,2024-05-07,CUST03497,New,Central,Beauty & Personal Care,Perfume,9.07,3,10,31.29,3.13,28.16,UPI,0
ORD103914,2024-05-07,CUST03997,Returning,East,Sports & Outdoors,Dumbbell Set,156.59,5,0,900.39,0.0,900.39,UPI,0
ORD105725,2024-05-07,CUST04680,Returning,East,Electronics,Bluetooth Speaker,130.5,5,0,750.37,0.0,750.37,Credit Card,0
ORD101527,2024-05-07,CUST02420,Returning,South,Home & Kitchen,Coffee Maker,127.49,1,0,146.61,0.0,146.61,Credit Card,0
ORD102457,2024-05-07,CUST04220,New,East,Sports & Outdoors,Yoga Mat,82.62,5,0,475.06,0.0,475.06,UPI,0
ORD104396,2024-05-07,CUST04906,New,North,Home & Kitchen,Blender,67.46,6,0,465.47,0.0,465.47,Credit Card,0
ORD101463,2024-05-07,CUST02840,New,North,Beauty & Personal Care,Face Serum,54.13,4,5,249.0,12.45,236.55,Credit Card,0
ORD105208,2024-05-07,CUST01067,New,East,Electronics,Smartphone Case,185.29,2,0,426.17,0.0,426.17,Credit Card,0
ORD105497,2024-05-08,CUST01447,New,North,Home & Kitchen,Vacuum Cleaner,107.28,4,10,493.49,49.35,444.14,Net Banking,0
ORD105247,2024-05-08,CUST03999,Returning,North,Electronics,Bluetooth Speaker,98.6,5,10,566.95,56.7,510.25,Credit Card,0
ORD104965,2024-05-08,CUST04258,New,Central,Beauty & Personal Care,Face Serum,87.86,6,0,606.23,0.0,606.23,Debit Card,0
ORD101299,2024-05-08,CUST01715,Returning,East,Home & Kitchen,Coffee Maker,58.37,6,0,402.75,0.0,402.75,Cash on Delivery,0
ORD103146,2024-05-08,CUST03655,Returning,South,Beauty & Personal Care,Skincare Kit,41.31,4,0,190.03,0.0,190.03,Credit Card,0
ORD102059,2024-05-08,CUST03892,New,East,Home & Kitchen,Blender,43.28,5,10,248.86,24.89,223.97,Net Banking,1
ORD104066,2024-05-08,CUST01644,VIP,South,Home & Kitchen,Air Fryer,20.39,8,0,187.59,0.0,187.59,Debit Card,0
ORD105557,2024-05-08,CUST04837,VIP,South,Apparel,Winter Coat,59.4,2,0,136.62,0.0,136.62,Debit Card,0
ORD102411,2024-05-08,CUST01721,Returning,South,Electronics,Smartphone Case,199.18,3,10,687.17,68.72,618.45,Credit Card,0
ORD103519,2024-05-08,CUST02172,New,West,Electronics,Bluetooth Speaker,192.98,4,0,887.71,0.0,887.71,Credit Card,0
ORD102124,2024-05-08,CUST03154,Returning,North,Home & Kitchen,Air Fryer,69.06,6,0,476.51,0.0,476.51,Credit Card,0
ORD104434,2024-05-08,CUST04408,Returning,East,Home & Kitchen,Air Fryer,81.5,2,15,187.45,28.12,159.33,Debit Card,0
ORD102879,2024-05-08,CUST01617,Returning,West,Sports & Outdoors,Dumbbell Set,122.39,5,0,703.74,0.0,703.74,UPI,0
ORD103244,2024-05-08,CUST04549,Returning,Central,Electronics,Smartphone Case,149.63,7,0,1204.52,0.0,1204.52,Credit Card,0
ORD104319,2024-05-09,CUST01056,Returning,East,Home & Kitchen,Cookware Set,63.28,5,0,363.86,0.0,363.86,Credit Card,0
ORD104541,2024-05-09,CUST02710,New,Central,Apparel,Running Shoes,96.0,1,0,110.4,0.0,110.4,Debit Card,0
ORD102000,2024-05-09,CUST01213,Returning,South,Home & Kitchen,Blender,61.83,4,20,284.42,56.88,227.54,Credit Card,0
ORD105370,2024-05-09,CUST01352,New,South,Apparel,Denim Jacket,24.92,4,15,114.63,17.19,97.44,Debit Card,0
ORD102018,2024-05-09,CUST04979,VIP,Central,Beauty & Personal Care,Face Serum,47.1,4,0,216.66,0.0,216.66,Credit Card,1
ORD103960,2024-05-09,CUST04048,VIP,Central,Beauty & Personal Care,Hair Dryer,48.04,5,0,276.23,0.0,276.23,Credit Card,0
ORD105837,2024-05-09,CUST02837,Returning,North,Sports & Outdoors,Water Bottle,90.19,5,5,518.59,25.93,492.66,Credit Card,0
ORD105552,2024-05-09,CUST03630,VIP,East,Electronics,Smart Watch,86.0,3,0,296.7,0.0,296.7,Debit Card,0
ORD101774,2024-05-09,CUST01393,New,East,Sports & Outdoors,Dumbbell Set,38.1,2,0,87.63,0.0,87.63,Credit Card,0
ORD100617,2024-05-10,CUST03665,New,South,Electronics,Smart Watch,53.71,1,0,61.77,0.0,61.77,Cash on Delivery,0
ORD104122,2024-05-10,CUST04716,VIP,East,Electronics,Power Bank,242.27,4,0,1114.44,0.0,1114.44,UPI,0
ORD103719,2024-05-10,CUST01281,VIP,Central,Sports & Outdoors,Yoga Mat,197.66,4,0,909.24,0.0,909.24,Debit Card,0
ORD105401,2024-05-10,CUST04419,New,South,Electronics,Bluetooth Speaker,146.34,1,0,168.29,0.0,168.29,Debit Card,0
ORD103436,2024-05-11,CUST01947,New,North,Apparel,Winter Coat,30.49,5,0,175.32,0.0,175.32,UPI,0
ORD102465,2024-05-11,CUST03951,New,East,Electronics,Smartphone Case,178.34,4,5,820.36,41.02,779.34,UPI,0
ORD102599,2024-05-11,CUST04219,New,North,Apparel,Yoga Pants,29.07,2,0,66.86,0.0,66.86,UPI,0
ORD100352,2024-05-11,CUST03244,New,West,Electronics,Smartphone Case,196.43,6,0,1355.37,0.0,1355.37,UPI,0
ORD101963,2024-05-11,CUST02875,New,North,Apparel,Cotton T-Shirt,98.93,4,10,455.08,45.51,409.57,UPI,0
ORD101399,2024-05-11,CUST02356,New,South,Beauty & Personal Care,Hair Dryer,51.29,3,0,176.95,0.0,176.95,Credit Card,0
ORD105140,2024-05-11,CUST02365,New,Central,Home & Kitchen,Vacuum Cleaner,122.72,5,0,705.64,0.0,705.64,UPI,0
ORD101456,2024-05-11,CUST03530,New,North,Electronics,Smartphone Case,97.22,3,5,335.41,16.77,318.64,Debit Card,0
ORD100199,2024-05-11,CUST04605,Returning,South,Beauty & Personal Care,Electric Trimmer,30.88,1,0,35.51,0.0,35.51,Debit Card,0
ORD100493,2024-05-11,CUST01316,Returning,Central,Apparel,Denim Jacket,26.98,4,0,124.11,0.0,124.11,UPI,0
ORD102084,2024-05-11,CUST02076,New,West,Apparel,Denim Jacket,55.04,4,20,253.18,50.64,202.54,Credit Card,0
ORD105975,2024-05-12,CUST02198,New,East,Electronics,Wireless Earbuds,95.61,3,0,329.85,0.0,329.85,Cash on Delivery,0
ORD105151,2024-05-12,CUST02394,VIP,Central,Apparel,Running Shoes,16.55,2,5,38.06,1.9,36.16,Credit Card,0
ORD101433,2024-05-12,CUST02067,Returning,North,Home & Kitchen,Vacuum Cleaner,138.81,4,0,638.53,0.0,638.53,Credit Card,0
ORD102106,2024-05-12,CUST02274,New,West,Sports & Outdoors,Dumbbell Set,134.29,3,0,463.3,0.0,463.3,Net Banking,0
ORD101385,2024-05-12,CUST03627,VIP,North,Apparel,Winter Coat,79.18,3,10,273.17,27.32,245.85,Debit Card,0
ORD103443,2024-05-13,CUST03097,New,North,Apparel,Cotton T-Shirt,103.32,7,0,831.73,0.0,831.73,Credit Card,0
ORD100516,2024-05-13,CUST03427,Returning,North,Apparel,Winter Coat,118.99,4,0,547.35,0.0,547.35,Debit Card,0
ORD100106,2024-05-13,CUST01771,Returning,Central,Electronics,Smart Watch,181.93,3,5,627.66,31.38,596.28,Net Banking,0
ORD103500,2024-05-13,CUST03032,New,South,Sports & Outdoors,Yoga Mat,191.56,7,0,1542.06,0.0,1542.06,Credit Card,0
ORD104636,2024-05-13,CUST03927,Returning,South,Apparel,Yoga Pants,33.0,3,20,113.85,22.77,91.08,Credit Card,0
ORD105210,2024-05-13,CUST03586,Returning,Central,Home & Kitchen,Air Fryer,103.24,4,0,474.9,0.0,474.9,UPI,0
ORD103998,2024-05-13,CUST01097,VIP,West,Home & Kitchen,Cookware Set,92.12,3,15,317.81,47.67,270.14,Credit Card,1
ORD104593,2024-05-13,CUST04567,New,West,Home & Kitchen,Air Fryer,126.31,3,15,435.77,65.37,370.4,Credit Card,0
ORD104561,2024-05-13,CUST03148,Returning,Central,Home & Kitchen,Blender,27.58,3,0,95.15,0.0,95.15,UPI,1
ORD102536,2024-05-13,CUST02067,Returning,West,Beauty & Personal Care,Electric Trimmer,39.94,3,20,137.79,27.56,110.23,UPI,0
ORD104826,2024-05-13,CUST01608,Returning,West,Electronics,Smartphone Case,27.22,5,0,156.51,0.0,156.51,Cash on Delivery,0
ORD104238,2024-05-14,CUST01522,Returning,South,Apparel,Winter Coat,14.22,8,0,130.82,0.0,130.82,Credit Card,0
ORD102307,2024-05-14,CUST02517,VIP,North,Sports & Outdoors,Dumbbell Set,141.95,3,0,489.73,0.0,489.73,Cash on Delivery,0
ORD104708,2024-05-14,CUST01596,New,North,Sports & Outdoors,Dumbbell Set,175.54,3,0,605.61,0.0,605.61,Cash on Delivery,0
ORD101247,2024-05-14,CUST03579,Returning,Central,Apparel,Denim Jacket,25.08,6,0,173.05,0.0,173.05,Credit Card,0
ORD101276,2024-05-14,CUST03105,Returning,South,Sports & Outdoors,Yoga Mat,41.42,3,10,142.9,14.29,128.61,Cash on Delivery,0
ORD102719,2024-05-14,CUST04215,Returning,East,Home & Kitchen,Blender,33.44,3,0,115.37,0.0,115.37,Debit Card,0
ORD105123,2024-05-14,CUST01095,VIP,West,Home & Kitchen,Air Fryer,118.51,2,10,272.57,27.26,245.31,Credit Card,0
ORD100620,2024-05-14,CUST03589,New,Central,Electronics,Wireless Earbuds,235.54,3,0,812.61,0.0,812.61,Net Banking,0
ORD102767,2024-05-14,CUST02965,New,West,Sports & Outdoors,Cycling Helmet,75.35,5,0,433.26,0.0,433.26,Debit Card,0
ORD105990,2024-05-14,CUST03901,Returning,North,Sports & Outdoors,Water Bottle,39.49,4,0,181.65,0.0,181.65,Cash on Delivery,0
ORD102674,2024-05-14,CUST01879,Returning,South,Apparel,Winter Coat,44.75,1,15,51.46,7.72,43.74,Cash on Delivery,0
ORD103419,2024-05-14,CUST04991,New,South,Electronics,Power Bank,90.92,3,10,313.67,31.37,282.3,UPI,1
ORD101058,2024-05-14,CUST01670,Returning,South,Home & Kitchen,Cookware Set,57.15,5,15,328.61,49.29,279.32,UPI,0
ORD101760,2024-05-15,CUST02884,New,North,Electronics,Wireless Earbuds,206.11,3,0,711.08,0.0,711.08,Net Banking,0
ORD101372,2024-05-15,CUST04843,Returning,Central,Apparel,Denim Jacket,74.29,4,0,341.73,0.0,341.73,UPI,1
ORD101167,2024-05-15,CUST02711,New,West,Sports & Outdoors,Dumbbell Set,97.12,4,0,446.75,0.0,446.75,Credit Card,0
ORD103799,2024-05-15,CUST02385,New,East,Electronics,Bluetooth Speaker,194.02,5,0,1115.62,0.0,1115.62,Cash on Delivery,0
ORD104829,2024-05-15,CUST03972,VIP,East,Electronics,Bluetooth Speaker,70.7,4,0,325.22,0.0,325.22,Net Banking,0
ORD100526,2024-05-15,CUST04341,New,Central,Electronics,Smart Watch,37.07,4,15,170.52,25.58,144.94,UPI,0
ORD103083,2024-05-15,CUST03413,New,East,Home & Kitchen,Blender,109.59,5,0,630.14,0.0,630.14,Net Banking,0
ORD103790,2024-05-16,CUST01436,New,South,Home & Kitchen,Cookware Set,122.38,2,15,281.47,42.22,239.25,Net Banking,1
ORD103713,2024-05-16,CUST01625,Returning,East,Home & Kitchen,Coffee Maker,42.7,5,0,245.52,0.0,245.52,Debit Card,0
ORD101920,2024-05-16,CUST02783,VIP,North,Electronics,Wireless Earbuds,204.79,3,0,706.53,0.0,706.53,UPI,0
ORD101209,2024-05-16,CUST02267,Returning,Central,Electronics,Wireless Earbuds,50.34,4,15,231.56,34.73,196.83,Net Banking,0
ORD100705,2024-05-16,CUST04598,Returning,North,Beauty & Personal Care,Electric Trimmer,65.78,5,0,378.23,0.0,378.23,Debit Card,0
ORD101047,2024-05-17,CUST03194,VIP,East,Electronics,Bluetooth Speaker,199.81,5,0,1148.91,0.0,1148.91,UPI,0
ORD100134,2024-05-17,CUST02417,Returning,South,Electronics,Smart Watch,129.4,5,15,744.05,111.61,632.44,Debit Card,0
ORD100936,2024-05-17,CUST04311,New,North,Electronics,Smartphone Case,245.23,4,20,1128.06,225.61,902.45,Net Banking,0
ORD105040,2024-05-17,CUST03366,New,North,Apparel,Cotton T-Shirt,87.44,2,15,201.11,30.17,170.94,Credit Card,0
ORD105340,2024-05-17,CUST03419,Returning,Central,Home & Kitchen,Vacuum Cleaner,46.82,5,0,269.21,0.0,269.21,UPI,0
ORD105574,2024-05-17,CUST04664,New,North,Beauty & Personal Care,Skincare Kit,55.06,4,0,253.28,0.0,253.28,UPI,0
ORD104419,2024-05-17,CUST04808,New,North,Home & Kitchen,Blender,106.5,5,0,612.38,0.0,612.38,Debit Card,0
ORD100121,2024-05-17,CUST02122,New,West,Apparel,Winter Coat,60.11,6,5,414.76,20.74,394.02,Credit Card,1
ORD101924,2024-05-18,CUST02610,New,East,Electronics,Smart Watch,242.21,5,15,1392.71,208.91,1183.8,Cash on Delivery,0
ORD105522,2024-05-18,CUST04434,Returning,West,Apparel,Denim Jacket,95.37,6,0,658.05,0.0,658.05,UPI,0
ORD102938,2024-05-18,CUST01286,Returning,West,Electronics,Wireless Earbuds,19.36,5,10,111.32,11.13,100.19,UPI,0
ORD104429,2024-05-18,CUST01168,New,West,Electronics,Power Bank,185.92,2,5,427.62,21.38,406.24,Net Banking,0
ORD100959,2024-05-18,CUST03875,New,North,Sports & Outdoors,Yoga Mat,57.06,6,5,393.71,19.69,374.02,UPI,0
ORD100308,2024-05-18,CUST01025,Returning,South,Home & Kitchen,Coffee Maker,156.16,5,0,897.92,0.0,897.92,Net Banking,1
ORD104798,2024-05-18,CUST03709,VIP,West,Apparel,Yoga Pants,76.48,3,10,263.86,26.39,237.47,UPI,0
ORD104696,2024-05-18,CUST04770,Returning,North,Beauty & Personal Care,Face Serum,48.03,5,5,276.17,13.81,262.36,Credit Card,0
ORD105478,2024-05-18,CUST02595,New,South,Home & Kitchen,Vacuum Cleaner,63.64,2,15,146.37,21.96,124.41,Net Banking,0
ORD104127,2024-05-18,CUST02132,New,North,Electronics,Smart Watch,81.28,4,20,373.89,74.78,299.11,Debit Card,0
ORD103820,2024-05-18,CUST04061,New,West,Electronics,Smart Watch,112.16,7,0,902.89,0.0,902.89,Debit Card,0
ORD103325,2024-05-19,CUST04079,Returning,Central,Home & Kitchen,Air Fryer,175.79,4,0,808.63,0.0,808.63,Credit Card,0
ORD100652,2024-05-19,CUST01427,New,North,Electronics,Smart Watch,64.21,8,0,590.73,0.0,590.73,Credit Card,0
ORD105767,2024-05-19,CUST04565,New,South,Electronics,Power Bank,24.1,7,5,194.0,9.7,184.3,Debit Card,1
ORD100043,2024-05-19,CUST01950,New,Central,Electronics,Power Bank,71.67,2,0,164.84,0.0,164.84,Credit Card,0
ORD104067,2024-05-19,CUST03487,New,East,Beauty & Personal Care,Skincare Kit,10.66,4,0,49.04,0.0,49.04,Credit Card,1
ORD104632,2024-05-19,CUST04759,Returning,South,Electronics,Power Bank,195.26,6,0,1347.29,0.0,1347.29,UPI,0
ORD104760,2024-05-19,CUST04607,Returning,East,Home & Kitchen,Blender,159.35,3,5,549.76,27.49,522.27,Credit Card,0
ORD103180,2024-05-19,CUST01570,New,West,Electronics,Smart Watch,44.71,1,5,51.42,2.57,48.85,Credit Card,0
ORD104144,2024-05-19,CUST04132,New,South,Electronics,Smartphone Case,159.27,1,0,183.16,0.0,183.16,Credit Card,0
ORD102515,2024-05-19,CUST01514,New,South,Electronics,Smart Watch,16.64,2,5,38.27,1.91,36.36,UPI,0
ORD102766,2024-05-19,CUST04149,New,South,Apparel,Yoga Pants,99.39,5,0,571.49,0.0,571.49,Credit Card,0
ORD100387,2024-05-20,CUST04386,VIP,North,Electronics,Smart Watch,234.01,6,0,1614.67,0.0,1614.67,Credit Card,0
ORD102987,2024-05-20,CUST04069,New,South,Sports & Outdoors,Camping Tent,85.87,5,20,493.75,98.75,395.0,Net Banking,0
ORD100571,2024-05-20,CUST04084,New,East,Electronics,Wireless Earbuds,154.54,3,15,533.16,79.97,453.19,Credit Card,0
ORD101277,2024-05-20,CUST02667,New,East,Beauty & Personal Care,Hair Dryer,33.53,2,0,77.12,0.0,77.12,Cash on Delivery,0
ORD101533,2024-05-20,CUST01006,New,North,Sports & Outdoors,Water Bottle,19.87,4,0,91.4,0.0,91.4,UPI,0
ORD100169,2024-05-20,CUST01117,New,Central,Home & Kitchen,Cookware Set,81.82,3,0,282.28,0.0,282.28,Cash on Delivery,0
ORD100888,2024-05-20,CUST01135,New,Central,Beauty & Personal Care,Hair Dryer,62.85,3,0,216.83,0.0,216.83,Debit Card,0
ORD105200,2024-05-20,CUST02908,New,North,Electronics,Wireless Earbuds,143.31,3,0,494.42,0.0,494.42,UPI,0
ORD105998,2024-05-21,CUST04635,Returning,North,Home & Kitchen,Vacuum Cleaner,144.02,7,5,1159.36,57.97,1101.39,UPI,0
ORD101366,2024-05-21,CUST01219,New,West,Sports & Outdoors,Yoga Mat,57.5,4,0,264.5,0.0,264.5,UPI,0
ORD101722,2024-05-21,CUST01510,New,North,Sports & Outdoors,Cycling Helmet,192.72,4,20,886.51,177.3,709.21,Debit Card,0
ORD104680,2024-05-21,CUST03547,New,North,Sports & Outdoors,Dumbbell Set,124.0,5,0,713.0,0.0,713.0,UPI,0
ORD103861,2024-05-21,CUST03430,Returning,West,Electronics,Smart Watch,46.61,3,0,160.8,0.0,160.8,Cash on Delivery,0
ORD104380,2024-05-21,CUST02669,Returning,East,Sports & Outdoors,Cycling Helmet,187.75,8,0,1727.3,0.0,1727.3,Cash on Delivery,0
ORD103088,2024-05-21,CUST04766,Returning,South,Electronics,Bluetooth Speaker,116.62,6,0,804.68,0.0,804.68,UPI,0
ORD104827,2024-05-22,CUST04644,Returning,North,Home & Kitchen,Air Fryer,78.19,4,10,359.67,35.97,323.7,UPI,0
ORD105861,2024-05-22,CUST02895,Returning,Central,Electronics,Wireless Earbuds,54.85,3,0,189.23,0.0,189.23,UPI,0
ORD100654,2024-05-22,CUST02571,VIP,North,Apparel,Denim Jacket,46.27,5,0,266.05,0.0,266.05,UPI,1
ORD100886,2024-05-22,CUST03817,New,Central,Electronics,Smartphone Case,189.46,-1,0,1525.15,0.0,1525.15,UPI,0
ORD102942,2024-05-22,CUST01617,Returning,North,Apparel,Denim Jacket,51.89,4,15,238.69,35.8,202.89,Credit Card,0
ORD103111,2024-05-22,CUST04316,VIP,West,Apparel,Denim Jacket,80.69,4,15,371.17,55.68,315.49,UPI,0
ORD104342,2024-05-22,CUST01907,New,Central,Sports & Outdoors,Dumbbell Set,106.23,6,0,732.99,0.0,732.99,Credit Card,0
ORD100807,2024-05-22,CUST02061,Returning,East,Electronics,Smart Watch,82.13,3,0,283.35,0.0,283.35,UPI,0
ORD103602,2024-05-22,CUST04576,Returning,North,Electronics,Bluetooth Speaker,212.73,6,0,1467.84,0.0,1467.84,Debit Card,0
ORD102308,2024-05-23,CUST03497,New,West,Electronics,Wireless Earbuds,244.62,3,0,843.94,0.0,843.94,UPI,0
ORD104166,2024-05-23,CUST03990,Returning,East,Apparel,Running Shoes,38.27,5,0,220.05,0.0,220.05,Credit Card,0
ORD104582,2024-05-23,CUST03964,Returning,North,Apparel,Winter Coat,59.36,2,0,136.53,0.0,136.53,Credit Card,0
ORD102211,2024-05-23,CUST01193,VIP,West,Apparel,Winter Coat,79.75,5,10,458.56,45.86,412.7,Credit Card,0
ORD104092,2024-05-23,CUST02994,New,East,Electronics,Wireless Earbuds,238.13,4,20,1095.4,219.08,876.32,Credit Card,0
ORD100062,2024-05-23,CUST03569,Returning,Central,Electronics,Smart Watch,188.6,4,0,867.56,0.0,867.56,Cash on Delivery,0
ORD103452,2024-05-23,CUST04199,New,North,Beauty & Personal Care,Perfume,83.02,9,0,859.26,0.0,859.26,Credit Card,0
ORD104438,2024-05-23,CUST02904,New,Central,Electronics,Power Bank,102.26,4,5,470.4,23.52,446.88,Credit Card,1
ORD105411,2024-05-23,CUST02730,New,North,Electronics,Smart Watch,120.28,2,0,276.64,0.0,276.64,Debit Card,0
ORD105273,2024-05-24,CUST02407,New,East,Sports & Outdoors,Camping Tent,129.07,6,0,890.58,0.0,890.58,Debit Card,0
ORD102441,2024-05-24,CUST03166,Returning,North,Home & Kitchen,Cookware Set,84.74,4,0,389.8,0.0,389.8,UPI,0
ORD100295,2024-05-24,CUST03978,New,South,Apparel,Winter Coat,92.13,2,0,211.9,0.0,211.9,Debit Card,0
ORD100203,2024-05-24,CUST01567,Returning,North,Electronics,Smartphone Case,165.23,8,0,1520.12,0.0,1520.12,UPI,0
ORD102472,2024-05-24,CUST04827,Returning,East,Sports & Outdoors,Camping Tent,121.9,6,0,841.11,0.0,841.11,Cash on Delivery,0
ORD105858,2024-05-25,CUST01345,Returning,South,Beauty & Personal Care,Face Serum,79.11,5,0,454.88,0.0,454.88,Debit Card,0
ORD104109,2024-05-25,CUST03224,New,Central,Electronics,Wireless Earbuds,157.54,2,5,362.34,18.12,344.22,Cash on Delivery,0
ORD100985,2024-05-25,CUST04764,New,North,Apparel,Winter Coat,47.97,1,0,55.17,0.0,55.17,UPI,0
ORD101973,2024-05-25,CUST03808,New,South,Sports & Outdoors,Camping Tent,45.75,6,0,315.67,0.0,315.67,Credit Card,0
ORD100237,2024-05-25,CUST01467,New,North,Electronics,Smart Watch,71.23,5,5,409.57,20.48,389.09,UPI,0
ORD104891,2024-05-25,CUST03591,Returning,West,Home & Kitchen,Cookware Set,148.67,2,0,341.94,0.0,341.94,Credit Card,0
ORD100034,2024-05-25,CUST04573,New,Central,Beauty & Personal Care,Perfume,64.98,3,0,224.18,0.0,224.18,Debit Card,0
ORD100249,2024-05-25,CUST04775,Returning,South,Electronics,Power Bank,109.56,4,0,503.98,0.0,503.98,Debit Card,0
ORD100737,2024-05-25,CUST02037,Returning,East,Sports & Outdoors,Camping Tent,171.97,3,0,593.3,0.0,593.3,Debit Card,0
ORD105270,2024-05-25,CUST04790,Returning,Central,Sports & Outdoors,Water Bottle,137.05,6,0,945.64,0.0,945.64,Debit Card,0
ORD104946,2024-05-25,CUST01045,New,West,Electronics,Power Bank,149.56,7,10,1203.96,120.4,1083.56,Net Banking,0
ORD100622,2024-05-25,CUST04220,New,East,Electronics,Smart Watch,240.24,6,0,1657.66,0.0,1657.66,Net Banking,0
ORD103510,2024-05-25,CUST04894,New,North,Sports & Outdoors,Cycling Helmet,18.61,2,5,42.8,2.14,40.66,Debit Card,0
ORD105147,2024-05-25,CUST01302,Returning,North,Apparel,Denim Jacket,52.92,5,0,304.29,0.0,304.29,UPI,0
ORD104464,2024-05-26,CUST02579,VIP,North,Home & Kitchen,Blender,99.14,4,0,456.04,0.0,456.04,Credit Card,0
ORD101347,2024-05-26,CUST03157,Returning,West,Home & Kitchen,Blender,99.13,4,0,456.0,0.0,456.0,Credit Card,0
ORD103976,2024-05-26,CUST01815,New,West,Home & Kitchen,Cookware Set,89.31,2,0,205.41,0.0,205.41,Credit Card,0
ORD100339,2024-05-26,CUST04621,VIP,East,Sports & Outdoors,Water Bottle,111.37,3,0,384.23,0.0,384.23,UPI,0
ORD100392,2024-05-26,CUST01446,Returning,Central,Sports & Outdoors,Dumbbell Set,119.56,7,15,962.46,144.37,818.09,Credit Card,0
ORD101893,2024-05-26,CUST01292,Returning,North,Home & Kitchen,Blender,75.66,6,0,522.05,0.0,522.05,Debit Card,0
ORD100444,2024-05-27,CUST01627,New,West,Apparel,Denim Jacket,67.53,2,0,155.32,0.0,155.32,Cash on Delivery,0
ORD100839,2024-05-27,CUST01814,New,West,Beauty & Personal Care,Electric Trimmer,59.45,5,0,341.84,0.0,341.84,Credit Card,0
ORD101014,2024-05-27,CUST03993,Returning,North,Sports & Outdoors,Water Bottle,160.32,4,0,737.47,0.0,737.47,Credit Card,0
ORD101953,2024-05-27,CUST02711,New,South,Sports & Outdoors,Cycling Helmet,121.0,3,0,417.45,0.0,417.45,UPI,0
ORD100681,2024-05-27,CUST04984,New,East,Home & Kitchen,Coffee Maker,144.05,6,0,993.95,0.0,993.95,Debit Card,0
ORD103130,2024-05-28,CUST03456,New,West,Apparel,Winter Coat,33.56,2,0,77.19,0.0,77.19,Credit Card,0
ORD102884,2024-05-28,CUST02571,New,Central,Electronics,Wireless Earbuds,224.55,4,0,1032.93,0.0,1032.93,UPI,0
ORD101263,2024-05-28,CUST01014,VIP,North,Electronics,Smartphone Case,137.29,4,0,631.53,0.0,631.53,UPI,0
ORD103305,2024-05-28,CUST03228,New,East,Apparel,Denim Jacket,109.02,5,0,626.87,0.0,626.87,Debit Card,0
ORD104226,2024-05-28,CUST03607,New,East,Apparel,Cotton T-Shirt,54.07,8,0,497.44,0.0,497.44,Debit Card,0
ORD105355,2024-05-28,CUST03073,Returning,North,Beauty & Personal Care,Perfume,76.44,4,0,351.62,0.0,351.62,Debit Card,0
ORD104309,2024-05-28,CUST02010,New,West,Beauty & Personal Care,Skincare Kit,68.9,5,5,396.17,19.81,376.36,Credit Card,0
ORD104751,2024-05-28,CUST01324,New,North,Apparel,Denim Jacket,33.95,3,0,117.13,0.0,117.13,Debit Card,0
ORD104104,2024-05-29,CUST03016,New,East,Electronics,Smart Watch,46.81,2,0,107.66,0.0,107.66,Debit Card,0
ORD102658,2024-05-29,CUST03512,Returning,Central,Home & Kitchen,Blender,117.06,6,5,807.71,40.39,767.32,Credit Card,0
ORD104180,2024-05-29,CUST02465,Returning,North,Electronics,Power Bank,38.86,5,5,223.44,11.17,212.27,UPI,0
ORD102714,2024-05-29,CUST04328,Returning,North,Home & Kitchen,Cookware Set,146.58,6,20,1011.4,202.28,809.12,Credit Card,0
ORD105528,2024-05-29,CUST01983,Returning,North,Apparel,Running Shoes,102.68,3,5,354.25,17.71,336.54,Credit Card,0
ORD101842,2024-05-29,CUST03548,Returning,East,Electronics,Smartphone Case,61.53,3,0,212.28,0.0,212.28,Debit Card,0
ORD102638,2024-05-29,CUST04183,Returning,South,Apparel,Denim Jacket,64.32,2,0,147.94,0.0,147.94,Credit Card,0
ORD102285,2024-05-29,CUST02898,VIP,Central,Electronics,Power Bank,229.03,8,0,2107.08,0.0,2107.08,UPI,0
ORD104842,2024-05-29,CUST02105,Returning,Central,Home & Kitchen,Air Fryer,22.5,4,0,103.5,0.0,103.5,Credit Card,0
ORD100938,2024-05-30,CUST03059,VIP,West,Electronics,Bluetooth Speaker,72.52,5,0,416.99,0.0,416.99,UPI,0
ORD101881,2024-05-30,CUST03954,New,South,Sports & Outdoors,Yoga Mat,124.2,4,0,571.32,0.0,571.32,Credit Card,0
ORD100489,2024-05-30,CUST02548,Returning,Central,Apparel,Running Shoes,83.29,3,0,287.35,0.0,287.35,Cash on Delivery,0
ORD101457,2024-05-30,CUST01716,New,North,Beauty & Personal Care,Hair Dryer,64.84,2,0,149.13,0.0,149.13,UPI,0
ORD104999,2024-05-30,CUST04046,New,South,Apparel,Cotton T-Shirt,60.3,5,10,346.72,34.67,312.05,Credit Card,0
ORD102711,2024-05-30,CUST03378,New,South,Beauty & Personal Care,Skincare Kit,40.07,3,5,138.24,6.91,131.33,Credit Card,0
ORD103838,2024-05-30,CUST04644,VIP,West,Sports & Outdoors,Camping Tent,95.77,7,5,770.95,38.55,732.4,Credit Card,0
ORD103055,2024-05-30,CUST01475,New,East,Beauty & Personal Care,Electric Trimmer,36.8,4,15,169.28,25.39,143.89,Credit Card,0
ORD101698,2024-05-30,CUST04591,VIP,South,Electronics,Bluetooth Speaker,97.61,10,0,1122.51,0.0,1122.51,Debit Card,0
ORD100335,2024-05-30,CUST02496,Returning,Central,Sports & Outdoors,Cycling Helmet,68.91,3,0,237.74,0.0,237.74,Credit Card,0
ORD101535,2024-05-31,CUST03148,New,West,Electronics,Smartphone Case,226.81,2,0,521.66,0.0,521.66,Debit Card,0
ORD102294,2024-05-31,CUST01700,New,West,Home & Kitchen,Coffee Maker,116.16,2,15,267.17,40.08,227.09,Debit Card,0
ORD102017,2024-05-31,CUST04484,New,North,Home & Kitchen,Cookware Set,128.77,6,0,888.51,0.0,888.51,UPI,0
ORD104250,2024-05-31,CUST01002,VIP,South,Electronics,Power Bank,166.32,5,5,956.34,47.82,908.52,Cash on Delivery,0
ORD100611,2024-05-31,CUST02074,VIP,East,Electronics,Wireless Earbuds,65.67,7,0,528.64,0.0,528.64,UPI,0
ORD103461,2024-05-31,CUST04056,Returning,North,Apparel,Cotton T-Shirt,12.98,7,0,104.49,0.0,104.49,Cash on Delivery,0
ORD105665,2024-05-31,CUST02404,New,South,Apparel,Winter Coat,31.22,5,0,179.51,0.0,179.51,UPI,0
ORD104790,2024-05-31,CUST02531,Returning,North,Electronics,Bluetooth Speaker,84.97,4,10,390.86,39.09,351.77,Cash on Delivery,0
ORD102883,2024-05-31,CUST01157,Returning,West,Electronics,Wireless Earbuds,229.94,3,0,793.29,0.0,793.29,Credit Card,0
ORD103478,2024-05-31,CUST01489,VIP,South,Apparel,Winter Coat,96.05,4,0,441.83,0.0,441.83,UPI,0
ORD102245,2024-05-31,CUST03046,New,West,Home & Kitchen,Air Fryer,110.54,1,20,127.12,25.42,101.7,Debit Card,0
ORD101076,2024-05-31,CUST04627,New,Central,Apparel,Cotton T-Shirt,111.28,2,5,255.94,12.8,243.14,Credit Card,0
ORD102395,2024-05-31,CUST04977,New,Central,Apparel,Denim Jacket,60.6,4,0,278.76,0.0,278.76,Credit Card,0
ORD103910,2024-06-01,CUST02956,Returning,West,Home & Kitchen,Blender,68.67,4,0,315.88,0.0,315.88,Credit Card,0
ORD100740,2024-06-01,CUST04138,New,North,Electronics,Smartphone Case,223.58,5,5,1285.59,64.28,1221.31,Debit Card,0
ORD104291,2024-06-01,CUST02270,New,Central,Electronics,Smartphone Case,47.44,3,0,163.67,0.0,163.67,Credit Card,0
ORD100347,2024-06-01,CUST02118,New,South,Sports & Outdoors,Camping Tent,34.74,1,15,39.95,5.99,33.96,Debit Card,0
ORD100923,2024-06-01,CUST04219,New,South,Sports & Outdoors,Yoga Mat,67.3,7,5,541.76,27.09,514.67,Net Banking,0
ORD104657,2024-06-01,CUST03478,Returning,Central,Sports & Outdoors,Camping Tent,193.7,9,0,2004.79,0.0,2004.79,Net Banking,0
ORD101430,2024-06-02,CUST02225,New,East,Apparel,Winter Coat,119.85,2,10,275.65,27.56,248.09,UPI,0
ORD100603,2024-06-02,CUST03467,New,East,Electronics,Power Bank,122.14,6,0,842.77,0.0,842.77,Credit Card,0
ORD104230,2024-06-02,CUST04742,New,East,Electronics,Smart Watch,219.63,2,0,505.15,0.0,505.15,UPI,0
ORD103803,2024-06-02,CUST04155,New,East,Beauty & Personal Care,Perfume,16.69,3,5,57.58,2.88,54.7,Credit Card,0
ORD102830,2024-06-02,CUST02407,Returning,South,Sports & Outdoors,Camping Tent,153.29,8,0,1410.27,0.0,1410.27,Credit Card,0
ORD104938,2024-06-02,CUST01469,New,East,Home & Kitchen,Coffee Maker,69.6,7,0,560.28,0.0,560.28,Credit Card,0
ORD102434,2024-06-02,CUST04642,New,East,Beauty & Personal Care,Perfume,23.87,3,0,82.35,0.0,82.35,Debit Card,0
ORD100820,2024-06-03,CUST04121,New,North,Beauty & Personal Care,Electric Trimmer,20.52,2,0,47.2,0.0,47.2,Debit Card,0
ORD103459,2024-06-03,CUST02781,Returning,West,Apparel,Yoga Pants,57.57,4,0,264.82,0.0,264.82,UPI,0
ORD103912,2024-06-03,CUST01921,Returning,Central,Electronics,Wireless Earbuds,132.02,4,5,607.29,30.36,576.93,Credit Card,0
ORD101739,2024-06-03,CUST03621,New,West,Beauty & Personal Care,Electric Trimmer,17.96,2,0,41.31,0.0,41.31,Credit Card,0
ORD103954,2024-06-03,CUST01426,Returning,East,Electronics,Bluetooth Speaker,30.99,1,10,35.64,3.56,32.08,UPI,0
ORD103266,2024-06-03,CUST04833,New,East,Electronics,Power Bank,31.81,5,10,182.91,18.29,164.62,Net Banking,0
ORD102544,2024-06-03,CUST01706,New,Central,Beauty & Personal Care,Hair Dryer,61.9,5,0,355.92,0.0,355.92,UPI,0
ORD101908,2024-06-03,CUST03481,New,Central,Apparel,Denim Jacket,55.58,3,0,191.75,0.0,191.75,Credit Card,0
ORD102967,2024-06-03,CUST04653,New,North,Sports & Outdoors,Water Bottle,186.21,5,20,1070.71,214.14,856.57,Credit Card,0
ORD104736,2024-06-03,CUST03118,New,North,Apparel,Yoga Pants,83.55,3,0,288.25,0.0,288.25,UPI,0
ORD105613,2024-06-03,CUST01559,New,East,Home & Kitchen,Blender,91.65,4,10,421.59,42.16,379.43,Cash on Delivery,0
ORD102168,2024-06-04,CUST03332,New,North,Home & Kitchen,Blender,55.28,4,0,254.29,0.0,254.29,Credit Card,0
ORD101540,2024-06-04,CUST03921,New,South,Electronics,Smart Watch,201.27,4,10,925.84,92.58,833.26,Credit Card,0
ORD101567,2024-06-04,CUST01405,VIP,South,Apparel,Running Shoes,59.86,6,0,413.03,0.0,413.03,Credit Card,0
ORD101291,2024-06-04,CUST03358,VIP,West,Apparel,Cotton T-Shirt,55.05,4,0,253.23,0.0,253.23,Debit Card,0
ORD100099,2024-06-04,CUST02130,New,North,Home & Kitchen,Air Fryer,178.87,3,15,617.1,92.56,524.54,UPI,0
ORD101757,2024-06-04,CUST03779,New,North,Home & Kitchen,Air Fryer,177.97,1,0,204.67,0.0,204.67,UPI,0
ORD104139,2024-06-04,CUST02150,New,East,Home & Kitchen,Coffee Maker,90.84,7,0,731.26,0.0,731.26,Debit Card,0
ORD101075,2024-06-05,CUST01721,VIP,Central,Beauty & Personal Care,Face Serum,83.36,2,0,191.73,0.0,191.73,Credit Card,0
ORD100481,2024-06-05,CUST04666,Returning,East,Electronics,Power Bank,101.07,3,10,348.69,34.87,313.82,Credit Card,0
ORD102579,2024-06-05,CUST04478,New,North,Apparel,Cotton T-Shirt,21.29,2,0,48.97,0.0,48.97,UPI,0
ORD105766,2024-06-05,CUST01984,New,Central,Apparel,Yoga Pants,110.62,5,15,636.06,95.41,540.65,Cash on Delivery,0
ORD103703,2024-06-06,CUST01677,Returning,East,Apparel,Cotton T-Shirt,79.23,3,0,273.34,0.0,273.34,UPI,0
ORD102578,2024-06-06,CUST01011,VIP,North,Apparel,Cotton T-Shirt,10.77,5,5,61.93,3.1,58.83,Credit Card,0
ORD105970,2024-06-06,CUST03693,Returning,North,Apparel,Cotton T-Shirt,112.85,5,0,648.89,0.0,648.89,Debit Card,0
ORD102207,2024-06-06,CUST01815,Returning,West,Beauty & Personal Care,Hair Dryer,12.37,4,20,56.9,11.38,45.52,Credit Card,0
ORD104966,2024-06-06,CUST01626,Returning,West,Sports & Outdoors,Water Bottle,11.8,3,20,40.71,8.14,32.57,Credit Card,0
ORD105569,2024-06-06,CUST04620,New,South,Sports & Outdoors,Camping Tent,57.75,4,15,265.65,39.85,225.8,Debit Card,0
ORD101265,2024-06-06,CUST04075,New,West,Apparel,Yoga Pants,47.68,3,0,164.5,0.0,164.5,Net Banking,0
ORD105930,2024-06-06,CUST03752,New,East,Apparel,Denim Jacket,49.89,2,10,114.75,11.48,103.27,Net Banking,0
ORD103922,2024-06-06,CUST02439,New,South,Electronics,Bluetooth Speaker,128.95,2,5,296.58,14.83,281.75,UPI,0
ORD101635,2024-06-07,CUST04884,Returning,East,Electronics,Smart Watch,203.54,4,0,936.28,0.0,936.28,UPI,0
ORD101848,2024-06-07,CUST02446,Returning,West,Beauty & Personal Care,Perfume,19.18,2,10,44.11,4.41,39.7,Net Banking,0
ORD102976,2024-06-07,CUST01292,Returning,North,Apparel,Denim Jacket,42.16,5,0,242.42,0.0,242.42,Credit Card,0
ORD105784,2024-06-07,CUST02504,Returning,North,Apparel,Running Shoes,67.64,6,0,466.72,0.0,466.72,Cash on Delivery,0
ORD101392,2024-06-07,CUST01672,Returning,West,Electronics,Bluetooth Speaker,86.08,6,5,593.95,29.7,564.25,UPI,0
ORD100842,2024-06-07,CUST03527,VIP,Central,Electronics,Smartphone Case,111.71,5,0,642.33,0.0,642.33,UPI,1
ORD103482,2024-06-07,CUST01023,New,Central,Electronics,Bluetooth Speaker,208.01,6,0,1435.27,0.0,1435.27,Debit Card,0
ORD101670,2024-06-07,CUST01134,Returning,East,Electronics,Smartphone Case,23.71,4,0,109.07,0.0,109.07,Cash on Delivery,0
ORD101728,2024-06-07,CUST03672,Returning,Central,Beauty & Personal Care,Skincare Kit,58.41,3,5,201.51,10.08,191.43,Debit Card,0
ORD104212,2024-06-08,CUST02681,Returning,Central,Beauty & Personal Care,Face Serum,76.21,4,0,350.57,0.0,350.57,UPI,0
ORD100153,2024-06-08,CUST03291,New,West,Beauty & Personal Care,Perfume,61.69,3,0,212.83,0.0,212.83,UPI,0
ORD100903,2024-06-08,CUST03738,Returning,North,Electronics,Wireless Earbuds,140.29,6,5,968.0,48.4,919.6,Debit Card,0
ORD103765,2024-06-08,CUST03706,VIP,West,Electronics,Power Bank,76.96,8,5,708.03,35.4,672.63,UPI,0
ORD105042,2024-06-08,CUST01742,New,North,Electronics,Power Bank,143.2,6,20,988.08,197.62,790.46,Debit Card,0
ORD105118,2024-06-08,CUST02218,VIP,North,Sports & Outdoors,Camping Tent,147.17,7,5,1184.72,59.24,1125.48,Credit Card,0
ORD101638,2024-06-08,CUST01916,Returning,South,Apparel,Denim Jacket,86.99,3,20,300.12,60.02,240.1,Cash on Delivery,0
ORD100549,2024-06-08,CUST04154,New,South,Home & Kitchen,Coffee Maker,26.88,8,15,247.3,37.1,210.2,Credit Card,0
ORD103754,2024-06-08,CUST01713,New,North,Home & Kitchen,Air Fryer,146.14,3,0,504.18,0.0,504.18,Debit Card,0
ORD100386,2024-06-08,CUST01783,New,West,Apparel,Winter Coat,99.98,3,0,344.93,0.0,344.93,Cash on Delivery,0
ORD102437,2024-06-09,CUST02859,Returning,Central,Electronics,Wireless Earbuds,51.88,7,15,417.63,62.64,354.99,Credit Card,0
ORD101037,2024-06-09,CUST03044,Returning,West,Home & Kitchen,Cookware Set,67.63,2,10,155.55,15.56,139.99,Credit Card,0
ORD101444,2024-06-09,CUST04234,VIP,Central,Sports & Outdoors,Cycling Helmet,116.82,4,0,537.37,0.0,537.37,Debit Card,0
ORD105432,2024-06-09,CUST02831,Returning,East,Electronics,Smart Watch,64.76,2,0,148.95,0.0,148.95,Debit Card,0
ORD104273,2024-06-09,CUST02955,Returning,North,Sports & Outdoors,Yoga Mat,153.42,4,5,705.73,35.29,670.44,UPI,0
ORD105406,2024-06-09,CUST01920,New,North,Home & Kitchen,Air Fryer,25.91,6,0,178.78,0.0,178.78,Credit Card,0
ORD102347,2024-06-09,CUST03771,Returning,West,Home & Kitchen,Air Fryer,61.21,8,0,563.13,0.0,563.13,Debit Card,0
ORD100871,2024-06-09,CUST02044,New,South,Apparel,Winter Coat,115.44,7,0,929.29,0.0,929.29,Cash on Delivery,0
ORD102713,2024-06-09,CUST04868,Returning,South,Beauty & Personal Care,Skincare Kit,39.81,6,0,274.69,0.0,274.69,Credit Card,1
ORD100678,2024-06-09,CUST03702,VIP,West,Apparel,Yoga Pants,95.65,5,5,549.99,27.5,522.49,UPI,0
ORD101913,2024-06-09,CUST01189,Returning,South,Beauty & Personal Care,Hair Dryer,64.51,1,10,74.19,7.42,66.77,Cash on Delivery,0
ORD100879,2024-06-09,CUST03115,Returning,North,Electronics,Smart Watch,125.1,6,5,863.19,43.16,820.03,Credit Card,0
ORD101290,2024-06-09,CUST01115,Returning,East,Beauty & Personal Care,Hair Dryer,80.18,6,5,553.24,27.66,525.58,UPI,1
ORD105783,2024-06-10,CUST03220,New,North,Sports & Outdoors,Cycling Helmet,47.41,5,0,272.61,0.0,272.61,Debit Card,0
ORD101455,2024-06-10,CUST02527,New,Central,Sports & Outdoors,Yoga Mat,157.39,3,20,543.0,108.6,434.4,Cash on Delivery,0
ORD105832,2024-06-10,CUST01178,VIP,South,Sports & Outdoors,Yoga Mat,64.15,7,0,516.41,0.0,516.41,Credit Card,0
ORD101751,2024-06-10,CUST01472,Returning,West,Apparel,Denim Jacket,88.0,3,5,303.6,15.18,288.42,Credit Card,0
ORD101725,2024-06-10,CUST04984,New,North,Electronics,Wireless Earbuds,160.89,2,0,370.05,0.0,370.05,Debit Card,0
ORD103172,2024-06-10,CUST01413,Returning,East,Electronics,Power Bank,188.39,1,5,216.65,10.83,205.82,Net Banking,0
ORD105874,2024-06-11,CUST04192,New,East,Apparel,Denim Jacket,87.38,5,0,502.43,0.0,502.43,Cash on Delivery,0
ORD103806,2024-06-11,CUST03904,Returning,East,Home & Kitchen,Blender,124.87,6,15,861.6,129.24,732.36,Credit Card,0
ORD104735,2024-06-11,CUST02278,VIP,South,Sports & Outdoors,Camping Tent,69.36,3,0,239.29,0.0,239.29,Credit Card,0
ORD104126,2024-06-11,CUST04647,New,South,Home & Kitchen,Coffee Maker,78.06,4,0,359.08,0.0,359.08,UPI,0
ORD103729,2024-06-11,CUST03037,New,South,Beauty & Personal Care,Hair Dryer,77.59,5,15,446.14,66.92,379.22,UPI,0
ORD104415,2024-06-11,CUST04052,New,Central,Home & Kitchen,Air Fryer,117.41,5,5,675.11,33.76,641.35,Credit Card,0
ORD103587,2024-06-11,CUST02261,New,North,Home & Kitchen,Coffee Maker,67.01,5,0,385.31,0.0,385.31,Credit Card,0
ORD104735,2024-06-11,CUST02278,VIP,South,Sports & Outdoors,Camping Tent,69.36,3,0,239.29,0.0,239.29,Credit Card,0
ORD103237,2024-06-12,CUST02916,New,Central,Sports & Outdoors,Cycling Helmet,22.07,6,10,152.28,15.23,137.05,Credit Card,0
ORD102877,2024-06-12,CUST02122,New,South,Electronics,Bluetooth Speaker,233.43,4,0,1073.78,0.0,1073.78,Net Banking,0
ORD103484,2024-06-12,CUST04831,New,Central,Electronics,Bluetooth Speaker,37.64,4,15,173.14,25.97,147.17,UPI,0
ORD105396,2024-06-12,CUST02283,New,Central,Electronics,Smartphone Case,224.76,2,20,516.95,103.39,413.56,UPI,0
ORD104616,2024-06-12,CUST01415,New,East,Apparel,Winter Coat,116.68,4,0,536.73,0.0,536.73,Credit Card,0
ORD101159,2024-06-12,CUST03025,VIP,South,Apparel,Running Shoes,83.86,4,10,385.76,38.58,347.18,Credit Card,0
ORD103851,2024-06-12,CUST03512,New,South,Home & Kitchen,Air Fryer,127.76,4,0,587.7,0.0,587.7,Credit Card,0
ORD105035,2024-06-13,CUST02198,VIP,South,Electronics,Power Bank,97.47,3,0,336.27,0.0,336.27,Credit Card,0
ORD105583,2024-06-13,CUST01998,New,Central,Sports & Outdoors,Yoga Mat,82.01,4,10,377.25,37.72,339.53,Credit Card,0
ORD102601,2024-06-13,CUST01027,Returning,Central,Beauty & Personal Care,Perfume,86.13,5,15,495.25,74.29,420.96,Credit Card,1
ORD105535,2024-06-13,CUST04089,Returning,East,Home & Kitchen,Blender,168.18,4,0,773.63,0.0,773.63,Credit Card,0
ORD104461,2024-06-13,CUST04027,Returning,Central,Home & Kitchen,Vacuum Cleaner,145.6,3,10,502.32,50.23,452.09,Credit Card,0
ORD101905,2024-06-13,CUST04420,Returning,South,Apparel,Denim Jacket,22.88,3,0,78.94,0.0,78.94,Credit Card,0
ORD105329,2024-06-13,CUST03836,New,North,Sports & Outdoors,Cycling Helmet,155.98,2,0,358.75,0.0,358.75,Debit Card,0
ORD105811,2024-06-13,CUST04109,Returning,West,Apparel,Yoga Pants,15.5,7,0,124.77,0.0,124.77,Credit Card,0
ORD105720,2024-06-14,CUST04921,New,North,Sports & Outdoors,Yoga Mat,,3,0,490.52,0.0,490.52,Cash on Delivery,1
ORD100635,2024-06-14,CUST01701,Returning,West,Beauty & Personal Care,Electric Trimmer,62.7,2,5,144.21,7.21,137.0,Cash on Delivery,0
ORD102183,2024-06-14,CUST03772,New,East,Beauty & Personal Care,Electric Trimmer,85.39,2,20,196.4,39.28,157.12,Debit Card,0
ORD102226,2024-06-14,CUST03704,VIP,West,Electronics,Bluetooth Speaker,104.03,4,0,478.54,0.0,478.54,Cash on Delivery,0
ORD105424,2024-06-15,CUST03133,VIP,North,Home & Kitchen,Air Fryer,168.46,4,0,774.92,0.0,774.92,UPI,0
ORD100975,2024-06-15,CUST02135,Returning,South,Electronics,Smart Watch,91.29,4,5,419.93,21.0,398.93,Credit Card,0
ORD104669,2024-06-15,CUST01809,New,East,Electronics,Power Bank,46.57,2,5,107.11,5.36,101.75,Debit Card,0
ORD102907,2024-06-15,CUST04608,New,East,Home & Kitchen,Air Fryer,172.01,2,0,395.62,0.0,395.62,Net Banking,0
ORD100672,2024-06-15,CUST01152,Returning,Central,Home & Kitchen,Blender,102.6,3,15,353.97,53.1,300.87,Debit Card,0
ORD101271,2024-06-15,CUST04202,New,South,Beauty & Personal Care,Skincare Kit,19.67,3,0,67.86,0.0,67.86,Credit Card,1
ORD104915,2024-06-15,CUST02686,New,East,Home & Kitchen,Air Fryer,140.29,6,5,968.0,48.4,919.6,Debit Card,0
ORD101884,2024-06-15,CUST02427,VIP,West,Apparel,Running Shoes,56.04,1,20,64.45,12.89,51.56,UPI,0
ORD102383,2024-06-15,CUST03729,VIP,West,Electronics,Smartphone Case,67.18,4,5,309.03,15.45,293.58,Debit Card,0
ORD105876,2024-06-15,CUST01656,New,West,Sports & Outdoors,Dumbbell Set,85.97,7,0,692.06,0.0,692.06,Debit Card,0
ORD103059,2024-06-16,CUST02542,New,West,Sports & Outdoors,Cycling Helmet,79.86,4,0,367.36,0.0,367.36,UPI,0
ORD103617,2024-06-16,CUST02219,New,North,Sports & Outdoors,Dumbbell Set,22.42,8,0,206.26,0.0,206.26,UPI,0
ORD103178,2024-06-16,CUST03513,VIP,East,Apparel,Running Shoes,96.0,2,5,220.8,11.04,209.76,Net Banking,0
ORD103708,2024-06-16,CUST04959,Returning,North,Beauty & Personal Care,Skincare Kit,63.8,2,0,146.74,0.0,146.74,Debit Card,0
ORD103750,2024-06-16,CUST01148,Returning,South,Apparel,Cotton T-Shirt,90.16,3,20,311.05,62.21,248.84,UPI,1
ORD102981,2024-06-16,CUST03637,Returning,North,Home & Kitchen,Coffee Maker,164.43,4,0,756.38,0.0,756.38,Debit Card,1
ORD103439,2024-06-16,CUST03567,New,South,Electronics,Smart Watch,181.8,2,0,418.14,0.0,418.14,Credit Card,0
ORD102827,2024-06-16,CUST02453,New,North,Home & Kitchen,Cookware Set,35.16,1,0,40.43,0.0,40.43,Cash on Delivery,0
ORD105651,2024-06-17,CUST03368,Returning,North,Beauty & Personal Care,Face Serum,13.75,4,15,63.25,9.49,53.76,Cash on Delivery,0
ORD102618,2024-06-17,CUST04734,New,Central,Electronics,Bluetooth Speaker,197.45,3,15,681.2,102.18,579.02,UPI,0
ORD105525,2024-06-17,CUST02727,New,East,Home & Kitchen,Air Fryer,41.55,4,5,191.13,9.56,181.57,UPI,0
ORD105749,2024-06-17,CUST04254,Returning,East,Home & Kitchen,Cookware Set,45.54,3,5,157.11,7.86,149.25,Cash on Delivery,0
ORD104784,2024-06-17,CUST04145,Returning,West,Apparel,Denim Jacket,111.79,4,0,514.23,0.0,514.23,Credit Card,0
ORD100837,2024-06-17,CUST03907,New,Central,Beauty & Personal Care,Hair Dryer,7.79,8,0,71.67,0.0,71.67,UPI,0
ORD104656,2024-06-17,CUST01852,New,Central,Sports & Outdoors,Water Bottle,176.35,4,15,811.21,121.68,689.53,UPI,0
ORD103570,2024-06-18,CUST01172,New,East,Apparel,Running Shoes,39.76,4,10,182.9,18.29,164.61,Debit Card,0
ORD101622,2024-06-18,CUST03751,Returning,South,Sports & Outdoors,Dumbbell Set,89.61,2,20,206.1,41.22,164.88,Credit Card,0
ORD104498,2024-06-18,CUST01052,Returning,West,Apparel,Winter Coat,10.23,5,0,58.82,0.0,58.82,Credit Card,0
ORD104078,2024-06-19,CUST04479,New,North,Sports & Outdoors,Camping Tent,76.27,4,0,350.84,0.0,350.84,Net Banking,0
ORD102720,2024-06-19,CUST02317,New,Central,Apparel,Denim Jacket,61.46,2,0,141.36,0.0,141.36,Credit Card,0
ORD102698,2024-06-19,CUST03085,New,East,Electronics,Smart Watch,36.04,3,0,124.34,0.0,124.34,Cash on Delivery,0
ORD101748,2024-06-19,CUST03107,New,West,Apparel,Denim Jacket,46.91,2,0,107.89,0.0,107.89,Debit Card,0
ORD103776,2024-06-19,CUST04773,New,South,Beauty & Personal Care,Hair Dryer,48.39,4,0,222.59,0.0,222.59,UPI,0
ORD103702,2024-06-19,CUST04978,New,West,Apparel,Winter Coat,30.55,4,0,140.53,0.0,140.53,Cash on Delivery,0
ORD104079,2024-06-19,CUST03971,New,East,Apparel,Denim Jacket,14.16,5,0,81.42,0.0,81.42,Cash on Delivery,0
ORD104848,2024-06-20,CUST03115,Returning,East,Apparel,Yoga Pants,56.94,3,0,196.44,0.0,196.44,UPI,0
ORD104618,2024-06-20,CUST02919,New,Central,Sports & Outdoors,Water Bottle,97.17,5,0,558.73,0.0,558.73,UPI,0
ORD105269,2024-06-20,CUST01460,New,West,Beauty & Personal Care,Skincare Kit,44.76,2,15,102.95,15.44,87.51,UPI,0
ORD101412,2024-06-20,CUST03122,Returning,West,Beauty & Personal Care,Perfume,81.1,6,0,559.59,0.0,559.59,Credit Card,0
ORD102373,2024-06-20,CUST04479,New,Central,Sports & Outdoors,Yoga Mat,173.08,3,0,597.13,0.0,597.13,Credit Card,0
ORD102357,2024-06-20,CUST04820,Returning,Central,Sports & Outdoors,Yoga Mat,25.32,7,0,203.83,0.0,203.83,Cash on Delivery,0
ORD101570,2024-06-20,CUST01503,Returning,West,Electronics,Smartphone Case,25.43,3,0,87.73,0.0,87.73,Debit Card,0
ORD100901,2024-06-20,CUST04254,New,West,Home & Kitchen,Coffee Maker,94.58,3,0,326.3,0.0,326.3,Cash on Delivery,0
ORD101849,2024-06-20,CUST01305,New,North,Apparel,Yoga Pants,10.03,4,10,46.14,4.61,41.53,Credit Card,0
ORD101151,2024-06-20,CUST01159,New,East,Home & Kitchen,Cookware Set,91.06,2,0,209.44,0.0,209.44,Net Banking,0
ORD104116,2024-06-20,CUST04986,New,West,Sports & Outdoors,Yoga Mat,44.93,3,0,155.01,0.0,155.01,UPI,0
ORD102991,2024-06-20,CUST02467,Returning,South,Sports & Outdoors,Cycling Helmet,79.96,4,0,367.82,0.0,367.82,Net Banking,0
ORD100384,2024-06-21,CUST01579,New,North,Electronics,Smart Watch,60.13,7,0,484.05,0.0,484.05,UPI,0
ORD104925,2024-06-21,CUST01655,New,West,Electronics,Smart Watch,183.21,2,15,421.38,63.21,358.17,Cash on Delivery,1
ORD101419,2024-06-21,CUST03831,New,East,Beauty & Personal Care,Perfume,19.28,4,20,88.69,17.74,70.95,Debit Card,0
ORD105979,2024-06-21,CUST01957,VIP,West,Home & Kitchen,Air Fryer,131.29,3,10,452.95,45.3,407.65,UPI,0
ORD101694,2024-06-21,CUST02158,New,East,Home & Kitchen,Coffee Maker,72.89,5,10,419.12,41.91,377.21,Credit Card,0
ORD102029,2024-06-21,CUST04161,Returning,South,Sports & Outdoors,Dumbbell Set,66.69,2,0,153.39,0.0,153.39,UPI,0
ORD102125,2024-06-22,CUST01277,VIP,South,Sports & Outdoors,Dumbbell Set,87.69,4,5,403.37,20.17,383.2,Cash on Delivery,1
ORD102247,2024-06-22,CUST03912,New,East,Home & Kitchen,Cookware Set,72.2,4,0,332.12,0.0,332.12,Debit Card,0
ORD101732,2024-06-22,CUST04174,New,West,Home & Kitchen,Air Fryer,117.2,3,20,404.34,80.87,323.47,Debit Card,0
ORD101711,2024-06-22,CUST04748,New,North,Electronics,Smart Watch,142.05,3,20,490.07,98.01,392.06,Debit Card,0
ORD103300,2024-06-23,CUST02441,New,West,Apparel,Denim Jacket,56.19,4,0,258.47,0.0,258.47,Credit Card,0
ORD104568,2024-06-23,CUST04004,VIP,North,Apparel,Yoga Pants,87.4,4,0,402.04,0.0,402.04,Debit Card,0
ORD103848,2024-06-23,CUST03123,New,East,Beauty & Personal Care,Electric Trimmer,68.18,6,5,470.44,23.52,446.92,Credit Card,0
ORD104991,2024-06-23,CUST01426,New,South,Electronics,Bluetooth Speaker,191.74,5,0,1102.5,0.0,1102.5,UPI,0
ORD103715,2024-06-23,CUST02207,Returning,East,Sports & Outdoors,Camping Tent,28.03,5,0,161.17,0.0,161.17,UPI,0
ORD103745,2024-06-23,CUST03713,Returning,North,Sports & Outdoors,Yoga Mat,128.54,1,0,147.82,0.0,147.82,Cash on Delivery,0
ORD103186,2024-06-23,CUST02389,VIP,North,Electronics,Wireless Earbuds,103.59,5,10,595.64,59.56,536.08,Credit Card,0
ORD100702,2024-06-23,CUST04644,New,North,Home & Kitchen,Cookware Set,110.5,2,5,254.15,12.71,241.44,Debit Card,0
ORD104780,2024-06-23,CUST04780,Returning,Central,Electronics,Power Bank,118.05,4,0,543.03,0.0,543.03,Net Banking,0
ORD105976,2024-06-23,CUST04998,VIP,East,Apparel,Denim Jacket,23.56,5,5,135.47,6.77,128.7,Debit Card,0
ORD102537,2024-06-23,CUST01131,Returning,South,Electronics,Power Bank,182.93,2,0,420.74,0.0,420.74,Net Banking,0
ORD104865,2024-06-23,CUST03759,New,South,Apparel,Yoga Pants,22.77,4,0,104.74,0.0,104.74,Cash on Delivery,0
ORD100151,2024-06-24,CUST04108,Returning,South,Sports & Outdoors,Dumbbell Set,31.72,4,0,145.91,0.0,145.91,Credit Card,0
ORD101562,2024-06-24,CUST03128,VIP,West,Home & Kitchen,Blender,30.78,3,5,106.19,5.31,100.88,UPI,0
ORD103777,2024-06-24,CUST04607,New,East,Electronics,Smartphone Case,56.28,2,0,129.44,0.0,129.44,Credit Card,1
ORD104622,2024-06-24,CUST01741,Returning,North,Electronics,Power Bank,58.88,6,5,406.27,20.31,385.96,Debit Card,0
ORD104715,2024-06-24,CUST01562,New,West,Home & Kitchen,Air Fryer,106.59,2,20,245.16,49.03,196.13,UPI,0
ORD104851,2024-06-24,CUST01859,New,South,Home & Kitchen,Cookware Set,45.0,3,5,155.25,7.76,147.49,UPI,0
ORD102620,2024-06-24,CUST02409,Returning,North,Home & Kitchen,Cookware Set,53.79,8,15,494.87,74.23,420.64,Net Banking,0
ORD105981,2024-06-24,CUST02169,New,East,Sports & Outdoors,Yoga Mat,35.13,3,0,121.2,0.0,121.2,Credit Card,0
ORD104647,2024-06-25,CUST01654,New,Central,Home & Kitchen,Cookware Set,78.78,5,0,452.98,0.0,452.98,Net Banking,0
ORD103549,2024-06-25,CUST01367,Returning,South,Electronics,Bluetooth Speaker,205.17,7,0,1651.62,0.0,1651.62,UPI,0
ORD100798,2024-06-25,CUST03946,New,West,Home & Kitchen,Coffee Maker,54.68,4,0,251.53,0.0,251.53,Debit Card,0
ORD104114,2024-06-25,CUST03281,New,West,Apparel,Denim Jacket,55.29,4,0,254.33,0.0,254.33,UPI,0
ORD102287,2024-06-25,CUST03518,VIP,Central,Home & Kitchen,Air Fryer,32.72,3,0,112.88,0.0,112.88,Debit Card,0
ORD102733,2024-06-25,CUST03396,New,West,Electronics,Smartphone Case,184.4,7,0,1484.42,0.0,1484.42,UPI,0
ORD103402,2024-06-25,CUST03069,New,North,Apparel,Denim Jacket,48.32,3,10,166.7,16.67,150.03,Credit Card,0
ORD103087,2024-06-25,CUST03726,Returning,East,Beauty & Personal Care,Face Serum,77.3,6,0,533.37,0.0,533.37,Cash on Delivery,0
ORD100946,2024-06-26,CUST03439,Returning,West,Sports & Outdoors,Water Bottle,31.89,3,20,110.02,22.0,88.02,Debit Card,0
ORD105373,2024-06-26,CUST04629,Returning,South,Beauty & Personal Care,Face Serum,42.74,5,0,245.75,0.0,245.75,Credit Card,0
ORD102382,2024-06-26,CUST04783,New,Central,Sports & Outdoors,Dumbbell Set,141.5,3,0,488.17,0.0,488.17,Debit Card,0
ORD102800,2024-06-26,CUST02623,New,West,Apparel,Cotton T-Shirt,86.14,4,10,396.24,39.62,356.62,UPI,0
ORD101777,2024-06-27,CUST03682,Returning,West,Home & Kitchen,Vacuum Cleaner,69.85,3,0,240.98,0.0,240.98,Debit Card,0
ORD105099,2024-06-27,CUST04758,New,North,Beauty & Personal Care,Electric Trimmer,89.76,4,5,412.9,20.64,392.26,UPI,0
ORD102595,2024-06-27,CUST04852,Returning,West,Apparel,Cotton T-Shirt,90.35,5,0,519.51,0.0,519.51,Credit Card,1
ORD104506,2024-06-27,CUST01674,New,South,Beauty & Personal Care,Hair Dryer,6.13,4,0,28.2,0.0,28.2,UPI,0
ORD103627,2024-06-27,CUST02332,New,East,Electronics,Wireless Earbuds,46.45,3,0,160.25,0.0,160.25,Net Banking,1
ORD102974,2024-06-27,CUST02503,New,South,Electronics,Smartphone Case,209.29,2,0,481.37,0.0,481.37,Credit Card,0
ORD104192,2024-06-27,CUST01529,New,Central,Beauty & Personal Care,Hair Dryer,63.35,4,10,291.41,29.14,262.27,Debit Card,0
ORD100500,2024-06-28,CUST02236,Returning,Central,Beauty & Personal Care,Face Serum,34.45,1,10,39.62,3.96,35.66,Debit Card,0
ORD103027,2024-06-29,CUST02605,Returning,Central,Apparel,Cotton T-Shirt,19.25,3,0,66.41,0.0,66.41,UPI,0
ORD100809,2024-06-29,CUST01673,New,South,Electronics,Bluetooth Speaker,210.64,4,0,968.94,0.0,968.94,UPI,0
ORD102474,2024-06-29,CUST02613,VIP,West,Beauty & Personal Care,Skincare Kit,63.08,4,5,290.17,14.51,275.66,Cash on Delivery,1
ORD101469,2024-06-29,CUST02848,VIP,South,Beauty & Personal Care,Face Serum,75.0,6,10,517.5,51.75,465.75,Debit Card,0
ORD103997,2024-06-29,CUST04901,VIP,West,Apparel,Winter Coat,55.8,7,15,449.19,67.38,381.81,UPI,0
ORD100845,2024-06-29,CUST03458,Returning,South,Electronics,Wireless Earbuds,198.04,7,0,1594.22,0.0,1594.22,Net Banking,0
ORD103085,2024-06-30,CUST02723,Returning,West,Electronics,Wireless Earbuds,180.21,4,5,828.97,41.45,787.52,Credit Card,0
ORD100128,2024-06-30,CUST02221,Returning,South,Beauty & Personal Care,Electric Trimmer,15.86,3,5,54.72,2.74,51.98,Debit Card,0
ORD100711,2024-06-30,CUST04648,New,South,Apparel,Denim Jacket,78.68,5,20,452.41,90.48,361.93,UPI,0
ORD105985,2024-06-30,CUST02399,New,West,Apparel,Denim Jacket,81.35,10,0,935.52,0.0,935.52,UPI,0
ORD103566,2024-06-30,CUST02252,Returning,East,Sports & Outdoors,Yoga Mat,23.12,4,0,106.35,0.0,106.35,Credit Card,1
ORD103537,2024-06-30,CUST04258,VIP,North,Apparel,Denim Jacket,96.78,2,0,222.59,0.0,222.59,UPI,0
ORD104519,2024-06-30,CUST04953,Returning,West,Apparel,Winter Coat,65.75,4,0,302.45,0.0,302.45,Credit Card,0
ORD100336,2024-06-30,CUST03766,Returning,East,Home & Kitchen,Vacuum Cleaner,146.38,3,0,505.01,0.0,505.01,Debit Card,0
ORD101013,2024-06-30,CUST02781,Returning,South,Home & Kitchen,Coffee Maker,49.33,6,15,340.38,51.06,289.32,Cash on Delivery,0
ORD102778,2024-06-30,CUST04891,New,South,Electronics,Power Bank,29.79,1,5,34.26,1.71,32.55,Debit Card,0
ORD104509,2024-07-01,CUST04744,VIP,West,Electronics,Wireless Earbuds,175.78,3,0,606.44,0.0,606.44,Net Banking,1
ORD102803,2024-07-01,CUST01091,New,East,Electronics,Wireless Earbuds,231.4,4,15,1064.44,159.67,904.77,UPI,0
ORD103974,2024-07-01,CUST01020,New,West,Apparel,Yoga Pants,101.95,2,5,234.48,11.72,222.76,UPI,0
ORD102269,2024-07-01,CUST03256,Returning,North,Sports & Outdoors,Cycling Helmet,139.22,3,5,480.31,24.02,456.29,Debit Card,0
ORD101259,2024-07-01,CUST01873,New,West,Electronics,Power Bank,132.41,5,15,761.36,114.2,647.16,Debit Card,0
ORD100949,2024-07-01,CUST01857,VIP,South,Electronics,Smart Watch,247.43,1,0,284.54,0.0,284.54,Credit Card,0
ORD101361,2024-07-01,CUST03933,VIP,North,Beauty & Personal Care,Perfume,87.65,3,5,302.39,15.12,287.27,Credit Card,0
ORD100541,2024-07-01,CUST03991,New,West,Apparel,Cotton T-Shirt,100.12,3,10,345.41,34.54,310.87,Credit Card,0
ORD103235,2024-07-02,CUST01342,Returning,North,Beauty & Personal Care,Hair Dryer,8.82,5,0,50.71,0.0,50.71,Credit Card,0
ORD105348,2024-07-02,CUST02605,New,West,Beauty & Personal Care,Perfume,64.17,3,0,221.39,0.0,221.39,Credit Card,0
ORD103406,2024-07-02,CUST03766,Returning,South,Beauty & Personal Care,Perfume,80.3,4,0,369.38,0.0,369.38,UPI,1
ORD103557,2024-07-02,CUST03151,Returning,West,Sports & Outdoors,Cycling Helmet,128.38,3,0,442.91,0.0,442.91,Credit Card,0
ORD103555,2024-07-02,CUST03807,Returning,West,Apparel,Yoga Pants,41.95,5,0,241.21,0.0,241.21,Net Banking,0
ORD101865,2024-07-02,CUST03866,Returning,North,Apparel,Winter Coat,97.87,5,5,562.75,28.14,534.61,Debit Card,0
ORD104458,2024-07-02,CUST04292,Returning,North,Electronics,Smart Watch,183.66,2,20,422.42,84.48,337.94,Debit Card,0
ORD104444,2024-07-02,CUST04407,New,West,Sports & Outdoors,Camping Tent,53.35,5,20,306.76,61.35,245.41,Credit Card,0
ORD102306,2024-07-03,CUST02332,New,West,Sports & Outdoors,Cycling Helmet,161.61,6,0,1115.11,0.0,1115.11,Credit Card,0
ORD100983,2024-07-03,CUST03887,VIP,South,Home & Kitchen,Cookware Set,22.69,4,0,104.37,0.0,104.37,Debit Card,0
ORD104807,2024-07-03,CUST02406,New,Central,Beauty & Personal Care,Face Serum,35.99,4,0,165.55,0.0,165.55,Debit Card,0
ORD101001,2024-07-03,CUST01694,New,East,Beauty & Personal Care,Face Serum,5.56,3,0,19.18,0.0,19.18,Net Banking,0
ORD102547,2024-07-03,CUST04278,New,Central,Home & Kitchen,Blender,136.21,5,0,783.21,0.0,783.21,UPI,0
ORD101067,2024-07-03,CUST04709,New,East,Sports & Outdoors,Water Bottle,35.14,2,0,80.82,0.0,80.82,Debit Card,0
ORD105654,2024-07-03,CUST04817,New,West,Electronics,Bluetooth Speaker,176.96,2,10,407.01,40.7,366.31,Credit Card,0
ORD105227,2024-07-03,CUST03585,New,South,Beauty & Personal Care,Face Serum,79.37,3,0,273.83,0.0,273.83,Debit Card,1
ORD103179,2024-07-03,CUST02662,Returning,South,Apparel,Yoga Pants,39.51,6,10,272.62,27.26,245.36,UPI,0
ORD103080,2024-07-03,CUST03395,Returning,West,Electronics,Bluetooth Speaker,182.67,5,0,1050.35,0.0,1050.35,UPI,0
ORD104422,2024-07-03,CUST03912,Returning,Central,Electronics,Smartphone Case,225.54,2,0,518.74,0.0,518.74,Net Banking,0
ORD101101,2024-07-03,CUST04367,VIP,West,Electronics,Power Bank,120.34,6,0,830.35,0.0,830.35,Credit Card,1
ORD100255,2024-07-04,CUST01383,New,East,Home & Kitchen,Vacuum Cleaner,47.97,5,20,275.83,55.17,220.66,Debit Card,0
ORD104125,2024-07-04,CUST03359,New,West,Electronics,Bluetooth Speaker,85.43,3,5,294.73,14.74,279.99,UPI,0
ORD101629,2024-07-04,CUST01661,VIP,North,Apparel,Denim Jacket,95.25,5,5,547.69,27.38,520.31,Cash on Delivery,0
ORD103241,2024-07-04,CUST02726,Returning,Central,Home & Kitchen,Blender,92.72,3,0,319.88,0.0,319.88,Debit Card,0
ORD100475,2024-07-04,CUST01273,Returning,East,Electronics,Smartphone Case,131.8,1,5,151.57,7.58,143.99,UPI,0
ORD103067,2024-07-04,CUST03962,Returning,West,Apparel,Cotton T-Shirt,52.74,4,0,242.6,0.0,242.6,Debit Card,0
ORD103299,2024-07-04,CUST02270,New,West,Beauty & Personal Care,Perfume,70.35,6,0,485.41,0.0,485.41,UPI,0
ORD105075,2024-07-04,CUST01367,New,East,Home & Kitchen,Blender,125.27,4,0,576.24,0.0,576.24,Credit Card,0
ORD100766,2024-07-04,CUST03117,VIP,Central,Electronics,Smart Watch,150.67,3,5,519.81,25.99,493.82,UPI,0
ORD105923,2024-07-04,CUST01025,Returning,South,Home & Kitchen,Cookware Set,72.54,5,5,417.11,20.86,396.25,Credit Card,0
ORD102418,2024-07-05,CUST04186,New,North,Sports & Outdoors,Water Bottle,56.25,2,15,129.38,19.41,109.97,Net Banking,0
ORD104050,2024-07-05,CUST02673,VIP,East,Home & Kitchen,Blender,161.05,3,15,555.62,83.34,472.28,UPI,0
ORD101292,2024-07-05,CUST03134,New,South,Sports & Outdoors,Yoga Mat,67.58,2,0,155.43,0.0,155.43,Net Banking,0
ORD105334,2024-07-05,CUST01762,Returning,West,Home & Kitchen,Coffee Maker,35.59,5,0,204.64,0.0,204.64,Credit Card,0
ORD105378,2024-07-05,CUST04007,VIP,West,Sports & Outdoors,Camping Tent,172.6,7,15,1389.43,208.41,1181.02,Credit Card,0
ORD101906,2024-07-05,CUST03475,Returning,East,Electronics,Bluetooth Speaker,29.06,4,0,133.68,0.0,133.68,Credit Card,0
ORD105754,2024-07-06,CUST02766,Returning,West,Home & Kitchen,Blender,155.84,5,0,896.08,0.0,896.08,Net Banking,1
ORD101823,2024-07-06,CUST02013,New,North,Electronics,Smartphone Case,66.28,3,0,228.67,0.0,228.67,Credit Card,0
ORD104060,2024-07-06,CUST01140,New,South,Apparel,Yoga Pants,88.05,4,0,405.03,0.0,405.03,UPI,0
ORD101787,2024-07-06,CUST03140,New,West,Apparel,Cotton T-Shirt,91.72,4,5,421.91,21.1,400.81,UPI,0
ORD103236,2024-07-06,CUST03551,Returning,West,Home & Kitchen,Cookware Set,130.24,3,0,449.33,0.0,449.33,Debit Card,0
ORD101918,2024-07-06,CUST02194,Returning,West,Apparel,Denim Jacket,19.61,3,0,67.65,0.0,67.65,UPI,0
ORD104322,2024-07-06,CUST04556,Returning,North,Apparel,Yoga Pants,59.7,4,0,274.62,0.0,274.62,Credit Card,0
ORD103716,2024-07-06,CUST02438,VIP,Central,Apparel,Yoga Pants,75.06,3,20,258.96,51.79,207.17,Cash on Delivery,0
ORD100139,2024-07-07,CUST01378,Returning,Central,Electronics,Smartphone Case,42.2,4,0,194.12,0.0,194.12,Credit Card,0
ORD102481,2024-07-07,CUST01488,New,West,Apparel,Cotton T-Shirt,63.8,5,0,366.85,0.0,366.85,Credit Card,0
ORD102230,2024-07-07,CUST01108,New,North,Electronics,Smart Watch,95.66,3,10,330.03,33.0,297.03,Credit Card,0
ORD100920,2024-07-07,CUST01144,VIP,West,Electronics,Power Bank,63.5,3,0,219.07,0.0,219.07,Debit Card,0
ORD102928,2024-07-07,CUST04562,New,East,Apparel,Winter Coat,68.74,3,0,237.15,0.0,237.15,Cash on Delivery,0
ORD103431,2024-07-07,CUST02697,Returning,South,Beauty & Personal Care,Face Serum,25.69,4,15,118.17,17.73,100.44,UPI,1
ORD105743,2024-07-07,CUST03794,Returning,South,Apparel,Running Shoes,70.79,5,15,407.04,61.06,345.98,Credit Card,1
ORD102483,2024-07-07,CUST01339,Returning,South,Electronics,Wireless Earbuds,149.26,2,0,343.3,0.0,343.3,Cash on Delivery,0
ORD102218,2024-07-07,CUST04030,Returning,West,Electronics,Smart Watch,45.44,4,0,209.02,0.0,209.02,Credit Card,0
ORD101056,2024-07-07,CUST04983,Returning,North,Beauty & Personal Care,Electric Trimmer,45.98,7,0,370.14,0.0,370.14,Debit Card,1
ORD102954,2024-07-07,CUST01239,Returning,East,Beauty & Personal Care,Electric Trimmer,39.35,2,5,90.5,4.53,85.97,UPI,0
ORD103808,2024-07-08,CUST04864,VIP,East,Electronics,Wireless Earbuds,229.42,7,0,1846.83,0.0,1846.83,Credit Card,0
ORD103224,2024-07-08,CUST01389,Returning,West,Electronics,Power Bank,212.02,2,0,487.65,0.0,487.65,Credit Card,0
ORD105607,2024-07-08,CUST02476,New,South,Beauty & Personal Care,Perfume,73.92,5,0,425.04,0.0,425.04,Net Banking,0
ORD104218,2024-07-08,CUST03193,New,West,Electronics,Wireless Earbuds,136.48,7,0,1098.66,0.0,1098.66,Credit Card,0
ORD105291,2024-07-09,CUST01710,Returning,Central,Electronics,Smartphone Case,15.17,6,15,104.67,15.7,88.97,Cash on Delivery,0
ORD100660,2024-07-09,CUST01138,VIP,Central,Apparel,Yoga Pants,17.38,3,0,59.96,0.0,59.96,Net Banking,0
ORD100509,2024-07-09,CUST02511,New,South,Beauty & Personal Care,Skincare Kit,25.02,3,0,86.32,0.0,86.32,Credit Card,0
ORD105833,2024-07-09,CUST03232,New,South,Electronics,Smart Watch,173.09,2,0,398.11,0.0,398.11,UPI,0
ORD105436,2024-07-09,CUST03696,VIP,North,Apparel,Winter Coat,103.91,4,10,477.99,47.8,430.19,Credit Card,0
ORD105838,2024-07-09,CUST03147,New,South,Home & Kitchen,Vacuum Cleaner,24.24,5,15,139.38,20.91,118.47,Cash on Delivery,0
ORD102820,2024-07-09,CUST01085,New,East,Apparel,Denim Jacket,10.61,4,0,48.81,0.0,48.81,UPI,0
ORD100165,2024-07-09,CUST02823,Returning,East,Apparel,Denim Jacket,95.26,7,0,766.84,0.0,766.84,Cash on Delivery,0
ORD100076,2024-07-09,CUST01767,VIP,North,Home & Kitchen,Blender,170.61,5,5,981.01,49.05,931.96,UPI,0
ORD101965,2024-07-09,CUST02776,Returning,North,Apparel,Denim Jacket,40.2,3,0,138.69,0.0,138.69,Credit Card,1
ORD104667,2024-07-10,CUST03661,New,West,Beauty & Personal Care,Perfume,83.74,2,0,192.6,0.0,192.6,Net Banking,0
ORD100160,2024-07-10,CUST03110,Returning,Central,Electronics,Smart Watch,200.4,6,0,1382.76,0.0,1382.76,Credit Card,0
ORD101609,2024-07-10,CUST04666,New,South,Electronics,Wireless Earbuds,95.97,3,0,331.1,0.0,331.1,UPI,1
ORD103391,2024-07-10,CUST01239,Returning,North,Beauty & Personal Care,Face Serum,23.26,4,5,107.0,5.35,101.65,UPI,0
ORD105119,2024-07-10,CUST04807,New,West,Electronics,Smart Watch,44.16,3,0,152.35,0.0,152.35,Debit Card,0
ORD105476,2024-07-10,CUST01762,Returning,North,Apparel,Running Shoes,34.66,2,15,79.72,11.96,67.76,Credit Card,0
ORD101620,2024-07-10,CUST01373,Returning,North,Beauty & Personal Care,Hair Dryer,81.37,3,0,280.73,0.0,280.73,Credit Card,0
ORD103249,2024-07-10,CUST02627,VIP,North,Sports & Outdoors,Cycling Helmet,33.94,2,0,78.06,0.0,78.06,UPI,0
ORD103248,2024-07-11,CUST01795,New,Central,Home & Kitchen,Blender,168.73,2,0,388.08,0.0,388.08,UPI,0
ORD100710,2024-07-11,CUST04217,Returning,East,Home & Kitchen,Air Fryer,162.9,3,0,562.0,0.0,562.0,Cash on Delivery,0
ORD101335,2024-07-11,CUST03203,New,South,Apparel,Yoga Pants,99.22,3,0,342.31,0.0,342.31,UPI,0
ORD103481,2024-07-11,CUST04611,New,North,Home & Kitchen,Cookware Set,176.01,1,0,202.41,0.0,202.41,Credit Card,0
ORD103764,2024-07-11,CUST03446,New,North,Apparel,Running Shoes,111.59,4,0,513.31,0.0,513.31,Credit Card,0
ORD103079,2024-07-11,CUST04027,Returning,North,Apparel,Yoga Pants,39.21,3,0,135.27,0.0,135.27,UPI,0
ORD105877,2024-07-11,CUST01021,Returning,North,Sports & Outdoors,Camping Tent,133.23,2,0,306.43,0.0,306.43,UPI,0
ORD103897,2024-07-11,CUST01964,Returning,Central,Home & Kitchen,Coffee Maker,52.78,2,0,121.39,0.0,121.39,UPI,0
ORD105831,2024-07-11,CUST02510,VIP,West,Apparel,Denim Jacket,20.44,6,0,141.04,0.0,141.04,Debit Card,1
ORD104539,2024-07-11,CUST04296,New,South,Home & Kitchen,Coffee Maker,120.6,3,5,416.07,20.8,395.27,UPI,0
ORD101750,2024-07-11,CUST04138,New,North,Electronics,Smart Watch,169.0,5,20,971.75,194.35,777.4,Credit Card,0
ORD104065,2024-07-11,CUST02021,New,East,Electronics,Smartphone Case,237.85,4,10,1094.11,109.41,984.7,Cash on Delivery,0
ORD103171,2024-07-12,CUST01538,Returning,Central,Home & Kitchen,Blender,72.74,3,10,250.95,25.1,225.85,Debit Card,0
ORD103363,2024-07-12,CUST01318,VIP,West,Sports & Outdoors,Water Bottle,79.6,4,0,366.16,0.0,366.16,Debit Card,0
ORD103471,2024-07-12,CUST01746,New,Central,Electronics,Bluetooth Speaker,119.98,7,20,965.84,193.17,772.67,Debit Card,0
ORD102759,2024-07-12,CUST04166,New,West,Sports & Outdoors,Water Bottle,178.83,4,0,822.62,0.0,822.62,Debit Card,0
ORD104263,2024-07-12,CUST01329,Returning,North,Electronics,Smartphone Case,146.9,3,10,506.81,50.68,456.13,Net Banking,0
ORD105999,2024-07-12,CUST04780,Returning,Central,Sports & Outdoors,Dumbbell Set,191.41,1,0,220.12,0.0,220.12,Cash on Delivery,1
ORD102950,2024-07-12,CUST01762,VIP,North,Electronics,Smartphone Case,78.44,2,0,180.41,0.0,180.41,Credit Card,0
ORD105713,2024-07-12,CUST01288,New,South,Beauty & Personal Care,Perfume,36.72,1,0,42.23,0.0,42.23,UPI,0
ORD100978,2024-07-12,CUST03454,New,North,Electronics,Wireless Earbuds,173.32,4,0,797.27,0.0,797.27,UPI,0
ORD103880,2024-07-12,CUST04788,Returning,West,Beauty & Personal Care,Perfume,79.13,4,20,364.0,72.8,291.2,UPI,0
ORD102161,2024-07-12,CUST01684,Returning,East,Apparel,Cotton T-Shirt,87.85,3,10,303.08,30.31,272.77,Credit Card,0
ORD104573,2024-07-12,CUST04588,New,South,Apparel,Denim Jacket,23.42,2,10,53.87,5.39,48.48,Debit Card,0
ORD104653,2024-07-13,CUST02138,New,East,Home & Kitchen,Coffee Maker,173.25,6,0,1195.42,0.0,1195.42,Debit Card,0
ORD103930,2024-07-13,CUST03048,Returning,West,Electronics,Wireless Earbuds,44.13,2,0,101.5,0.0,101.5,Credit Card,0
ORD103349,2024-07-13,CUST04677,VIP,South,Apparel,Cotton T-Shirt,37.56,2,0,86.39,0.0,86.39,Credit Card,0
ORD104598,2024-07-13,CUST03305,VIP,South,Electronics,Wireless Earbuds,212.83,4,10,979.02,97.9,881.12,Credit Card,0
ORD100448,2024-07-13,CUST02893,Returning,East,Electronics,Power Bank,169.95,7,10,1368.1,136.81,1231.29,Net Banking,0
ORD102495,2024-07-13,CUST01422,VIP,Central,Electronics,Wireless Earbuds,186.51,5,0,1072.43,0.0,1072.43,Net Banking,0
ORD104337,2024-07-13,CUST01071,New,North,Electronics,Bluetooth Speaker,56.01,5,5,322.06,16.1,305.96,Debit Card,0
ORD104353,2024-07-13,CUST03116,New,West,Electronics,Smartphone Case,85.19,8,0,783.75,0.0,783.75,UPI,0
ORD104145,2024-07-13,CUST04987,New,South,Sports & Outdoors,Camping Tent,167.0,4,0,768.2,0.0,768.2,UPI,0
ORD102243,2024-07-14,CUST03632,New,North,Apparel,Yoga Pants,30.15,5,10,173.36,17.34,156.02,Net Banking,0
ORD104183,2024-07-14,CUST03045,New,East,Beauty & Personal Care,Electric Trimmer,74.79,2,0,172.02,0.0,172.02,Credit Card,0
ORD100031,2024-07-14,CUST01826,New,South,Electronics,Bluetooth Speaker,16.21,2,5,37.28,1.86,35.42,Credit Card,0
ORD101187,2024-07-14,CUST01571,Returning,South,Beauty & Personal Care,Hair Dryer,42.19,1,0,48.52,0.0,48.52,Credit Card,0
ORD102335,2024-07-14,CUST04129,New,South,Electronics,Bluetooth Speaker,209.69,7,5,1688.0,84.4,1603.6,Debit Card,0
ORD102557,2024-07-14,CUST01190,VIP,East,Apparel,Winter Coat,14.77,2,0,33.97,0.0,33.97,Credit Card,0
ORD102903,2024-07-14,CUST02056,VIP,North,Beauty & Personal Care,Face Serum,44.6,4,0,205.16,0.0,205.16,Net Banking,0
ORD103657,2024-07-14,CUST04716,Returning,South,Electronics,Wireless Earbuds,189.78,2,0,436.49,0.0,436.49,Debit Card,0
ORD102194,2024-07-14,CUST03028,New,North,Beauty & Personal Care,Hair Dryer,55.75,4,0,256.45,0.0,256.45,Credit Card,0
ORD104690,2024-07-14,CUST01474,New,South,Home & Kitchen,Coffee Maker,84.26,6,0,581.39,0.0,581.39,Net Banking,0
ORD101886,2024-07-15,CUST01698,New,East,Electronics,Power Bank,138.0,2,10,317.4,31.74,285.66,UPI,0
ORD101743,2024-07-15,CUST01556,New,South,Electronics,Smart Watch,21.06,5,20,121.09,24.22,96.87,UPI,0
ORD104871,2024-07-15,CUST01280,Returning,Central,Beauty & Personal Care,Skincare Kit,35.83,3,5,123.61,6.18,117.43,Credit Card,0
ORD103147,2024-07-15,CUST01906,New,East,Apparel,Yoga Pants,26.1,8,0,240.12,0.0,240.12,Net Banking,0
ORD102625,2024-07-15,CUST02487,New,North,Home & Kitchen,Cookware Set,134.07,3,0,462.54,0.0,462.54,Debit Card,0
ORD100066,2024-07-15,CUST04924,New,Central,Home & Kitchen,Coffee Maker,138.51,2,20,318.57,63.71,254.86,UPI,0
ORD102252,2024-07-15,CUST01989,New,Central,Apparel,Running Shoes,27.9,3,10,96.25,9.62,86.63,Debit Card,1
ORD103295,2024-07-16,CUST03858,Returning,North,Electronics,Smart Watch,68.85,7,0,554.24,0.0,554.24,UPI,0
ORD100324,2024-07-16,CUST01582,New,West,Beauty & Personal Care,Hair Dryer,34.06,5,0,195.84,0.0,195.84,Credit Card,0
ORD102776,2024-07-16,CUST03067,Returning,North,Home & Kitchen,Cookware Set,30.34,3,0,104.67,0.0,104.67,UPI,0
ORD104153,2024-07-16,CUST02686,New,Central,Home & Kitchen,Coffee Maker,154.29,3,5,532.3,26.62,505.68,Credit Card,0
ORD100800,2024-07-16,CUST02324,New,North,Beauty & Personal Care,Face Serum,21.29,2,5,48.97,2.45,46.52,Credit Card,0
ORD103398,2024-07-16,CUST01743,New,North,Apparel,Running Shoes,90.53,5,0,520.55,0.0,520.55,Credit Card,0
ORD100040,2024-07-16,CUST02622,New,East,Beauty & Personal Care,Perfume,57.81,3,20,199.44,39.89,159.55,Debit Card,0
ORD105950,2024-07-16,CUST04531,Returning,North,Sports & Outdoors,Camping Tent,59.58,2,10,137.03,13.7,123.33,UPI,0
ORD103435,2024-07-16,CUST02139,New,West,Beauty & Personal Care,Electric Trimmer,50.66,5,15,291.29,43.69,247.6,UPI,0
ORD104869,2024-07-16,CUST02357,Returning,West,Apparel,Cotton T-Shirt,16.35,2,5,37.6,1.88,35.72,UPI,0
ORD102538,2024-07-16,CUST02181,Returning,East,Electronics,Smart Watch,100.62,3,15,347.14,52.07,295.07,Debit Card,0
ORD101520,2024-07-17,CUST04971,VIP,Central,Electronics,Smartphone Case,205.17,4,0,943.78,0.0,943.78,Credit Card,0
ORD100144,2024-07-17,CUST03862,Returning,North,Apparel,Running Shoes,19.84,4,0,91.26,0.0,91.26,UPI,0
ORD104975,2024-07-17,CUST01509,Returning,West,Home & Kitchen,Coffee Maker,79.99,6,10,551.93,55.19,496.74,Credit Card,0
ORD102475,2024-07-17,CUST03021,VIP,West,Beauty & Personal Care,Perfume,72.43,3,0,249.88,0.0,249.88,Credit Card,0
ORD105374,2024-07-17,CUST01720,Returning,West,Apparel,Yoga Pants,76.28,3,0,263.17,0.0,263.17,UPI,0
ORD103874,2024-07-17,CUST01481,New,West,Home & Kitchen,Vacuum Cleaner,62.79,1,0,72.21,0.0,72.21,Credit Card,0
ORD102123,2024-07-17,CUST01425,New,South,Beauty & Personal Care,Skincare Kit,36.68,4,5,168.73,8.44,160.29,UPI,0
ORD100570,2024-07-17,CUST03628,Returning,West,Apparel,Yoga Pants,49.72,8,0,457.42,0.0,457.42,Debit Card,0
ORD100201,2024-07-17,CUST04399,VIP,East,Electronics,Smart Watch,190.25,1,0,218.79,0.0,218.79,Net Banking,0
ORD103634,2024-07-17,CUST02936,Returning,North,Apparel,Cotton T-Shirt,85.57,3,5,295.22,14.76,280.46,UPI,0
ORD103612,2024-07-18,CUST03552,Returning,North,Home & Kitchen,Coffee Maker,27.45,7,10,220.97,22.1,198.87,Credit Card,0
ORD103760,2024-07-18,CUST04472,New,North,Apparel,Cotton T-Shirt,18.75,2,0,43.12,0.0,43.12,UPI,0
ORD100056,2024-07-18,CUST03511,Returning,West,Apparel,Winter Coat,57.71,9,0,597.3,0.0,597.3,Debit Card,0
ORD100580,2024-07-18,CUST02651,New,West,Home & Kitchen,Blender,75.92,7,5,611.16,30.56,580.6,Cash on Delivery,0
ORD104244,2024-07-18,CUST03756,New,East,Sports & Outdoors,Camping Tent,159.76,4,20,734.9,146.98,587.92,UPI,0
ORD100746,2024-07-18,CUST01097,Returning,West,Sports & Outdoors,Water Bottle,79.21,5,0,455.46,0.0,455.46,UPI,0
ORD105168,2024-07-18,CUST03515,Returning,East,Apparel,Denim Jacket,67.23,2,5,154.63,7.73,146.9,Debit Card,0
ORD100070,2024-07-19,CUST03880,VIP,Central,Sports & Outdoors,Dumbbell Set,142.57,4,10,655.82,65.58,590.24,UPI,0
ORD105960,2024-07-19,CUST03304,Returning,South,Sports & Outdoors,Water Bottle,15.74,4,5,72.4,3.62,68.78,Credit Card,0
ORD100366,2024-07-19,CUST01459,New,East,Home & Kitchen,Cookware Set,66.01,2,0,151.82,0.0,151.82,Debit Card,0
ORD103890,2024-07-19,CUST04352,VIP,West,Apparel,Yoga Pants,14.38,3,0,49.61,0.0,49.61,UPI,0
ORD103529,2024-07-19,CUST02269,Returning,Central,Sports & Outdoors,Water Bottle,196.84,6,0,1358.2,0.0,1358.2,UPI,0
ORD100215,2024-07-19,CUST01185,New,Central,Sports & Outdoors,Camping Tent,100.71,6,0,694.9,0.0,694.9,Net Banking,0
ORD104094,2024-07-19,CUST02327,New,Central,Electronics,Bluetooth Speaker,96.02,4,0,441.69,0.0,441.69,Credit Card,0
ORD102679,2024-07-19,CUST01641,VIP,West,Home & Kitchen,Cookware Set,82.21,4,5,378.17,18.91,359.26,Credit Card,0
ORD103633,2024-07-19,CUST03516,Returning,South,Home & Kitchen,Cookware Set,37.46,5,15,215.4,32.31,183.09,UPI,0
ORD105870,2024-07-19,CUST01790,New,East,Beauty & Personal Care,Face Serum,22.87,6,0,157.8,0.0,157.8,UPI,0
ORD100683,2024-07-19,CUST03840,Returning,East,Electronics,Wireless Earbuds,82.42,4,0,379.13,0.0,379.13,Credit Card,0
ORD102949,2024-07-20,CUST01187,Returning,East,Sports & Outdoors,Yoga Mat,118.94,5,15,683.9,102.58,581.32,UPI,0
ORD105159,2024-07-20,CUST01344,New,Central,Home & Kitchen,Coffee Maker,38.28,5,0,220.11,0.0,220.11,UPI,0
ORD101138,2024-07-20,CUST04365,New,Central,Beauty & Personal Care,Hair Dryer,31.05,4,0,142.83,0.0,142.83,Credit Card,0
ORD104507,2024-07-20,CUST01441,VIP,West,Electronics,Smart Watch,38.1,6,0,262.89,0.0,262.89,Debit Card,0
ORD103608,2024-07-20,CUST02111,New,East,Home & Kitchen,Coffee Maker,54.99,6,10,379.43,37.94,341.49,Debit Card,0
ORD101854,2024-07-20,CUST04677,New,North,Sports & Outdoors,Water Bottle,124.59,5,15,716.39,107.46,608.93,Debit Card,0
ORD103983,2024-07-20,CUST02010,New,South,Home & Kitchen,Blender,110.34,1,0,126.89,0.0,126.89,Credit Card,0
ORD100041,2024-07-20,CUST02858,Returning,South,Beauty & Personal Care,Face Serum,42.76,5,10,245.87,24.59,221.28,Debit Card,0
ORD104881,2024-07-20,CUST04437,New,North,Electronics,Smartphone Case,143.74,2,0,330.6,0.0,330.6,UPI,0
ORD103687,2024-07-21,CUST01987,VIP,East,Electronics,Power Bank,195.24,2,20,449.05,89.81,359.24,Credit Card,0
ORD104987,2024-07-21,CUST01543,New,North,Electronics,Wireless Earbuds,25.12,2,0,57.78,0.0,57.78,Cash on Delivery,0
ORD101594,2024-07-21,CUST04020,New,North,Beauty & Personal Care,Skincare Kit,38.18,4,15,175.63,26.34,149.29,Credit Card,0
ORD105204,2024-07-21,CUST02799,VIP,Central,Apparel,Running Shoes,27.04,3,10,93.29,9.33,83.96,UPI,0
ORD104446,2024-07-21,CUST01082,VIP,West,Home & Kitchen,Vacuum Cleaner,103.56,2,0,238.19,0.0,238.19,Credit Card,0
ORD103361,2024-07-21,CUST02775,Returning,West,Sports & Outdoors,Cycling Helmet,156.76,3,0,540.82,0.0,540.82,UPI,0
ORD103879,2024-07-22,CUST04173,Returning,West,Beauty & Personal Care,Electric Trimmer,75.62,4,0,347.85,0.0,347.85,Credit Card,0
ORD104283,2024-07-22,CUST04442,Returning,East,Electronics,Smartphone Case,144.54,5,0,831.1,0.0,831.1,Credit Card,0
ORD105779,2024-07-22,CUST01370,Returning,Central,Home & Kitchen,Air Fryer,103.93,4,5,478.08,23.9,454.18,Net Banking,0
ORD104251,2024-07-22,CUST02584,VIP,North,Beauty & Personal Care,Perfume,77.49,4,0,356.45,0.0,356.45,Net Banking,0
ORD102799,2024-07-22,CUST01387,Returning,West,Home & Kitchen,Cookware Set,90.94,6,0,627.49,0.0,627.49,Debit Card,0
ORD100583,2024-07-22,CUST04496,Returning,East,Home & Kitchen,Air Fryer,50.7,-1,0,233.22,0.0,233.22,UPI,0
ORD101398,2024-07-22,CUST03556,Returning,East,Apparel,Yoga Pants,95.64,3,0,329.96,0.0,329.96,Credit Card,0
ORD101724,2024-07-23,CUST03620,New,West,Home & Kitchen,Coffee Maker,139.78,4,20,642.99,128.6,514.39,UPI,0
ORD100367,2024-07-23,CUST01702,Returning,West,Apparel,Winter Coat,87.87,5,0,505.25,0.0,505.25,Cash on Delivery,0
ORD100408,2024-07-23,CUST01324,New,South,Electronics,Wireless Earbuds,117.14,3,10,404.13,40.41,363.72,UPI,0
ORD104970,2024-07-23,CUST02862,Returning,West,Beauty & Personal Care,Electric Trimmer,89.56,4,0,411.98,0.0,411.98,Debit Card,0
ORD104449,2024-07-23,CUST04301,New,South,Sports & Outdoors,Water Bottle,68.95,4,0,317.17,0.0,317.17,Debit Card,0
ORD101693,2024-07-23,CUST01010,New,East,Apparel,Yoga Pants,75.27,3,10,259.68,25.97,233.71,Cash on Delivery,0
ORD105419,2024-07-23,CUST02925,VIP,North,Home & Kitchen,Cookware Set,31.95,5,0,183.71,0.0,183.71,Credit Card,0
ORD104292,2024-07-23,CUST04292,Returning,East,Apparel,Cotton T-Shirt,82.82,6,0,571.46,0.0,571.46,Cash on Delivery,0
ORD105241,2024-07-23,CUST02136,New,North,Beauty & Personal Care,Hair Dryer,67.9,3,0,234.25,0.0,234.25,UPI,0
ORD102898,2024-07-24,CUST04656,VIP,North,Apparel,Cotton T-Shirt,94.47,2,0,217.28,0.0,217.28,UPI,0
ORD104716,2024-07-24,CUST01445,VIP,East,Sports & Outdoors,Water Bottle,62.1,5,15,357.07,53.56,303.51,UPI,0
ORD101605,2024-07-24,CUST04015,Returning,South,Beauty & Personal Care,Hair Dryer,28.99,5,0,166.69,0.0,166.69,Debit Card,0
ORD101606,2024-07-24,CUST01576,New,North,Home & Kitchen,Air Fryer,173.67,4,5,798.88,39.94,758.94,UPI,0
ORD101417,2024-07-24,CUST01143,Returning,South,Home & Kitchen,Coffee Maker,140.04,5,15,805.23,120.78,684.45,Credit Card,0
ORD105427,2024-07-24,CUST03903,Returning,South,Electronics,Smartphone Case,189.2,6,0,1305.48,0.0,1305.48,Cash on Delivery,1
ORD104890,2024-07-24,CUST04894,New,North,Home & Kitchen,Coffee Maker,105.14,3,10,362.73,36.27,326.46,Credit Card,0
ORD103852,2024-07-24,CUST01693,VIP,North,Apparel,Winter Coat,23.94,5,0,137.66,0.0,137.66,Cash on Delivery,0
ORD103946,2024-07-24,CUST02081,Returning,Central,Apparel,Denim Jacket,112.6,5,0,647.45,0.0,647.45,Credit Card,0
ORD103238,2024-07-24,CUST02784,New,West,Electronics,Bluetooth Speaker,119.87,5,20,689.25,137.85,551.4,Net Banking,0
ORD101521,2024-07-24,CUST01920,New,South,Apparel,Yoga Pants,37.99,3,5,131.07,6.55,124.52,Credit Card,0
ORD105354,2024-07-24,CUST02717,New,North,Electronics,Power Bank,166.02,4,0,763.69,0.0,763.69,Debit Card,0
ORD104133,2024-07-24,CUST03023,New,West,Apparel,Cotton T-Shirt,69.33,5,0,398.65,0.0,398.65,Cash on Delivery,0
ORD102988,2024-07-24,CUST01053,Returning,North,Electronics,Smartphone Case,27.33,5,15,157.15,23.57,133.58,Credit Card,0
ORD100267,2024-07-25,CUST03537,New,West,Home & Kitchen,Vacuum Cleaner,82.99,2,0,190.88,0.0,190.88,Debit Card,1
ORD100418,2024-07-25,CUST03228,New,Central,Apparel,Cotton T-Shirt,43.07,6,0,297.18,0.0,297.18,Credit Card,0
ORD101017,2024-07-25,CUST01642,VIP,North,Sports & Outdoors,Camping Tent,33.0,2,20,75.9,15.18,60.72,Cash on Delivery,0
ORD103008,2024-07-25,CUST04668,New,West,Electronics,Bluetooth Speaker,86.49,5,15,497.32,74.6,422.72,UPI,0
ORD104681,2024-07-25,CUST03606,New,East,Electronics,Power Bank,201.7,1,5,231.95,11.6,220.35,UPI,0
ORD101658,2024-07-25,CUST01777,VIP,South,Beauty & Personal Care,Skincare Kit,10.34,4,20,47.56,9.51,38.05,Credit Card,0
ORD105488,2024-07-25,CUST03952,VIP,North,Sports & Outdoors,Dumbbell Set,27.77,6,5,191.61,9.58,182.03,Debit Card,0
ORD102494,2024-07-25,CUST02631,New,South,Electronics,Bluetooth Speaker,105.32,5,0,605.59,0.0,605.59,UPI,0
ORD103583,2024-07-26,CUST04423,New,Central,Beauty & Personal Care,Face Serum,16.34,5,15,93.95,14.09,79.86,Credit Card,0
ORD100858,2024-07-26,CUST02867,New,East,Apparel,Yoga Pants,113.87,11,0,1440.46,0.0,1440.46,UPI,0
ORD102869,2024-07-26,CUST02800,New,West,Apparel,Denim Jacket,107.73,8,15,991.12,148.67,842.45,Debit Card,0
ORD102868,2024-07-26,CUST02902,Returning,East,Electronics,Smart Watch,169.94,3,0,586.29,0.0,586.29,Net Banking,0
ORD104472,2024-07-26,CUST03411,Returning,North,Apparel,Running Shoes,59.65,3,0,205.79,0.0,205.79,Net Banking,1
ORD105342,2024-07-26,CUST01353,Returning,South,Home & Kitchen,Air Fryer,27.79,5,0,159.79,0.0,159.79,Debit Card,0
ORD103894,2024-07-26,CUST03549,VIP,East,Apparel,Cotton T-Shirt,92.54,7,5,744.95,37.25,707.7,Cash on Delivery,0
ORD101543,2024-07-26,CUST01913,Returning,West,Electronics,Wireless Earbuds,95.34,4,15,438.56,65.78,372.78,Debit Card,0
ORD104850,2024-07-26,CUST01564,VIP,East,Electronics,Power Bank,103.31,2,0,237.61,0.0,237.61,Credit Card,0
ORD103201,2024-07-26,CUST02815,Returning,East,Electronics,Smart Watch,140.08,4,0,644.37,0.0,644.37,Cash on Delivery,0
ORD104857,2024-07-26,CUST04659,Returning,Central,Home & Kitchen,Cookware Set,178.76,3,0,616.72,0.0,616.72,Debit Card,0
ORD104815,2024-07-26,CUST01581,Returning,Central,Home & Kitchen,Cookware Set,103.24,3,0,356.18,0.0,356.18,Credit Card,0
ORD102768,2024-07-26,CUST02712,New,West,Apparel,Winter Coat,58.26,3,0,201.0,0.0,201.0,Debit Card,0
ORD101028,2024-07-27,CUST04430,New,South,Electronics,Smart Watch,23.92,5,0,137.54,0.0,137.54,Net Banking,0
ORD104729,2024-07-27,CUST04638,New,South,Beauty & Personal Care,Electric Trimmer,80.41,10,20,924.71,184.94,739.77,Credit Card,0
ORD100960,2024-07-27,CUST04790,Returning,South,Sports & Outdoors,Dumbbell Set,169.29,6,5,1168.1,58.4,1109.7,Debit Card,0
ORD104615,2024-07-27,CUST02679,New,East,Home & Kitchen,Air Fryer,103.1,5,0,592.82,0.0,592.82,UPI,0
ORD100161,2024-07-27,CUST02513,New,West,Home & Kitchen,Air Fryer,149.5,2,0,343.85,0.0,343.85,Debit Card,1
ORD104286,2024-07-27,CUST01037,New,West,Beauty & Personal Care,Electric Trimmer,37.86,3,5,130.62,6.53,124.09,Net Banking,0
ORD103901,2024-07-27,CUST03017,New,West,Electronics,Smartphone Case,67.8,4,0,311.88,0.0,311.88,Net Banking,0
ORD102432,2024-07-27,CUST01403,New,West,Apparel,Yoga Pants,93.75,6,20,646.88,129.38,517.5,Credit Card,0
ORD104678,2024-07-27,CUST02341,VIP,south,Apparel,Cotton T-Shirt,69.96,4,10,321.82,32.18,289.64,UPI,0
ORD100123,2024-07-27,CUST03509,VIP,North,Home & Kitchen,Blender,60.45,2,15,139.03,20.85,118.18,UPI,0
ORD102444,2024-07-27,CUST01491,New,East,Home & Kitchen,Vacuum Cleaner,124.98,4,0,574.91,0.0,574.91,Cash on Delivery,0
ORD103319,2024-07-27,CUST04479,New,West,Beauty & Personal Care,Electric Trimmer,71.93,5,15,413.6,62.04,351.56,Credit Card,0
ORD102045,2024-07-28,CUST03734,New,East,Home & Kitchen,Coffee Maker,90.84,8,5,835.73,41.79,793.94,Debit Card,0
ORD100403,2024-07-28,CUST03786,New,East,Sports & Outdoors,Camping Tent,32.2,4,5,148.12,7.41,140.71,Net Banking,0
ORD105439,2024-07-28,CUST01761,New,North,Beauty & Personal Care,Electric Trimmer,62.11,2,0,142.85,0.0,142.85,UPI,0
ORD100142,2024-07-28,CUST04584,Returning,Central,Electronics,Smart Watch,171.82,3,0,592.78,0.0,592.78,Net Banking,0
ORD103515,2024-07-28,CUST04370,VIP,Central,Electronics,Smart Watch,71.57,7,0,576.14,0.0,576.14,Debit Card,0
ORD105604,2024-07-28,CUST01982,New,Central,Apparel,Yoga Pants,69.37,4,20,319.1,63.82,255.28,Cash on Delivery,0
ORD104405,2024-07-28,CUST02805,Returning,East,Beauty & Personal Care,Perfume,55.6,6,5,383.64,19.18,364.46,Debit Card,0
ORD101042,2024-07-28,CUST03587,VIP,West,Beauty & Personal Care,Electric Trimmer,59.64,4,10,274.34,27.43,246.91,Debit Card,0
ORD104182,2024-07-28,CUST01683,New,North,Sports & Outdoors,Water Bottle,77.78,2,0,178.89,0.0,178.89,Credit Card,0
ORD101149,2024-07-28,CUST04294,New,North,Apparel,Yoga Pants,40.33,6,0,278.28,0.0,278.28,UPI,0
ORD102979,2024-07-28,CUST04604,VIP,North,Beauty & Personal Care,Perfume,32.32,3,0,111.5,0.0,111.5,UPI,0
ORD101524,2024-07-28,CUST02490,New,Central,Beauty & Personal Care,Skincare Kit,85.23,4,0,392.06,0.0,392.06,Credit Card,0
ORD104783,2024-07-28,CUST04977,New,East,Home & Kitchen,Cookware Set,37.78,6,0,260.68,0.0,260.68,UPI,0
ORD103145,2024-07-29,CUST03287,New,North,Sports & Outdoors,Water Bottle,116.47,4,0,535.76,0.0,535.76,Debit Card,0
ORD103374,2024-07-29,CUST04300,Returning,West,Home & Kitchen,Air Fryer,168.79,4,5,776.43,38.82,737.61,Debit Card,0
ORD101336,2024-07-29,CUST03409,Returning,Central,Electronics,Wireless Earbuds,123.1,3,0,424.69,0.0,424.69,Net Banking,0
ORD101955,2024-07-29,CUST03204,New,Central,Home & Kitchen,Coffee Maker,35.62,6,0,245.78,0.0,245.78,Cash on Delivery,1
ORD104725,2024-07-29,CUST03939,New,East,Electronics,Bluetooth Speaker,99.65,6,0,687.59,0.0,687.59,UPI,0
ORD105577,2024-07-29,CUST03451,New,North,Sports & Outdoors,Cycling Helmet,186.26,6,0,1285.19,0.0,1285.19,UPI,0
ORD103674,2024-07-30,CUST04162,New,West,Electronics,Smart Watch,178.53,6,10,1231.86,123.19,1108.67,UPI,0
ORD101490,2024-07-30,CUST03658,Returning,West,Sports & Outdoors,Yoga Mat,161.08,4,0,740.97,0.0,740.97,Credit Card,0
ORD100505,2024-07-30,CUST01108,New,North,Beauty & Personal Care,Hair Dryer,57.15,2,0,131.44,0.0,131.44,Credit Card,0
ORD102882,2024-07-30,CUST02966,VIP,West,Beauty & Personal Care,Skincare Kit,62.07,5,0,356.9,0.0,356.9,UPI,0
ORD105937,2024-07-30,CUST01775,Returning,North,Home & Kitchen,Air Fryer,107.97,3,5,372.5,18.62,353.88,UPI,0
ORD105771,2024-07-31,CUST01144,Returning,South,Home & Kitchen,Cookware Set,109.87,4,0,505.4,0.0,505.4,Credit Card,0
ORD102352,2024-07-31,CUST02366,Returning,South,Electronics,Smart Watch,220.58,6,0,1522.0,0.0,1522.0,UPI,0
ORD102313,2024-07-31,CUST01982,Returning,East,Home & Kitchen,Vacuum Cleaner,158.12,3,0,545.51,0.0,545.51,UPI,0
ORD101894,2024-07-31,CUST03106,New,North,Apparel,Running Shoes,89.64,4,0,412.34,0.0,412.34,UPI,0
ORD100782,2024-07-31,CUST01809,New,East,Electronics,Smartphone Case,125.15,3,20,431.77,86.35,345.42,Credit Card,0
ORD105307,2024-07-31,CUST04320,Returning,West,Sports & Outdoors,Yoga Mat,122.26,6,15,843.59,126.54,717.05,UPI,0
ORD100158,2024-07-31,CUST02893,New,South,Home & Kitchen,Cookware Set,77.62,2,0,178.53,0.0,178.53,Credit Card,0
ORD101053,2024-08-01,CUST04058,Returning,North,Beauty & Personal Care,Skincare Kit,49.67,3,5,171.36,8.57,162.79,UPI,0
ORD103551,2024-08-01,CUST02010,VIP,East,Apparel,Denim Jacket,79.09,5,10,454.77,45.48,409.29,Net Banking,0
ORD103189,2024-08-01,CUST04073,Returning,Central,Electronics,Bluetooth Speaker,72.68,5,0,417.91,0.0,417.91,Credit Card,0
ORD103054,2024-08-01,CUST01859,Returning,Central,Home & Kitchen,Vacuum Cleaner,159.93,4,5,735.68,36.78,698.9,Debit Card,0
ORD101234,2024-08-01,CUST02617,Returning,North,Electronics,Smart Watch,140.65,4,5,646.99,32.35,614.64,Debit Card,0
ORD103389,2024-08-01,CUST02004,VIP,East,Home & Kitchen,Air Fryer,68.58,6,0,473.2,0.0,473.2,UPI,0
ORD105271,2024-08-01,CUST02353,Returning,North,Apparel,Denim Jacket,20.07,6,5,138.48,6.92,131.56,Credit Card,0
ORD105232,2024-08-02,CUST03193,Returning,West,Home & Kitchen,Coffee Maker,43.56,3,10,150.28,15.03,135.25,UPI,0
ORD100305,2024-08-02,CUST02004,VIP,East,Electronics,Bluetooth Speaker,184.26,4,0,847.6,0.0,847.6,Credit Card,0
ORD102227,2024-08-02,CUST01441,Returning,North,Home & Kitchen,Air Fryer,92.44,7,0,744.14,0.0,744.14,Credit Card,0
ORD102180,2024-08-02,CUST02418,New,North,Apparel,Denim Jacket,104.08,1,0,119.69,0.0,119.69,Credit Card,0
ORD104035,2024-08-02,CUST02894,Returning,West,Electronics,Wireless Earbuds,78.25,6,10,539.92,53.99,485.93,Cash on Delivery,0
ORD101555,2024-08-02,CUST01434,Returning,West,Beauty & Personal Care,Electric Trimmer,38.68,8,0,355.86,0.0,355.86,Debit Card,0
ORD103928,2024-08-02,CUST03203,Returning,East,Sports & Outdoors,Dumbbell Set,196.96,5,0,1132.52,0.0,1132.52,UPI,0
ORD102375,2024-08-02,CUST04430,Returning,East,Sports & Outdoors,Camping Tent,187.1,5,0,1075.82,0.0,1075.82,Credit Card,0
ORD100906,2024-08-02,CUST04974,Returning,West,Electronics,Smartphone Case,161.36,3,15,556.69,83.5,473.19,UPI,0
ORD105676,2024-08-02,CUST01243,New,South,Electronics,Power Bank,175.4,4,0,806.84,0.0,806.84,Credit Card,0
ORD102192,2024-08-03,CUST03187,New,North,Apparel,Denim Jacket,11.48,1,5,13.2,0.66,12.54,UPI,0
ORD102508,2024-08-03,CUST03044,VIP,South,Home & Kitchen,Coffee Maker,157.6,5,0,906.2,0.0,906.2,UPI,0
ORD100456,2024-08-03,CUST04016,New,West,Electronics,Bluetooth Speaker,174.94,4,0,804.72,0.0,804.72,Net Banking,0
ORD101005,2024-08-03,CUST02077,New,Central,Home & Kitchen,Air Fryer,56.53,2,20,130.02,26.0,104.02,Debit Card,0
ORD104088,2024-08-03,CUST03748,New,North,Beauty & Personal Care,Perfume,41.81,3,0,144.24,0.0,144.24,Cash on Delivery,0
ORD102780,2024-08-03,CUST01332,VIP,East,Beauty & Personal Care,Skincare Kit,67.15,4,0,308.89,0.0,308.89,Cash on Delivery,1
ORD102849,2024-08-03,CUST01204,Returning,Central,Home & Kitchen,Vacuum Cleaner,149.13,4,0,686.0,0.0,686.0,Debit Card,0
ORD103925,2024-08-04,CUST03985,New,West,Beauty & Personal Care,Electric Trimmer,35.99,4,0,165.55,0.0,165.55,Credit Card,0
ORD104175,2024-08-04,CUST03511,New,South,Apparel,Running Shoes,33.43,1,10,38.44,3.84,34.6,Cash on Delivery,0
ORD105655,2024-08-04,CUST04792,Returning,South,Home & Kitchen,Vacuum Cleaner,155.13,5,5,892.0,44.6,847.4,UPI,0
ORD102787,2024-08-04,CUST01286,Returning,West,Beauty & Personal Care,Electric Trimmer,20.25,7,0,163.01,0.0,163.01,Net Banking,0
ORD102819,2024-08-04,CUST03136,Returning,North,Beauty & Personal Care,Face Serum,46.6,7,0,375.13,0.0,375.13,UPI,0
ORD103483,2024-08-04,CUST04630,New,North,Electronics,Wireless Earbuds,198.07,4,5,911.12,45.56,865.56,Net Banking,0
ORD103489,2024-08-04,CUST01333,VIP,North,Home & Kitchen,Air Fryer,132.86,7,0,1069.52,0.0,1069.52,Credit Card,0
ORD100935,2024-08-04,CUST03687,Returning,Central,Sports & Outdoors,Camping Tent,178.53,7,5,1437.17,71.86,1365.31,Debit Card,0
ORD104304,2024-08-05,CUST04359,New,North,Apparel,Running Shoes,98.23,6,0,677.79,0.0,677.79,Debit Card,0
ORD102148,2024-08-05,CUST04661,New,West,Beauty & Personal Care,Perfume,21.3,4,0,97.98,0.0,97.98,Credit Card,0
ORD102710,2024-08-05,CUST01901,Returning,West,Home & Kitchen,Blender,165.77,4,5,762.54,38.13,724.41,Cash on Delivery,0
ORD104717,2024-08-05,CUST04334,Returning,South,Electronics,Smartphone Case,118.96,5,0,684.02,0.0,684.02,UPI,0
ORD105477,2024-08-05,CUST01301,Returning,Central,Electronics,Power Bank,52.8,3,0,182.16,0.0,182.16,Credit Card,0
ORD103578,2024-08-06,CUST04288,New,East,Home & Kitchen,Blender,120.6,3,20,416.07,83.21,332.86,UPI,0
ORD103195,2024-08-06,CUST03766,New,North,Home & Kitchen,Coffee Maker,45.76,3,15,157.87,23.68,134.19,Cash on Delivery,1
ORD102655,2024-08-06,CUST03569,New,South,Beauty & Personal Care,Electric Trimmer,31.58,5,5,181.58,9.08,172.5,UPI,0
ORD102174,2024-08-06,CUST02094,New,North,Electronics,Smart Watch,97.65,5,0,561.49,0.0,561.49,Credit Card,0
ORD101764,2024-08-06,CUST01710,New,North,Electronics,Power Bank,214.23,1,5,246.36,12.32,234.04,Debit Card,0
ORD103255,2024-08-06,CUST03542,New,South,Electronics,Wireless Earbuds,93.97,6,0,648.39,0.0,648.39,Debit Card,0
ORD101522,2024-08-06,CUST01193,New,East,Home & Kitchen,Cookware Set,49.93,5,0,287.1,0.0,287.1,Net Banking,0
ORD104979,2024-08-06,CUST03386,VIP,South,Home & Kitchen,Air Fryer,167.94,6,20,1158.79,231.76,927.03,Debit Card,0
ORD101733,2024-08-06,CUST03789,New,South,Electronics,Power Bank,24.65,5,0,141.74,0.0,141.74,Credit Card,0
ORD104580,2024-08-06,CUST04956,New,East,Electronics,Power Bank,162.57,4,10,747.82,74.78,673.04,UPI,0
ORD101503,2024-08-07,CUST04397,Returning,Central,Beauty & Personal Care,Hair Dryer,11.48,4,5,52.81,2.64,50.17,Net Banking,0
ORD102051,2024-08-07,CUST04217,Returning,East,Electronics,Wireless Earbuds,206.5,1,0,237.47,0.0,237.47,Credit Card,0
ORD102046,2024-08-07,CUST02210,Returning,South,Apparel,Denim Jacket,65.14,4,10,299.64,29.96,269.68,UPI,0
ORD105353,2024-08-07,CUST04020,New,West,Beauty & Personal Care,Face Serum,75.58,1,15,86.92,13.04,73.88,Cash on Delivery,0
ORD104771,2024-08-08,CUST04348,New,West,Home & Kitchen,Blender,28.04,3,0,96.74,0.0,96.74,Credit Card,0
ORD103763,2024-08-08,CUST02631,Returning,South,Electronics,Smart Watch,30.83,8,0,283.64,0.0,283.64,UPI,0
ORD102145,2024-08-08,CUST04753,New,North,Beauty & Personal Care,Face Serum,36.14,7,10,290.93,29.09,261.84,Debit Card,0
ORD101654,2024-08-08,CUST02456,Returning,South,Sports & Outdoors,Dumbbell Set,43.47,6,15,299.94,44.99,254.95,UPI,0
ORD105554,2024-08-08,CUST04296,Returning,Central,Electronics,Power Bank,180.58,2,20,415.33,83.07,332.26,Cash on Delivery,0
ORD104311,2024-08-08,CUST03029,Returning,East,Electronics,Smartphone Case,60.66,9,0,627.83,0.0,627.83,UPI,1
ORD102940,2024-08-08,CUST04878,VIP,North,Electronics,Power Bank,193.99,7,20,1561.62,312.32,1249.3,Net Banking,0
ORD105667,2024-08-09,CUST03997,Returning,Central,Home & Kitchen,Cookware Set,109.31,3,5,377.12,18.86,358.26,UPI,0
ORD103493,2024-08-09,CUST03893,VIP,South,Electronics,Wireless Earbuds,214.55,5,5,1233.66,61.68,1171.98,Cash on Delivery,0
ORD105869,2024-08-09,CUST01884,Returning,North,Apparel,Yoga Pants,33.5,3,5,115.57,5.78,109.79,UPI,0
ORD100287,2024-08-09,CUST01532,VIP,East,Home & Kitchen,Blender,66.13,4,15,304.2,45.63,258.57,UPI,0
ORD104926,2024-08-09,CUST04530,Returning,South,Beauty & Personal Care,Skincare Kit,36.9,5,0,212.17,0.0,212.17,Debit Card,0
ORD102688,2024-08-09,CUST03839,Returning,Central,Apparel,Winter Coat,49.7,8,0,457.24,0.0,457.24,Net Banking,0
ORD105264,2024-08-10,CUST01107,New,South,Home & Kitchen,Cookware Set,39.65,4,0,182.39,0.0,182.39,Cash on Delivery,0
ORD104041,2024-08-10,CUST02981,Returning,South,Home & Kitchen,Vacuum Cleaner,51.52,8,0,473.98,0.0,473.98,Net Banking,0
ORD102032,2024-08-10,CUST02894,Returning,North,Electronics,Bluetooth Speaker,118.83,1,0,136.65,0.0,136.65,Credit Card,0
ORD105764,2024-08-10,CUST03472,Returning,West,Apparel,Winter Coat,23.73,2,0,54.58,0.0,54.58,Credit Card,0
ORD101789,2024-08-10,CUST02030,New,West,Beauty & Personal Care,Electric Trimmer,43.46,5,0,249.89,0.0,249.89,UPI,0
ORD103018,2024-08-10,CUST01861,New,East,Home & Kitchen,Coffee Maker,178.31,1,0,205.06,0.0,205.06,UPI,0
ORD102895,2024-08-10,CUST02851,VIP,North,Electronics,Bluetooth Speaker,104.37,5,0,600.13,0.0,600.13,Credit Card,0
ORD103169,2024-08-10,CUST03500,VIP,South,Sports & Outdoors,Dumbbell Set,172.06,4,15,791.48,118.72,672.76,Credit Card,0
ORD101012,2024-08-10,CUST04146,New,East,Sports & Outdoors,Dumbbell Set,161.88,5,0,930.81,0.0,930.81,UPI,0
ORD105375,2024-08-10,CUST03818,New,East,Beauty & Personal Care,Face Serum,62.39,4,0,286.99,0.0,286.99,Cash on Delivery,0
ORD100597,2024-08-10,CUST02687,Returning,Central,Electronics,Smart Watch,40.61,6,0,280.21,0.0,280.21,Net Banking,0
ORD101318,2024-08-10,CUST04695,VIP,East,Apparel,Winter Coat,116.56,5,0,670.22,0.0,670.22,Net Banking,0
ORD105671,2024-08-11,CUST02109,VIP,West,Electronics,Bluetooth Speaker,78.05,5,0,448.79,0.0,448.79,Net Banking,0
ORD105069,2024-08-11,CUST04069,VIP,South,Sports & Outdoors,Yoga Mat,96.34,4,0,443.16,0.0,443.16,Net Banking,0
ORD104428,2024-08-11,CUST01208,Returning,North,Apparel,Winter Coat,67.7,3,0,233.56,0.0,233.56,UPI,0
ORD101803,2024-08-11,CUST01594,New,North,Home & Kitchen,Blender,154.44,3,10,532.82,53.28,479.54,UPI,0
ORD102052,2024-08-11,CUST02210,Returning,East,Electronics,Smartphone Case,26.87,3,0,92.7,0.0,92.7,Net Banking,1
ORD102136,2024-08-11,CUST02296,Returning,East,Electronics,Wireless Earbuds,117.81,3,5,406.44,20.32,386.12,UPI,0
ORD101634,2024-08-11,CUST04287,New,North,Sports & Outdoors,Cycling Helmet,72.09,5,5,414.52,20.73,393.79,Debit Card,0
ORD105402,2024-08-12,CUST01250,Returning,South,Home & Kitchen,Coffee Maker,70.34,4,15,323.56,48.53,275.03,Net Banking,1
ORD103905,2024-08-12,CUST04639,VIP,Central,Apparel,Running Shoes,79.44,3,0,274.07,0.0,274.07,Credit Card,0
ORD102559,2024-08-12,CUST01590,Returning,Central,Electronics,Wireless Earbuds,226.7,5,15,1303.52,195.53,1107.99,Debit Card,0
ORD101205,2024-08-12,CUST03499,VIP,West,Sports & Outdoors,Camping Tent,27.06,7,0,217.83,0.0,217.83,Credit Card,0
ORD102209,2024-08-12,CUST04731,Returning,Central,Electronics,Wireless Earbuds,111.54,5,10,641.36,64.14,577.22,Cash on Delivery,0
ORD104789,2024-08-13,CUST03351,New,East,Electronics,Smartphone Case,55.11,5,0,316.88,0.0,316.88,Cash on Delivery,0
ORD104271,2024-08-13,CUST01329,Returning,North,Electronics,Smart Watch,29.01,2,5,66.72,3.34,63.38,Credit Card,0
ORD105600,2024-08-13,CUST02263,VIP,South,Home & Kitchen,Cookware Set,77.42,3,5,267.1,13.36,253.74,Credit Card,1
ORD103658,2024-08-13,CUST01647,VIP,South,Electronics,Smartphone Case,232.31,4,0,1068.63,0.0,1068.63,Credit Card,0
ORD101740,2024-08-13,CUST01703,Returning,West,Apparel,Running Shoes,74.34,4,0,341.96,0.0,341.96,Cash on Delivery,0
ORD102448,2024-08-13,CUST03899,Returning,East,Home & Kitchen,Coffee Maker,102.82,4,0,472.97,0.0,472.97,UPI,0
ORD104217,2024-08-14,CUST03303,New,Central,Electronics,Wireless Earbuds,116.04,4,0,533.78,0.0,533.78,Credit Card,0
ORD101793,2024-08-14,CUST04331,VIP,North,Apparel,Cotton T-Shirt,62.2,5,0,357.65,0.0,357.65,Cash on Delivery,0
ORD101946,2024-08-14,CUST04865,New,West,Apparel,Denim Jacket,74.63,1,20,85.82,17.16,68.66,Cash on Delivery,0
ORD101402,2024-08-14,CUST02743,Returning,North,Home & Kitchen,Cookware Set,108.3,3,0,373.63,0.0,373.63,Cash on Delivery,0
ORD102866,2024-08-15,CUST03930,New,East,Home & Kitchen,Vacuum Cleaner,147.5,4,0,678.5,0.0,678.5,Cash on Delivery,0
ORD104749,2024-08-15,CUST02379,New,West,Apparel,Cotton T-Shirt,48.17,8,5,443.16,22.16,421.0,UPI,0
ORD101584,2024-08-15,CUST01700,Returning,North,Beauty & Personal Care,Perfume,64.09,6,0,442.22,0.0,442.22,Cash on Delivery,1
ORD100107,2024-08-15,CUST03658,New,Central,Home & Kitchen,Vacuum Cleaner,136.05,5,5,782.29,39.11,743.18,UPI,0
ORD104169,2024-08-15,CUST01327,New,South,Apparel,Denim Jacket,116.35,5,0,669.01,0.0,669.01,Debit Card,0
ORD101280,2024-08-15,CUST01140,New,South,Electronics,Power Bank,191.25,6,0,1319.62,0.0,1319.62,UPI,0
ORD103964,2024-08-15,CUST03449,Returning,Central,Sports & Outdoors,Yoga Mat,195.03,2,0,448.57,0.0,448.57,UPI,0
ORD102065,2024-08-16,CUST01686,VIP,West,Apparel,Winter Coat,17.15,5,0,98.61,0.0,98.61,UPI,0
ORD103280,2024-08-16,CUST04470,Returning,South,Sports & Outdoors,Camping Tent,122.74,6,0,846.91,0.0,846.91,Debit Card,0
ORD102477,2024-08-16,CUST01729,Returning,South,Electronics,Smart Watch,229.58,2,0,528.03,0.0,528.03,UPI,0
ORD102723,2024-08-16,CUST02208,Returning,South,Sports & Outdoors,Water Bottle,18.51,4,20,85.15,17.03,68.12,Credit Card,0
ORD100714,2024-08-16,CUST04914,VIP,North,Sports & Outdoors,Dumbbell Set,189.95,2,5,436.88,21.84,415.04,Credit Card,1
ORD102338,2024-08-16,CUST02992,Returning,East,Home & Kitchen,Coffee Maker,167.62,4,15,771.05,115.66,655.39,Credit Card,0
ORD101862,2024-08-16,CUST01005,VIP,South,Apparel,Cotton T-Shirt,89.9,6,0,620.31,0.0,620.31,Credit Card,0
ORD101436,2024-08-16,CUST03967,New,Central,Home & Kitchen,Vacuum Cleaner,102.13,1,0,117.45,0.0,117.45,Credit Card,0
ORD100919,2024-08-17,CUST01776,New,East,Electronics,Smartphone Case,121.5,5,0,698.62,0.0,698.62,Credit Card,0
ORD104347,2024-08-17,CUST04561,VIP,South,Electronics,Smart Watch,71.53,3,5,246.78,12.34,234.44,Credit Card,0
ORD104235,2024-08-17,CUST04430,Returning,West,Sports & Outdoors,Yoga Mat,136.06,3,0,469.41,0.0,469.41,Credit Card,0
ORD104490,2024-08-17,CUST02186,New,Central,Home & Kitchen,Cookware Set,63.79,3,5,220.08,11.0,209.08,Cash on Delivery,0
ORD100554,2024-08-18,CUST03512,Returning,North,Beauty & Personal Care,Skincare Kit,89.0,4,5,409.4,20.47,388.93,Net Banking,0
ORD102801,2024-08-18,CUST01375,Returning,Central,Sports & Outdoors,Camping Tent,99.22,2,0,228.21,0.0,228.21,Debit Card,0
ORD104326,2024-08-18,CUST01224,New,West,Beauty & Personal Care,Hair Dryer,38.43,4,0,176.78,0.0,176.78,Credit Card,0
ORD102824,2024-08-18,CUST03947,New,South,Home & Kitchen,Blender,171.53,3,15,591.78,88.77,503.01,UPI,0
ORD103966,2024-08-18,CUST02531,VIP,South,Home & Kitchen,Coffee Maker,169.42,3,0,584.5,0.0,584.5,Debit Card,0
ORD103089,2024-08-18,CUST02631,New,West,Apparel,Winter Coat,82.87,6,20,571.8,114.36,457.44,UPI,0
ORD105113,2024-08-18,CUST03408,VIP,North,Electronics,Bluetooth Speaker,18.91,2,0,43.49,0.0,43.49,Cash on Delivery,0
ORD103886,2024-08-18,CUST02088,New,East,Beauty & Personal Care,Hair Dryer,68.99,2,0,158.68,0.0,158.68,Net Banking,0
ORD105735,2024-08-18,CUST03429,Returning,Central,Apparel,Winter Coat,13.06,4,15,60.08,9.01,51.07,Net Banking,0
ORD104489,2024-08-18,CUST02299,Returning,South,Sports & Outdoors,Water Bottle,104.13,5,0,598.75,0.0,598.75,Debit Card,0
ORD100996,2024-08-18,CUST01955,New,West,Apparel,Cotton T-Shirt,36.5,3,0,125.92,0.0,125.92,UPI,0
ORD102216,2024-08-19,CUST04175,VIP,Central,Beauty & Personal Care,Skincare Kit,32.05,5,0,184.29,0.0,184.29,Debit Card,0
ORD104547,2024-08-19,CUST01299,New,South,Beauty & Personal Care,Hair Dryer,9.87,4,0,45.4,0.0,45.4,Net Banking,0
ORD102947,2024-08-19,CUST04584,Returning,Central,Electronics,Smartphone Case,192.08,5,10,1104.46,110.45,994.01,Cash on Delivery,0
ORD105570,2024-08-19,CUST02224,Returning,South,Home & Kitchen,Vacuum Cleaner,57.95,3,0,199.93,0.0,199.93,Debit Card,0
ORD102675,2024-08-20,CUST01904,New,West,Home & Kitchen,Cookware Set,54.68,3,20,188.65,37.73,150.92,Cash on Delivery,0
ORD103133,2024-08-20,CUST04545,VIP,South,Electronics,Smart Watch,51.14,6,0,352.87,0.0,352.87,UPI,0
ORD101074,2024-08-20,CUST03741,VIP,South,Home & Kitchen,Cookware Set,43.27,5,0,248.8,0.0,248.8,UPI,0
ORD102614,2024-08-20,CUST01606,New,East,Home & Kitchen,Vacuum Cleaner,119.41,6,0,823.93,0.0,823.93,Credit Card,0
ORD104830,2024-08-20,CUST03891,Returning,West,Electronics,Smart Watch,148.6,5,0,854.45,0.0,854.45,Debit Card,0
ORD103902,2024-08-20,CUST03274,New,Central,Beauty & Personal Care,Hair Dryer,64.46,3,0,222.39,0.0,222.39,Net Banking,0
ORD102864,2024-08-20,CUST04439,New,North,Electronics,Smartphone Case,77.04,5,5,442.98,22.15,420.83,Credit Card,0
ORD104633,2024-08-20,CUST01494,VIP,East,Beauty & Personal Care,Face Serum,34.98,3,10,120.68,12.07,108.61,Cash on Delivery,0
ORD102875,2024-08-20,CUST03910,Returning,Central,Electronics,Smartphone Case,213.84,6,0,1475.5,0.0,1475.5,Net Banking,0
ORD102439,2024-08-20,CUST02357,New,North,Sports & Outdoors,Yoga Mat,121.05,3,0,417.62,0.0,417.62,Debit Card,0
ORD101319,2024-08-21,CUST04744,VIP,East,Apparel,Denim Jacket,82.52,2,5,189.8,9.49,180.31,Cash on Delivery,0
ORD105827,2024-08-21,CUST02742,Returning,Central,Apparel,Cotton T-Shirt,10.36,6,0,71.48,0.0,71.48,Credit Card,0
ORD102851,2024-08-21,CUST04630,Returning,North,Beauty & Personal Care,Electric Trimmer,84.62,5,0,486.56,0.0,486.56,Credit Card,0
ORD101911,2024-08-21,CUST02865,New,North,Electronics,Wireless Earbuds,47.61,2,0,109.5,0.0,109.5,UPI,0
ORD104536,2024-08-21,CUST04756,New,South,Home & Kitchen,Vacuum Cleaner,100.92,4,0,464.23,0.0,464.23,UPI,0
ORD105532,2024-08-21,CUST01071,Returning,South,Electronics,Bluetooth Speaker,161.05,3,0,555.62,0.0,555.62,Debit Card,0
ORD105954,2024-08-22,CUST03942,New,South,Home & Kitchen,Air Fryer,41.07,4,0,188.92,0.0,188.92,Credit Card,0
ORD103967,2024-08-22,CUST03023,New,Central,Beauty & Personal Care,Skincare Kit,59.42,6,0,410.0,0.0,410.0,Credit Card,0
ORD105306,2024-08-23,CUST01198,VIP,West,Home & Kitchen,Cookware Set,54.17,3,5,186.89,9.34,177.55,UPI,0
ORD100051,2024-08-23,CUST03491,Returning,East,Sports & Outdoors,Yoga Mat,45.09,4,0,207.41,0.0,207.41,UPI,0
ORD101030,2024-08-23,CUST01454,New,South,Home & Kitchen,Blender,46.68,3,15,161.05,24.16,136.89,Credit Card,0
ORD100449,2024-08-23,CUST03446,New,North,Electronics,Smartphone Case,235.73,1,5,271.09,13.55,257.54,UPI,0
ORD105759,2024-08-23,CUST03376,New,East,Beauty & Personal Care,Face Serum,88.89,3,0,306.67,0.0,306.67,Credit Card,0
ORD102073,2024-08-23,CUST02856,Returning,North,Apparel,Denim Jacket,66.16,7,10,532.59,53.26,479.33,Cash on Delivery,0
ORD102932,2024-08-23,CUST03142,Returning,North,Apparel,Yoga Pants,85.71,7,15,689.97,103.5,586.47,UPI,0
ORD104001,2024-08-23,CUST03382,VIP,Central,Home & Kitchen,Air Fryer,117.6,4,0,540.96,0.0,540.96,Credit Card,0
ORD105957,2024-08-23,CUST04736,VIP,North,Electronics,Smartphone Case,199.23,4,5,916.46,45.82,870.64,UPI,0
ORD103938,2024-08-23,CUST04752,VIP,North,Home & Kitchen,Blender,57.79,4,15,265.83,39.87,225.96,UPI,0
ORD105863,2024-08-23,CUST03612,New,West,Electronics,Smart Watch,89.9,7,0,723.7,0.0,723.7,Debit Card,0
ORD105361,2024-08-24,CUST02898,Returning,South,Electronics,Wireless Earbuds,159.66,3,0,550.83,0.0,550.83,Debit Card,1
ORD103839,2024-08-24,CUST02107,VIP,South,Electronics,Power Bank,169.26,6,0,1167.89,0.0,1167.89,UPI,0
ORD103262,2024-08-24,CUST02754,New,South,Sports & Outdoors,Cycling Helmet,116.61,1,0,134.1,0.0,134.1,Debit Card,0
ORD102042,2024-08-24,CUST02312,New,North,Electronics,Power Bank,99.87,4,5,459.4,22.97,436.43,Credit Card,0
ORD100521,2024-08-24,CUST04182,Returning,West,Electronics,Smartphone Case,246.16,3,15,849.25,127.39,721.86,Debit Card,0
ORD103226,2024-08-24,CUST01810,New,East,Electronics,Smartphone Case,229.61,1,5,264.05,13.2,250.85,Debit Card,0
ORD105397,2024-08-24,CUST04030,VIP,Central,Apparel,Running Shoes,53.79,3,10,185.58,18.56,167.02,UPI,0
ORD102677,2024-08-24,CUST04547,Returning,South,Electronics,Smartphone Case,53.5,2,0,123.05,0.0,123.05,UPI,0
ORD101152,2024-08-24,CUST01059,Returning,West,Sports & Outdoors,Yoga Mat,55.45,4,5,255.07,12.75,242.32,Net Banking,0
ORD102764,2024-08-24,CUST01392,Returning,West,Apparel,Running Shoes,71.36,5,5,410.32,20.52,389.8,Net Banking,0
ORD101579,2024-08-24,CUST01420,New,South,Apparel,Yoga Pants,112.63,3,0,388.57,0.0,388.57,UPI,0
ORD102788,2024-08-24,CUST01726,New,West,Electronics,Wireless Earbuds,186.61,5,5,1073.01,53.65,1019.36,Debit Card,0
ORD104432,2024-08-25,CUST04326,VIP,Central,Beauty & Personal Care,Electric Trimmer,39.38,3,0,135.86,0.0,135.86,UPI,0
ORD103985,2024-08-25,CUST01479,New,East,Electronics,Smartphone Case,185.99,4,0,855.55,0.0,855.55,Credit Card,0
ORD104011,2024-08-25,CUST04589,Returning,West,Home & Kitchen,Cookware Set,126.87,6,5,875.4,43.77,831.63,Debit Card,0
ORD103077,2024-08-25,CUST02143,New,Central,Home & Kitchen,Blender,21.71,4,0,99.87,0.0,99.87,UPI,0
ORD101237,2024-08-26,CUST02371,New,East,Electronics,Power Bank,105.24,5,0,605.13,0.0,605.13,Credit Card,0
ORD101122,2024-08-26,CUST04012,New,East,Electronics,Smartphone Case,190.11,2,0,437.25,0.0,437.25,Net Banking,0
ORD103505,2024-08-26,CUST01591,New,West,Beauty & Personal Care,Electric Trimmer,47.5,1,5,54.62,2.73,51.89,Credit Card,0
ORD103788,2024-08-26,CUST02299,Returning,East,Sports & Outdoors,Water Bottle,106.4,7,10,856.52,85.65,770.87,UPI,0
ORD101715,2024-08-26,CUST02292,New,Central,Electronics,Wireless Earbuds,174.12,5,10,1001.19,100.12,901.07,Cash on Delivery,0
ORD103445,2024-08-26,CUST04053,New,South,Electronics,Smart Watch,184.21,2,10,423.68,42.37,381.31,UPI,0
ORD102918,2024-08-26,CUST03957,VIP,West,Home & Kitchen,Vacuum Cleaner,21.49,4,5,98.85,4.94,93.91,Cash on Delivery,1
ORD100835,2024-08-26,CUST04168,New,North,Electronics,Power Bank,18.2,2,0,41.86,0.0,41.86,UPI,0
ORD100434,2024-08-26,CUST04205,New,North,Home & Kitchen,Air Fryer,80.82,4,0,371.77,0.0,371.77,Credit Card,0
ORD104387,2024-08-27,CUST04679,Returning,North,Apparel,Cotton T-Shirt,51.39,5,0,295.49,0.0,295.49,UPI,0
ORD102080,2024-08-27,CUST01759,New,West,Electronics,Wireless Earbuds,122.67,1,10,141.07,14.11,126.96,Debit Card,0
ORD103306,2024-08-27,CUST01685,New,South,Home & Kitchen,Air Fryer,139.83,5,0,804.02,0.0,804.02,Credit Card,0
ORD104002,2024-08-27,CUST02067,Returning,West,Electronics,Wireless Earbuds,83.73,4,0,385.16,0.0,385.16,UPI,0
ORD101737,2024-08-27,CUST02198,New,South,Home & Kitchen,Coffee Maker,62.41,2,20,143.54,28.71,114.83,Credit Card,0
ORD103175,2024-08-27,CUST01010,New,North,Beauty & Personal Care,Electric Trimmer,17.92,2,0,41.22,0.0,41.22,Cash on Delivery,0
ORD100520,2024-08-27,CUST01889,Returning,South,Apparel,Yoga Pants,86.3,5,0,496.22,0.0,496.22,Net Banking,0
ORD101947,2024-08-27,CUST04674,Returning,West,Beauty & Personal Care,Face Serum,13.86,3,0,47.82,0.0,47.82,Credit Card,0
ORD103961,2024-08-28,CUST02822,New,Central,Apparel,Yoga Pants,105.53,2,20,242.72,48.54,194.18,Debit Card,0
ORD101003,2024-08-28,CUST01354,New,South,Apparel,Cotton T-Shirt,33.24,4,0,152.9,0.0,152.9,UPI,0
ORD104742,2024-08-28,CUST02169,New,West,Home & Kitchen,Cookware Set,113.91,5,15,654.98,98.25,556.73,Cash on Delivery,0
ORD103706,2024-08-28,CUST02357,Returning,West,Electronics,Bluetooth Speaker,22.63,6,15,156.15,23.42,132.73,UPI,0
ORD105365,2024-08-28,CUST03872,Returning,Central,Home & Kitchen,Coffee Maker,162.04,3,5,559.04,27.95,531.09,UPI,0
ORD104417,2024-08-28,CUST04456,New,West,Apparel,Running Shoes,94.37,5,10,542.63,54.26,488.37,Debit Card,0
ORD104553,2024-08-28,CUST01986,New,West,Electronics,Smart Watch,26.7,5,0,153.52,0.0,153.52,UPI,0
ORD105156,2024-08-28,CUST01053,Returning,North,Sports & Outdoors,Cycling Helmet,94.18,7,15,758.15,113.72,644.43,Credit Card,0
ORD105559,2024-08-28,CUST04009,New,West,Sports & Outdoors,Dumbbell Set,148.35,4,15,682.41,102.36,580.05,Credit Card,0
ORD104006,2024-08-28,CUST03583,New,Central,Home & Kitchen,Vacuum Cleaner,175.9,1,5,202.28,10.11,192.17,Debit Card,1
ORD100958,2024-08-28,CUST01451,VIP,Central,Sports & Outdoors,Yoga Mat,67.45,1,0,77.57,0.0,77.57,Debit Card,0
ORD100942,2024-08-29,CUST01249,New,North,Electronics,Bluetooth Speaker,139.67,4,0,642.48,0.0,642.48,Credit Card,0
ORD101775,2024-08-29,CUST02831,Returning,Central,Sports & Outdoors,Yoga Mat,96.95,3,0,334.48,0.0,334.48,Credit Card,0
ORD105860,2024-08-29,CUST02593,Returning,West,Electronics,Bluetooth Speaker,171.98,4,0,791.11,0.0,791.11,Credit Card,0
ORD102626,2024-08-29,CUST03222,New,West,Home & Kitchen,Air Fryer,178.54,4,5,821.28,41.06,780.22,Debit Card,0
ORD105708,2024-08-29,CUST03760,New,West,Home & Kitchen,Blender,131.71,7,0,1060.27,0.0,1060.27,Debit Card,0
ORD100355,2024-08-29,CUST01398,Returning,West,Home & Kitchen,Vacuum Cleaner,75.64,6,0,521.92,0.0,521.92,UPI,0
ORD105674,2024-08-29,CUST02904,New,South,Sports & Outdoors,Camping Tent,44.75,3,0,154.39,0.0,154.39,Credit Card,0
ORD105072,2024-08-29,CUST02805,Returning,Central,Home & Kitchen,Coffee Maker,122.35,5,20,703.51,140.7,562.81,UPI,0
ORD104956,2024-08-29,CUST04472,Returning,East,Apparel,Winter Coat,65.61,4,5,301.81,15.09,286.72,UPI,0
ORD105687,2024-08-29,CUST03713,Returning,West,Home & Kitchen,Vacuum Cleaner,36.04,3,0,124.34,0.0,124.34,Net Banking,0
ORD100513,2024-08-29,CUST02853,Returning,West,Home & Kitchen,Cookware Set,164.86,5,0,947.95,0.0,947.95,UPI,0
ORD101475,2024-08-30,CUST04834,Returning,Central,Electronics,Wireless Earbuds,117.96,3,0,406.96,0.0,406.96,Credit Card,0
ORD100194,2024-08-30,CUST04886,New,North,Home & Kitchen,Vacuum Cleaner,147.06,4,15,676.48,101.47,575.01,UPI,0
ORD101888,2024-08-30,CUST03505,Returning,South,Home & Kitchen,Blender,128.42,2,10,295.37,29.54,265.83,Credit Card,0
ORD104787,2024-08-30,CUST03502,Returning,South,Sports & Outdoors,Dumbbell Set,17.81,2,0,40.96,0.0,40.96,Credit Card,0
ORD105091,2024-08-30,CUST02737,VIP,Central,Beauty & Personal Care,Hair Dryer,69.68,5,10,400.66,40.07,360.59,Credit Card,0
ORD100487,2024-08-30,CUST02304,Returning,West,Apparel,Running Shoes,51.76,6,0,357.14,0.0,357.14,Debit Card,0
ORD105868,2024-08-30,CUST01027,New,West,Sports & Outdoors,Camping Tent,43.53,5,15,250.3,37.54,212.76,UPI,0
ORD105150,2024-08-30,CUST01315,Returning,North,Electronics,Smart Watch,154.49,4,0,710.65,0.0,710.65,Credit Card,0
ORD102379,2024-08-30,CUST02908,New,North,Apparel,Cotton T-Shirt,30.97,5,0,178.08,0.0,178.08,UPI,0
ORD105506,2024-08-30,CUST03537,VIP,East,Home & Kitchen,Air Fryer,53.03,6,0,365.91,0.0,365.91,Net Banking,0
ORD103844,2024-08-30,CUST04676,VIP,West,Home & Kitchen,Cookware Set,21.62,4,15,99.45,14.92,84.53,UPI,0
ORD101236,2024-08-31,CUST03871,New,East,Electronics,Wireless Earbuds,222.93,3,0,769.11,0.0,769.11,UPI,0
ORD102415,2024-08-31,CUST02125,Returning,Central,Apparel,Yoga Pants,84.55,5,15,486.16,72.92,413.24,Credit Card,0
ORD100330,2024-08-31,CUST03914,VIP,North,Apparel,Cotton T-Shirt,108.73,4,0,500.16,0.0,500.16,UPI,0
ORD105254,2024-08-31,CUST04981,Returning,East,Sports & Outdoors,Dumbbell Set,112.24,5,0,645.38,0.0,645.38,UPI,0
ORD100239,2024-08-31,CUST04480,New,South,Home & Kitchen,Blender,124.42,5,0,715.41,0.0,715.41,Cash on Delivery,0
ORD105839,2024-09-01,CUST04829,Returning,North,Electronics,Smartphone Case,23.91,3,0,82.49,0.0,82.49,Net Banking,0
ORD101557,2024-09-01,CUST01035,VIP,North,Electronics,Bluetooth Speaker,15.39,4,0,70.79,0.0,70.79,Credit Card,1
ORD105489,2024-09-01,CUST02115,New,South,Electronics,Wireless Earbuds,184.38,3,0,636.11,0.0,636.11,UPI,0
ORD102056,2024-09-01,CUST01044,Returning,North,Electronics,Smartphone Case,49.94,1,10,57.43,5.74,51.69,UPI,0
ORD102881,2024-09-01,CUST03656,Returning,South,Apparel,Yoga Pants,63.62,3,10,219.49,21.95,197.54,UPI,0
ORD105839,2024-09-01,CUST04829,Returning,North,Electronics,Smartphone Case,23.91,3,0,82.49,0.0,82.49,Net Banking,0
ORD102878,2024-09-01,CUST02687,New,South,Home & Kitchen,Vacuum Cleaner,68.33,4,0,314.32,0.0,314.32,UPI,0
ORD105931,2024-09-01,CUST03579,New,North,Beauty & Personal Care,Face Serum,10.32,5,20,59.34,11.87,47.47,Cash on Delivery,0
ORD101327,2024-09-01,CUST04587,New,West,Electronics,Wireless Earbuds,154.13,4,0,709.0,0.0,709.0,Credit Card,0
ORD100734,2024-09-01,CUST03439,New,East,Sports & Outdoors,Yoga Mat,84.54,4,0,388.88,0.0,388.88,Debit Card,0
ORD103830,2024-09-01,CUST02467,VIP,Central,Electronics,Power Bank,221.49,5,5,1273.57,63.68,1209.89,Credit Card,0
ORD104355,2024-09-01,CUST01834,Returning,West,Apparel,Denim Jacket,88.97,2,0,204.63,0.0,204.63,UPI,0
ORD101305,2024-09-01,CUST03535,VIP,East,Sports & Outdoors,Camping Tent,169.99,3,5,586.47,29.32,557.15,Credit Card,0
ORD100235,2024-09-01,CUST02822,VIP,West,Home & Kitchen,Blender,104.34,2,15,239.98,36.0,203.98,UPI,0
ORD102900,2024-09-02,CUST01264,VIP,North,Sports & Outdoors,Dumbbell Set,72.0,2,0,165.6,0.0,165.6,UPI,0
ORD105391,2024-09-02,CUST04037,Returning,South,Apparel,Running Shoes,39.82,7,20,320.55,64.11,256.44,Debit Card,0
ORD105100,2024-09-02,CUST03460,Returning,East,Apparel,Denim Jacket,69.92,2,10,160.82,16.08,144.74,Credit Card,0
ORD104008,2024-09-02,CUST03232,Returning,West,Sports & Outdoors,Camping Tent,70.47,5,15,405.2,60.78,344.42,Net Banking,0
ORD103332,2024-09-02,CUST01668,New,South,Home & Kitchen,Coffee Maker,53.09,5,10,305.27,30.53,274.74,UPI,0
ORD100262,2024-09-02,CUST02905,New,West,Beauty & Personal Care,Electric Trimmer,8.26,6,15,56.99,8.55,48.44,Net Banking,0
ORD105875,2024-09-02,CUST01643,New,East,Electronics,Power Bank,107.35,4,5,493.81,24.69,469.12,Credit Card,0
ORD102794,2024-09-03,CUST02907,Returning,Central,Electronics,Wireless Earbuds,67.1,7,0,540.15,0.0,540.15,Credit Card,1
ORD103352,2024-09-03,CUST01264,New,West,Electronics,Bluetooth Speaker,33.78,3,0,116.54,0.0,116.54,Credit Card,0
ORD100561,2024-09-03,CUST02195,VIP,West,Electronics,Smartphone Case,236.36,3,5,815.44,40.77,774.67,UPI,0
ORD103681,2024-09-03,CUST04116,New,West,Electronics,Power Bank,218.2,5,10,1254.65,125.47,1129.18,Credit Card,0
ORD102184,2024-09-03,CUST01055,Returning,North,Home & Kitchen,Blender,43.56,5,5,250.47,12.52,237.95,UPI,0
ORD100476,2024-09-03,CUST03582,New,West,Electronics,Wireless Earbuds,129.4,5,0,744.05,0.0,744.05,Debit Card,0
ORD105444,2024-09-03,CUST02047,New,West,Sports & Outdoors,Dumbbell Set,18.58,2,5,42.73,2.14,40.59,UPI,0
ORD103082,2024-09-03,CUST03608,VIP,South,Apparel,Denim Jacket,18.77,6,5,129.51,6.48,123.03,Credit Card,0
ORD100999,2024-09-04,CUST04726,VIP,North,Electronics,Bluetooth Speaker,93.99,5,10,540.44,54.04,486.4,Cash on Delivery,0
ORD105379,2024-09-04,CUST03105,Returning,North,Home & Kitchen,Coffee Maker,63.16,4,5,290.54,14.53,276.01,UPI,0
ORD100129,2024-09-04,CUST03013,Returning,Central,Beauty & Personal Care,Hair Dryer,26.15,4,5,120.29,6.01,114.28,UPI,0
ORD100207,2024-09-04,CUST04728,New,South,Sports & Outdoors,Dumbbell Set,28.46,3,20,98.19,19.64,78.55,Credit Card,0
ORD101131,2024-09-04,CUST04182,New,Central,Home & Kitchen,Cookware Set,125.63,3,0,433.42,0.0,433.42,Debit Card,0
ORD105619,2024-09-04,CUST02412,Returning,Central,Electronics,Smartphone Case,212.44,4,0,977.22,0.0,977.22,Credit Card,0
ORD102971,2024-09-04,CUST02285,Returning,South,Beauty & Personal Care,Skincare Kit,51.34,3,0,177.12,0.0,177.12,Debit Card,0
ORD100503,2024-09-04,CUST04837,Returning,Central,Home & Kitchen,Cookware Set,86.92,3,5,299.87,14.99,284.88,Credit Card,0
ORD103975,2024-09-04,CUST01342,Returning,Central,Electronics,Smart Watch,95.93,7,10,772.24,77.22,695.02,Cash on Delivery,0
ORD100922,2024-09-04,CUST02446,VIP,South,Apparel,Denim Jacket,98.13,3,5,338.55,16.93,321.62,UPI,0
ORD100415,2024-09-04,CUST04227,VIP,West,Electronics,Bluetooth Speaker,216.23,2,15,497.33,74.6,422.73,UPI,0
ORD103986,2024-09-04,CUST03418,New,West,Apparel,Cotton T-Shirt,12.66,1,10,14.56,1.46,13.1,Debit Card,0
ORD102968,2024-09-04,CUST02428,New,East,Home & Kitchen,Blender,60.11,3,10,207.38,20.74,186.64,Credit Card,0
ORD105785,2024-09-04,CUST03370,VIP,East,Beauty & Personal Care,Electric Trimmer,60.99,5,5,350.69,17.53,333.16,Credit Card,0
ORD101394,2024-09-04,CUST03504,New,West,Sports & Outdoors,Dumbbell Set,169.3,2,0,389.39,0.0,389.39,UPI,0
ORD103463,2024-09-04,CUST01329,VIP,South,Electronics,Smart Watch,186.09,4,0,856.01,0.0,856.01,UPI,1
ORD102061,2024-09-05,CUST01780,VIP,East,Home & Kitchen,Cookware Set,123.91,4,0,569.99,0.0,569.99,Credit Card,1
ORD105207,2024-09-05,CUST03376,New,Central,Home & Kitchen,Cookware Set,118.27,3,0,408.03,0.0,408.03,UPI,0
ORD102261,2024-09-05,CUST02821,Returning,West,Sports & Outdoors,Yoga Mat,44.16,2,0,101.57,0.0,101.57,Net Banking,0
ORD103773,2024-09-05,CUST01597,Returning,Central,Electronics,Smartphone Case,155.53,11,10,1967.45,196.74,1770.71,Debit Card,0
ORD104479,2024-09-05,CUST03968,VIP,West,Home & Kitchen,Blender,35.33,1,0,40.63,0.0,40.63,Debit Card,0
ORD103094,2024-09-05,CUST04484,New,West,Home & Kitchen,Cookware Set,39.8,8,0,366.16,0.0,366.16,Credit Card,0
ORD105195,2024-09-06,CUST04527,New,North,Home & Kitchen,Vacuum Cleaner,66.53,10,0,765.09,0.0,765.09,Credit Card,0
ORD101442,2024-09-06,CUST01432,Returning,West,Apparel,Running Shoes,27.84,6,15,192.1,28.82,163.28,Credit Card,0
ORD102417,2024-09-06,CUST02159,Returning,Central,Sports & Outdoors,Camping Tent,147.95,4,20,680.57,136.11,544.46,UPI,0
ORD100007,2024-09-06,CUST01428,Returning,Central,Beauty & Personal Care,Hair Dryer,55.88,5,5,321.31,16.07,305.24,UPI,0
ORD104100,2024-09-06,CUST02928,Returning,South,Electronics,Smartphone Case,103.37,1,0,118.88,0.0,118.88,Cash on Delivery,0
ORD105367,2024-09-06,CUST04156,New,West,Beauty & Personal Care,Electric Trimmer,12.41,3,0,42.81,0.0,42.81,Debit Card,0
ORD104064,2024-09-06,CUST01087,Returning,West,Beauty & Personal Care,Perfume,21.44,5,5,123.28,6.16,117.12,Debit Card,0
ORD103826,2024-09-07,CUST01591,Returning,East,Beauty & Personal Care,Hair Dryer,34.27,3,0,118.23,0.0,118.23,UPI,1
ORD101036,2024-09-07,CUST02423,New,Central,Sports & Outdoors,Cycling Helmet,187.1,5,0,1075.82,0.0,1075.82,Debit Card,1
ORD104737,2024-09-07,CUST01263,VIP,South,Apparel,Denim Jacket,85.73,5,0,492.95,0.0,492.95,UPI,0
ORD101380,2024-09-07,CUST03459,Returning,North,Electronics,Bluetooth Speaker,152.34,2,5,350.38,17.52,332.86,Net Banking,0
ORD104898,2024-09-07,CUST03950,VIP,Central,Home & Kitchen,Cookware Set,121.72,4,0,559.91,0.0,559.91,Debit Card,0
ORD105842,2024-09-07,CUST04335,Returning,East,Sports & Outdoors,Dumbbell Set,20.42,2,15,46.97,7.05,39.92,Credit Card,0
ORD104546,2024-09-07,CUST02359,New,Central,Beauty & Personal Care,Face Serum,20.51,4,0,94.35,0.0,94.35,Credit Card,0
ORD101111,2024-09-07,CUST04072,New,Central,Beauty & Personal Care,Perfume,77.41,4,5,356.09,17.8,338.29,Credit Card,0
ORD101048,2024-09-07,CUST01050,New,North,Sports & Outdoors,Yoga Mat,76.46,6,5,527.57,26.38,501.19,UPI,0
ORD101114,2024-09-07,CUST04184,VIP,South,Beauty & Personal Care,Perfume,32.48,4,0,149.41,0.0,149.41,UPI,0
ORD101559,2024-09-08,CUST02541,New,East,Home & Kitchen,Coffee Maker,113.59,3,15,391.89,58.78,333.11,UPI,0
ORD100524,2024-09-08,CUST01614,New,East,Home & Kitchen,Coffee Maker,58.93,2,20,135.54,27.11,108.43,UPI,0
ORD102560,2024-09-08,CUST04329,Returning,West,Electronics,Bluetooth Speaker,168.84,2,0,388.33,0.0,388.33,Credit Card,0
ORD101889,2024-09-08,CUST01878,Returning,West,Home & Kitchen,Coffee Maker,131.18,5,0,754.29,0.0,754.29,Cash on Delivery,0
ORD105673,2024-09-09,CUST01031,Returning,East,Electronics,Smartphone Case,34.75,2,5,79.92,4.0,75.92,UPI,0
ORD102276,2024-09-09,CUST02551,New,West,Electronics,Smartphone Case,157.37,4,0,723.9,0.0,723.9,Credit Card,0
ORD105632,2024-09-09,CUST01264,Returning,North,Beauty & Personal Care,Perfume,38.51,7,0,310.01,0.0,310.01,Cash on Delivery,0
ORD105503,2024-09-09,CUST01599,New,Central,Beauty & Personal Care,Skincare Kit,64.49,8,0,593.31,0.0,593.31,Debit Card,1
ORD105997,2024-09-09,CUST02123,New,East,Home & Kitchen,Blender,123.33,2,15,283.66,42.55,241.11,Credit Card,0
ORD103230,2024-09-09,CUST03095,Returning,North,Beauty & Personal Care,Electric Trimmer,33.31,2,0,76.61,0.0,76.61,Debit Card,0
ORD105715,2024-09-09,CUST02081,New,Central,Home & Kitchen,Cookware Set,67.87,5,5,390.25,19.51,370.74,Credit Card,0
ORD104371,2024-09-09,CUST02667,Returning,North,Sports & Outdoors,Yoga Mat,126.48,4,0,581.81,0.0,581.81,Credit Card,0
ORD105718,2024-09-09,CUST04310,Returning,West,Sports & Outdoors,Water Bottle,38.26,4,15,176.0,26.4,149.6,Credit Card,0
ORD102816,2024-09-09,CUST03283,New,East,Home & Kitchen,Coffee Maker,156.68,2,15,360.36,54.05,306.31,Cash on Delivery,0
ORD102806,2024-09-09,CUST01318,New,South,Sports & Outdoors,Camping Tent,49.68,5,0,285.66,0.0,285.66,Cash on Delivery,1
ORD103675,2024-09-10,CUST02530,Returning,West,Electronics,Power Bank,139.88,4,0,643.45,0.0,643.45,UPI,1
ORD103950,2024-09-10,CUST01902,New,East,Electronics,Wireless Earbuds,115.7,6,0,798.33,0.0,798.33,UPI,0
ORD102771,2024-09-10,CUST03519,Returning,East,Home & Kitchen,Coffee Maker,110.35,4,15,507.61,76.14,431.47,Net Banking,0
ORD102111,2024-09-10,CUST01098,Returning,South,Electronics,Wireless Earbuds,27.93,2,5,64.24,3.21,61.03,Cash on Delivery,0
ORD104684,2024-09-10,CUST03894,Returning,South,Electronics,Wireless Earbuds,85.22,3,5,294.01,14.7,279.31,Debit Card,0
ORD102823,2024-09-10,CUST04419,New,South,Home & Kitchen,Cookware Set,172.54,5,15,992.1,148.82,843.28,Credit Card,0
ORD104440,2024-09-10,CUST03942,New,North,Electronics,Power Bank,110.45,3,15,381.05,57.16,323.89,Credit Card,0
ORD104457,2024-09-10,CUST02677,VIP,North,Electronics,Bluetooth Speaker,108.95,4,5,501.17,25.06,476.11,Debit Card,0
ORD102970,2024-09-10,CUST04226,Returning,North,Beauty & Personal Care,Face Serum,70.73,3,0,244.02,0.0,244.02,UPI,0
ORD103916,2024-09-11,CUST01623,Returning,West,Home & Kitchen,Coffee Maker,140.42,4,5,645.93,32.3,613.63,UPI,0
ORD100164,2024-09-11,CUST04293,Returning,West,Electronics,Power Bank,43.31,7,0,348.65,0.0,348.65,Credit Card,0
ORD100419,2024-09-11,CUST02947,New,West,Apparel,Running Shoes,11.02,3,5,38.02,1.9,36.12,Credit Card,0
ORD103488,2024-09-11,CUST02830,New,West,Electronics,Power Bank,90.37,7,10,727.48,72.75,654.73,Credit Card,0
ORD104551,2024-09-11,CUST02906,Returning,Central,Apparel,Denim Jacket,102.41,4,5,471.09,23.55,447.54,Debit Card,0
ORD103945,2024-09-11,CUST04999,Returning,East,Apparel,Denim Jacket,109.11,3,0,376.43,0.0,376.43,Credit Card,0
ORD103252,2024-09-11,CUST04719,New,West,Sports & Outdoors,Dumbbell Set,117.26,3,0,404.55,0.0,404.55,UPI,0
ORD101447,2024-09-11,CUST02248,New,Central,Beauty & Personal Care,Face Serum,40.62,4,0,186.85,0.0,186.85,UPI,0
ORD101969,2024-09-11,CUST02403,Returning,South,Home & Kitchen,Coffee Maker,160.96,5,0,925.52,0.0,925.52,Credit Card,0
ORD103037,2024-09-11,CUST03542,VIP,North,Electronics,Smart Watch,41.47,8,0,381.52,0.0,381.52,Cash on Delivery,0
ORD105498,2024-09-11,CUST02088,Returning,East,Home & Kitchen,Vacuum Cleaner,158.88,3,10,548.14,54.81,493.33,UPI,0
ORD104487,2024-09-12,CUST01082,Returning,Central,Home & Kitchen,Vacuum Cleaner,153.74,4,0,707.2,0.0,707.2,Net Banking,0
ORD102519,2024-09-12,CUST01889,New,East,Beauty & Personal Care,Hair Dryer,5.62,3,10,19.39,1.94,17.45,Debit Card,0
ORD105897,2024-09-12,CUST04447,Returning,Central,Electronics,Wireless Earbuds,224.14,3,0,773.28,0.0,773.28,Credit Card,0
ORD102233,2024-09-12,CUST01661,New,Central,Home & Kitchen,Coffee Maker,67.69,3,0,233.53,0.0,233.53,Debit Card,0
ORD103735,2024-09-12,CUST02908,New,West,Sports & Outdoors,Cycling Helmet,186.69,4,0,858.77,0.0,858.77,UPI,0
ORD103212,2024-09-12,CUST03346,New,Central,Apparel,Denim Jacket,14.67,3,0,50.61,0.0,50.61,Credit Card,0
ORD105994,2024-09-13,CUST04730,New,North,Beauty & Personal Care,Electric Trimmer,72.77,4,0,334.74,0.0,334.74,UPI,0
ORD102088,2024-09-13,CUST03644,New,Central,Electronics,Power Bank,99.37,6,20,685.65,137.13,548.52,Credit Card,0
ORD105790,2024-09-13,CUST03224,New,West,Beauty & Personal Care,Skincare Kit,37.24,5,0,214.13,0.0,214.13,Net Banking,0
ORD104770,2024-09-13,CUST04731,Returning,West,Apparel,Yoga Pants,26.38,3,10,91.01,9.1,81.91,Cash on Delivery,0
ORD103098,2024-09-13,CUST01266,Returning,East,Sports & Outdoors,Yoga Mat,78.56,4,0,361.38,0.0,361.38,UPI,0
ORD101134,2024-09-13,CUST01240,New,West,Electronics,Wireless Earbuds,27.67,5,0,159.1,0.0,159.1,Credit Card,0
ORD104510,2024-09-13,CUST04219,New,East,Sports & Outdoors,Camping Tent,79.54,2,5,182.94,9.15,173.79,UPI,0
ORD104863,2024-09-13,CUST03844,Returning,West,Apparel,Denim Jacket,12.02,1,5,13.82,0.69,13.13,Credit Card,0
ORD103132,2024-09-13,CUST03668,New,East,Apparel,Denim Jacket,59.85,6,0,412.96,0.0,412.96,Credit Card,0
ORD102548,2024-09-14,CUST02480,VIP,West,Apparel,Denim Jacket,50.42,8,10,463.86,46.39,417.47,Debit Card,0
ORD102694,2024-09-14,CUST03263,New,Central,Apparel,Cotton T-Shirt,119.59,6,0,825.17,0.0,825.17,Credit Card,0
ORD101113,2024-09-14,CUST01224,Returning,South,Sports & Outdoors,Yoga Mat,83.69,4,0,384.97,0.0,384.97,UPI,0
ORD100884,2024-09-14,CUST04041,Returning,South,Electronics,Smart Watch,126.54,3,0,436.56,0.0,436.56,Credit Card,0
ORD103813,2024-09-14,CUST03444,Returning,North,Home & Kitchen,Vacuum Cleaner,27.57,2,0,63.41,0.0,63.41,Credit Card,0
ORD101355,2024-09-14,CUST01360,Returning,West,Electronics,Power Bank,144.05,2,0,331.31,0.0,331.31,Net Banking,0
ORD101060,2024-09-14,CUST04721,New,North,Beauty & Personal Care,Hair Dryer,55.61,6,15,383.71,57.56,326.15,UPI,0
ORD101922,2024-09-14,CUST02862,New,West,Home & Kitchen,Air Fryer,133.58,10,0,1536.17,0.0,1536.17,Credit Card,0
ORD100917,2024-09-14,CUST01396,New,South,Apparel,Denim Jacket,91.87,5,10,528.25,52.82,475.43,Credit Card,0
ORD102476,2024-09-15,CUST03875,VIP,South,Home & Kitchen,Cookware Set,150.68,2,10,346.56,34.66,311.9,Net Banking,0
ORD101257,2024-09-15,CUST04665,New,Central,Home & Kitchen,Vacuum Cleaner,171.29,3,5,590.95,29.55,561.4,Cash on Delivery,0
ORD105158,2024-09-15,CUST04860,Returning,North,Electronics,Smartphone Case,235.39,2,0,541.4,0.0,541.4,UPI,0
ORD104542,2024-09-15,CUST04293,New,Central,Apparel,Winter Coat,44.69,6,15,308.36,46.25,262.11,Credit Card,0
ORD100937,2024-09-15,CUST04960,Returning,South,Apparel,Running Shoes,96.8,4,0,445.28,0.0,445.28,Debit Card,0
ORD105511,2024-09-15,CUST02021,New,North,Apparel,Cotton T-Shirt,100.91,4,0,464.19,0.0,464.19,Debit Card,0
ORD100778,2024-09-15,CUST01411,New,West,Home & Kitchen,Air Fryer,130.95,3,10,451.78,45.18,406.6,UPI,0
ORD103686,2024-09-15,CUST03653,Returning,South,Apparel,Winter Coat,84.23,5,0,484.32,0.0,484.32,Net Banking,0
ORD100266,2024-09-15,CUST03250,Returning,South,Apparel,Denim Jacket,70.24,3,0,242.33,0.0,242.33,UPI,0
ORD103384,2024-09-16,CUST01621,Returning,West,Electronics,Smart Watch,104.49,4,0,480.65,0.0,480.65,Debit Card,0
ORD104009,2024-09-16,CUST02536,Returning,North,Apparel,Cotton T-Shirt,77.2,4,10,355.12,35.51,319.61,UPI,0
ORD100208,2024-09-16,CUST01559,Returning,East,Apparel,Yoga Pants,68.9,7,0,554.64,0.0,554.64,Debit Card,0
ORD102485,2024-09-16,CUST04321,Returning,East,Home & Kitchen,Blender,159.86,5,0,919.2,0.0,919.2,UPI,0
ORD100288,2024-09-16,CUST04030,VIP,South,Apparel,Cotton T-Shirt,112.73,2,15,259.28,38.89,220.39,UPI,0
ORD105323,2024-09-16,CUST02233,New,North,Home & Kitchen,Vacuum Cleaner,40.72,3,10,140.48,14.05,126.43,UPI,0
ORD102772,2024-09-16,CUST01503,Returning,East,Sports & Outdoors,Camping Tent,106.99,6,10,738.23,73.82,664.41,Credit Card,0
ORD100863,2024-09-16,CUST03350,New,North,Sports & Outdoors,Camping Tent,76.95,5,20,442.46,88.49,353.97,Credit Card,0
ORD104455,2024-09-17,CUST04221,VIP,West,Apparel,Yoga Pants,69.39,4,0,319.19,0.0,319.19,Credit Card,0
ORD105121,2024-09-17,CUST01413,VIP,South,Sports & Outdoors,Camping Tent,166.12,4,0,764.15,0.0,764.15,Debit Card,0
ORD100370,2024-09-17,CUST04281,New,North,Home & Kitchen,Vacuum Cleaner,74.64,5,0,429.18,0.0,429.18,Credit Card,0
ORD102586,2024-09-17,CUST03830,New,East,Home & Kitchen,Cookware Set,114.71,5,0,659.58,0.0,659.58,Credit Card,1
ORD100527,2024-09-17,CUST01922,New,East,Home & Kitchen,Cookware Set,72.65,3,15,250.64,37.6,213.04,Cash on Delivery,0
ORD104234,2024-09-17,CUST03193,New,Central,Electronics,Smartphone Case,192.81,3,10,665.19,66.52,598.67,Debit Card,0
ORD102962,2024-09-17,CUST01389,Returning,West,Beauty & Personal Care,Hair Dryer,68.07,6,20,469.68,93.94,375.74,Debit Card,0
ORD102291,2024-09-18,CUST03615,Returning,South,Apparel,Running Shoes,109.99,3,0,379.47,0.0,379.47,Credit Card,0
ORD105915,2024-09-18,CUST01570,Returning,North,Electronics,Power Bank,209.2,5,5,1202.9,60.15,1142.75,UPI,0
ORD101094,2024-09-18,CUST03609,Returning,Central,Sports & Outdoors,Yoga Mat,64.63,4,0,297.3,0.0,297.3,Debit Card,0
ORD105161,2024-09-19,CUST04032,New,South,Beauty & Personal Care,Electric Trimmer,62.01,2,0,142.62,0.0,142.62,Credit Card,0
ORD104025,2024-09-19,CUST02293,New,South,Electronics,Smartphone Case,165.65,8,10,1523.98,152.4,1371.58,Debit Card,0
ORD100179,2024-09-19,CUST01966,Returning,North,Electronics,Power Bank,242.67,2,0,558.14,0.0,558.14,UPI,0
ORD102917,2024-09-19,CUST03810,Returning,West,Home & Kitchen,Air Fryer,114.26,5,0,657.0,0.0,657.0,UPI,0
ORD104057,2024-09-19,CUST04331,Returning,North,Beauty & Personal Care,Electric Trimmer,53.5,8,0,492.2,0.0,492.2,UPI,0
ORD105312,2024-09-19,CUST03768,VIP,West,Beauty & Personal Care,Electric Trimmer,81.91,3,5,282.59,14.13,268.46,Credit Card,0
ORD103378,2024-09-19,CUST03778,New,West,Sports & Outdoors,Cycling Helmet,8.74,6,0,60.31,0.0,60.31,Cash on Delivery,1
ORD104935,2024-09-19,CUST03784,Returning,East,Electronics,Wireless Earbuds,81.34,2,0,187.08,0.0,187.08,Credit Card,1
ORD102430,2024-09-19,CUST03069,New,Central,Electronics,Bluetooth Speaker,201.69,7,15,1623.6,243.54,1380.06,Cash on Delivery,0
ORD102746,2024-09-19,CUST02014,Returning,Central,Beauty & Personal Care,Hair Dryer,44.56,2,0,102.49,0.0,102.49,Credit Card,0
ORD100286,2024-09-19,CUST04785,Returning,Central,Beauty & Personal Care,Face Serum,76.43,5,15,439.47,65.92,373.55,UPI,0
ORD104086,2024-09-19,CUST03956,VIP,Central,Electronics,Smart Watch,32.12,2,5,73.88,3.69,70.19,UPI,0
ORD103062,2024-09-20,CUST03869,Returning,Central,Sports & Outdoors,Water Bottle,39.27,5,0,225.8,0.0,225.8,UPI,0
ORD101320,2024-09-20,CUST03043,New,North,Beauty & Personal Care,Face Serum,73.56,4,10,338.38,33.84,304.54,Debit Card,0
ORD102471,2024-09-20,CUST03573,Returning,North,Beauty & Personal Care,Hair Dryer,64.75,8,0,595.7,0.0,595.7,UPI,0
ORD101429,2024-09-20,CUST04772,New,North,Electronics,Smart Watch,66.7,1,0,76.7,0.0,76.7,Credit Card,0
ORD104623,2024-09-20,CUST02632,New,South,Electronics,Bluetooth Speaker,209.67,2,5,482.24,24.11,458.13,Cash on Delivery,0
ORD102094,2024-09-20,CUST03780,VIP,South,Sports & Outdoors,Camping Tent,43.93,5,0,252.6,0.0,252.6,Credit Card,0
ORD105951,2024-09-20,CUST03187,VIP,West,Beauty & Personal Care,Hair Dryer,16.46,3,5,56.79,2.84,53.95,UPI,0
ORD102860,2024-09-20,CUST02681,VIP,East,Sports & Outdoors,Camping Tent,166.68,3,0,575.05,0.0,575.05,UPI,0
ORD104005,2024-09-20,CUST04914,New,South,Apparel,Yoga Pants,50.25,5,0,288.94,0.0,288.94,Credit Card,0
ORD103304,2024-09-20,CUST04046,New,West,Electronics,Bluetooth Speaker,122.43,3,0,422.38,0.0,422.38,UPI,0
ORD104638,2024-09-21,CUST01329,New,East,Electronics,Smartphone Case,65.02,4,5,299.09,14.95,284.14,Credit Card,0
ORD105616,2024-09-21,CUST02591,Returning,West,Apparel,Running Shoes,75.06,4,15,345.28,51.79,293.49,Net Banking,0
ORD105274,2024-09-21,CUST02077,New,Central,Sports & Outdoors,Cycling Helmet,95.81,6,20,661.09,132.22,528.87,Credit Card,0
ORD105962,2024-09-21,CUST02022,Returning,West,Home & Kitchen,Cookware Set,66.84,3,0,230.6,0.0,230.6,Debit Card,0
ORD103610,2024-09-21,CUST03883,Returning,Central,Electronics,Power Bank,137.18,4,5,631.03,31.55,599.48,Cash on Delivery,0
ORD104523,2024-09-21,CUST03437,New,South,Home & Kitchen,Blender,160.63,7,0,1293.07,0.0,1293.07,UPI,1
ORD102640,2024-09-21,CUST02236,New,South,Beauty & Personal Care,Face Serum,41.05,3,5,141.62,7.08,134.54,UPI,0
ORD101944,2024-09-21,CUST03804,Returning,South,Beauty & Personal Care,Hair Dryer,62.98,2,0,144.85,0.0,144.85,Credit Card,0
ORD101181,2024-09-21,CUST04101,New,East,Apparel,Denim Jacket,30.99,3,0,106.92,0.0,106.92,Credit Card,0
ORD102774,2024-09-21,CUST01605,New,South,Beauty & Personal Care,Skincare Kit,57.33,3,0,197.79,0.0,197.79,Cash on Delivery,0
ORD102293,2024-09-21,CUST02547,Returning,East,Apparel,Winter Coat,112.56,4,5,517.78,25.89,491.89,Credit Card,0
ORD103842,2024-09-22,CUST02691,New,North,Beauty & Personal Care,Skincare Kit,73.17,4,0,336.58,0.0,336.58,UPI,0
ORD100891,2024-09-22,CUST04619,VIP,East,Beauty & Personal Care,Face Serum,,3,10,100.5,10.05,90.45,Credit Card,0
ORD101857,2024-09-22,CUST04999,New,West,Electronics,Wireless Earbuds,32.44,2,0,74.61,0.0,74.61,Debit Card,0
ORD104961,2024-09-22,CUST01993,New,South,Electronics,Bluetooth Speaker,85.7,3,15,295.67,44.35,251.32,Debit Card,0
ORD102597,2024-09-22,CUST03763,New,North,Sports & Outdoors,Dumbbell Set,122.58,1,0,140.97,0.0,140.97,Debit Card,0
ORD102199,2024-09-22,CUST01425,New,West,Apparel,Denim Jacket,15.21,4,0,69.97,0.0,69.97,UPI,0
ORD103651,2024-09-22,CUST04755,New,North,Home & Kitchen,Vacuum Cleaner,66.98,8,0,616.22,0.0,616.22,Credit Card,0
ORD104953,2024-09-22,CUST01541,VIP,North,Home & Kitchen,Vacuum Cleaner,75.32,4,0,346.47,0.0,346.47,Credit Card,0
ORD101283,2024-09-23,CUST03439,Returning,Central,Beauty & Personal Care,Electric Trimmer,32.85,4,0,151.11,0.0,151.11,Credit Card,0
ORD104630,2024-09-23,CUST01616,Returning,East,Apparel,Yoga Pants,32.47,4,20,149.36,29.87,119.49,UPI,1
ORD103134,2024-09-23,CUST03684,VIP,Central,Apparel,Cotton T-Shirt,65.79,1,0,75.66,0.0,75.66,Net Banking,0
ORD103607,2024-09-23,CUST04735,Returning,East,Apparel,Cotton T-Shirt,67.49,2,0,155.23,0.0,155.23,UPI,0
ORD103695,2024-09-23,CUST03438,Returning,West,Electronics,Power Bank,97.42,5,0,560.16,0.0,560.16,Credit Card,0
ORD101964,2024-09-23,CUST04651,New,West,Electronics,Bluetooth Speaker,134.96,3,5,465.61,23.28,442.33,Cash on Delivery,0
ORD102813,2024-09-23,CUST04617,New,North,Electronics,Power Bank,171.04,3,0,590.09,0.0,590.09,Net Banking,0
ORD102298,2024-09-24,CUST02969,New,Central,Electronics,Wireless Earbuds,65.12,6,0,449.33,0.0,449.33,Debit Card,0
ORD102171,2024-09-24,CUST04635,Returning,Central,Electronics,Smartphone Case,152.31,6,15,1050.94,157.64,893.3,Debit Card,0
ORD103110,2024-09-24,CUST02171,Returning,West,Electronics,Smartphone Case,120.0,4,0,552.0,0.0,552.0,Cash on Delivery,0
ORD102279,2024-09-24,CUST04218,Returning,West,Home & Kitchen,Cookware Set,55.69,2,20,128.09,25.62,102.47,Cash on Delivery,0
ORD100178,2024-09-24,CUST04263,Returning,East,Electronics,Wireless Earbuds,144.89,2,0,333.25,0.0,333.25,UPI,0
ORD103673,2024-09-24,CUST02861,New,Central,Electronics,Smart Watch,153.93,5,5,885.1,44.26,840.84,Debit Card,0
ORD102683,2024-09-24,CUST04018,Returning,West,Apparel,Running Shoes,90.43,6,10,623.97,62.4,561.57,Cash on Delivery,0
ORD104562,2024-09-25,CUST03166,Returning,West,Apparel,Denim Jacket,66.29,10,0,762.34,0.0,762.34,UPI,0
ORD103336,2024-09-25,CUST03123,VIP,East,Home & Kitchen,Blender,52.81,3,10,182.19,18.22,163.97,Cash on Delivery,0
ORD100830,2024-09-25,CUST01818,New,Central,Electronics,Smart Watch,141.51,3,10,488.21,48.82,439.39,Cash on Delivery,0
ORD105969,2024-09-25,CUST04616,Returning,North,Home & Kitchen,Cookware Set,113.7,4,0,523.02,0.0,523.02,Debit Card,0
ORD101334,2024-09-25,CUST02133,New,North,Home & Kitchen,Vacuum Cleaner,33.04,1,0,38.0,0.0,38.0,UPI,0
ORD100443,2024-09-25,CUST03061,Returning,South,Beauty & Personal Care,Perfume,43.3,3,10,149.38,14.94,134.44,UPI,1
ORD100591,2024-09-25,CUST04058,New,Central,Sports & Outdoors,Dumbbell Set,72.36,1,0,83.21,0.0,83.21,Debit Card,0
ORD100609,2024-09-25,CUST01951,New,North,Beauty & Personal Care,Electric Trimmer,22.75,4,5,104.65,5.23,99.42,UPI,0
ORD105496,2024-09-25,CUST04697,Returning,North,Electronics,Power Bank,138.26,4,0,636.0,0.0,636.0,Credit Card,0
ORD104149,2024-09-26,CUST04022,New,North,Electronics,Wireless Earbuds,207.74,5,0,1194.5,0.0,1194.5,Debit Card,0
ORD101077,2024-09-26,CUST04341,VIP,North,Home & Kitchen,Air Fryer,61.97,4,0,285.06,0.0,285.06,UPI,0
ORD101561,2024-09-26,CUST03979,Returning,North,Electronics,Smartphone Case,226.2,1,5,260.13,13.01,247.12,Debit Card,0
ORD101817,2024-09-26,CUST04850,New,West,Apparel,Winter Coat,16.61,5,5,95.51,4.78,90.73,Credit Card,0
ORD104671,2024-09-26,CUST01544,VIP,South,Home & Kitchen,Blender,118.52,4,15,545.19,81.78,463.41,UPI,1
ORD105774,2024-09-27,CUST01449,VIP,West,Beauty & Personal Care,Hair Dryer,48.17,4,0,221.58,0.0,221.58,Cash on Delivery,0
ORD104310,2024-09-27,CUST03859,Returning,South,Sports & Outdoors,Cycling Helmet,150.55,3,0,519.4,0.0,519.4,UPI,0
ORD100428,2024-09-27,CUST01811,Returning,North,Home & Kitchen,Coffee Maker,35.21,6,0,242.95,0.0,242.95,UPI,0
ORD103108,2024-09-27,CUST03396,New,South,Sports & Outdoors,Yoga Mat,61.28,4,0,281.89,0.0,281.89,UPI,0
ORD101039,2024-09-28,CUST02325,New,East,Apparel,Yoga Pants,19.33,5,0,111.15,0.0,111.15,UPI,0
ORD103447,2024-09-28,CUST01985,VIP,Central,Home & Kitchen,Vacuum Cleaner,43.59,1,0,50.13,0.0,50.13,Credit Card,0
ORD102172,2024-09-28,CUST03651,Returning,West,Apparel,Running Shoes,87.64,6,10,604.72,60.47,544.25,Credit Card,0
ORD102892,2024-09-28,CUST01689,Returning,East,Electronics,Smart Watch,73.77,4,0,339.34,0.0,339.34,Cash on Delivery,0
ORD101901,2024-09-28,CUST03474,Returning,West,Sports & Outdoors,Cycling Helmet,112.03,4,0,515.34,0.0,515.34,Cash on Delivery,1
ORD102220,2024-09-28,CUST03107,New,East,Home & Kitchen,Vacuum Cleaner,119.79,7,0,964.31,0.0,964.31,Credit Card,0
ORD104994,2024-09-28,CUST03137,New,West,Electronics,Smartphone Case,125.06,1,5,143.82,7.19,136.63,UPI,0
ORD103131,2024-09-28,CUST04672,VIP,Central,Beauty & Personal Care,Electric Trimmer,81.41,6,0,561.73,0.0,561.73,Debit Card,0
ORD104978,2024-09-29,CUST03658,New,North,Sports & Outdoors,Yoga Mat,126.82,4,0,583.37,0.0,583.37,Cash on Delivery,0
ORD104558,2024-09-29,CUST04315,VIP,Central,Apparel,Winter Coat,40.53,1,0,46.61,0.0,46.61,UPI,0
ORD104167,2024-09-29,CUST03790,Returning,South,Home & Kitchen,Blender,69.75,4,5,320.85,16.04,304.81,Credit Card,0
ORD100446,2024-09-29,CUST02787,Returning,North,Home & Kitchen,Vacuum Cleaner,120.66,4,0,555.04,0.0,555.04,Credit Card,0
ORD103418,2024-09-29,CUST03003,New,East,Apparel,Denim Jacket,115.1,3,5,397.09,19.85,377.24,UPI,0
ORD100642,2024-09-29,CUST03311,Returning,East,Beauty & Personal Care,Electric Trimmer,32.84,6,0,226.6,0.0,226.6,Cash on Delivery,0
ORD102605,2024-09-29,CUST02993,Returning,East,Electronics,Bluetooth Speaker,47.05,4,15,216.43,32.46,183.97,Debit Card,0
ORD102790,2024-09-29,CUST03068,New,North,Electronics,Smart Watch,94.54,5,0,543.61,0.0,543.61,Net Banking,0
ORD100219,2024-09-29,CUST03199,Returning,South,Home & Kitchen,Vacuum Cleaner,114.88,2,0,264.22,0.0,264.22,Credit Card,0
ORD103804,2024-09-29,CUST04200,Returning,West,Home & Kitchen,Air Fryer,83.76,3,0,288.97,0.0,288.97,Net Banking,0
ORD105666,2024-09-29,CUST03804,VIP,West,Home & Kitchen,Blender,24.52,4,10,112.79,11.28,101.51,UPI,0
ORD102007,2024-09-29,CUST02302,New,North,Electronics,Bluetooth Speaker,142.02,3,0,489.97,0.0,489.97,Net Banking,0
ORD105561,2024-09-30,CUST04918,VIP,Central,Electronics,Wireless Earbuds,101.76,5,15,585.12,87.77,497.35,Net Banking,0
ORD100373,2024-09-30,CUST04345,New,South,Electronics,Smartphone Case,212.85,2,5,489.55,24.48,465.07,UPI,0
ORD105804,2024-09-30,CUST01371,New,North,Beauty & Personal Care,Electric Trimmer,42.04,5,0,241.73,0.0,241.73,UPI,0
ORD104423,2024-09-30,CUST02051,New,South,Home & Kitchen,Cookware Set,89.95,2,0,206.88,0.0,206.88,Cash on Delivery,0
ORD100868,2024-09-30,CUST04406,New,North,Apparel,Winter Coat,32.56,5,0,187.22,0.0,187.22,Credit Card,0
ORD102832,2024-09-30,CUST01809,VIP,West,Electronics,Smart Watch,29.52,2,0,67.9,0.0,67.9,Credit Card,0
ORD103278,2024-09-30,CUST01140,New,West,Home & Kitchen,Air Fryer,32.41,5,0,186.36,0.0,186.36,Debit Card,0
ORD103654,2024-09-30,CUST04761,New,East,Home & Kitchen,Coffee Maker,169.91,5,0,976.98,0.0,976.98,UPI,0
ORD105120,2024-09-30,CUST02803,Returning,East,Beauty & Personal Care,Hair Dryer,9.88,4,0,45.45,0.0,45.45,Debit Card,1
ORD102990,2024-10-01,CUST04038,Returning,Central,Apparel,Yoga Pants,69.51,2,0,159.87,0.0,159.87,Cash on Delivery,0
ORD100254,2024-10-01,CUST03242,New,East,Electronics,Wireless Earbuds,173.43,3,0,598.33,0.0,598.33,Cash on Delivery,0
ORD104603,2024-10-01,CUST04265,New,East,Beauty & Personal Care,Skincare Kit,52.29,2,0,120.27,0.0,120.27,Debit Card,0
ORD104933,2024-10-01,CUST02960,New,East,Home & Kitchen,Cookware Set,29.24,3,5,100.88,5.04,95.84,UPI,0
ORD101160,2024-10-01,CUST01704,Returning,South,Beauty & Personal Care,Perfume,44.11,7,0,355.09,0.0,355.09,Net Banking,1
ORD100313,2024-10-01,CUST04771,New,South,Home & Kitchen,Coffee Maker,56.85,3,15,196.13,29.42,166.71,Debit Card,0
ORD100168,2024-10-01,CUST01232,Returning,North,Apparel,Yoga Pants,49.6,2,0,114.08,0.0,114.08,UPI,0
ORD103052,2024-10-01,CUST03903,Returning,Central,Sports & Outdoors,Camping Tent,170.81,2,0,392.86,0.0,392.86,UPI,0
ORD105866,2024-10-02,CUST01626,VIP,East,Sports & Outdoors,Yoga Mat,59.74,4,0,274.8,0.0,274.8,Debit Card,0
ORD100441,2024-10-02,CUST02851,VIP,Central,Sports & Outdoors,Cycling Helmet,84.87,4,0,390.4,0.0,390.4,Credit Card,0
ORD102070,2024-10-02,CUST04838,Returning,South,Home & Kitchen,Blender,150.07,5,0,862.9,0.0,862.9,Credit Card,0
ORD101377,2024-10-02,CUST02039,New,West,Home & Kitchen,Air Fryer,54.51,5,0,313.43,0.0,313.43,Debit Card,1
ORD102792,2024-10-02,CUST03910,New,North,Home & Kitchen,Vacuum Cleaner,95.31,6,0,657.64,0.0,657.64,Cash on Delivery,0
ORD100257,2024-10-02,CUST03304,Returning,East,Apparel,Yoga Pants,46.6,2,0,107.18,0.0,107.18,Debit Card,0
ORD102398,2024-10-03,CUST01317,Returning,West,Apparel,Cotton T-Shirt,64.25,1,0,73.89,0.0,73.89,UPI,0
ORD100995,2024-10-03,CUST03659,New,East,Beauty & Personal Care,Perfume,51.31,3,0,177.02,0.0,177.02,Cash on Delivery,0
ORD101972,2024-10-03,CUST01751,VIP,West,Sports & Outdoors,Dumbbell Set,24.17,4,0,111.18,0.0,111.18,UPI,0
ORD100213,2024-10-03,CUST03503,New,South,Electronics,Power Bank,150.85,3,5,520.43,26.02,494.41,Credit Card,0
ORD105597,2024-10-03,CUST02289,VIP,East,Sports & Outdoors,Dumbbell Set,43.59,5,0,250.64,0.0,250.64,Net Banking,0
ORD105006,2024-10-03,CUST03443,Returning,West,Apparel,Running Shoes,119.32,4,0,548.87,0.0,548.87,Debit Card,0
ORD102244,2024-10-03,CUST02311,Returning,East,Beauty & Personal Care,Hair Dryer,48.87,3,5,168.6,8.43,160.17,Credit Card,0
ORD101217,2024-10-04,CUST03511,VIP,North,Beauty & Personal Care,Electric Trimmer,58.21,2,20,133.88,26.78,107.1,Debit Card,0
ORD100131,2024-10-04,CUST03779,New,East,Home & Kitchen,Blender,134.89,5,0,775.62,0.0,775.62,Debit Card,0
ORD101903,2024-10-04,CUST01516,New,North,Beauty & Personal Care,Electric Trimmer,8.05,4,0,37.03,0.0,37.03,Debit Card,0
ORD104918,2024-10-04,CUST04055,VIP,West,Beauty & Personal Care,Skincare Kit,89.84,3,0,309.95,0.0,309.95,UPI,0
ORD101869,2024-10-04,CUST01588,New,West,Electronics,Bluetooth Speaker,180.7,2,5,415.61,20.78,394.83,Credit Card,0
ORD105087,2024-10-04,CUST02941,New,West,Home & Kitchen,Vacuum Cleaner,98.51,4,0,453.15,0.0,453.15,Credit Card,1
ORD103825,2024-10-05,CUST03622,Returning,West,Electronics,Power Bank,37.89,3,5,130.72,6.54,124.18,UPI,0
ORD104386,2024-10-05,CUST03496,Returning,North,Beauty & Personal Care,Skincare Kit,62.54,4,5,287.68,14.38,273.3,Cash on Delivery,0
ORD104679,2024-10-05,CUST04145,Returning,Central,Home & Kitchen,Cookware Set,34.34,3,5,118.47,5.92,112.55,UPI,0
ORD102060,2024-10-05,CUST01818,VIP,North,Home & Kitchen,Air Fryer,112.03,6,5,773.01,38.65,734.36,Cash on Delivery,0
ORD102137,2024-10-05,CUST02319,Returning,Central,Electronics,Power Bank,123.81,4,10,569.53,56.95,512.58,Debit Card,0
ORD101214,2024-10-05,CUST01140,VIP,Central,Sports & Outdoors,Yoga Mat,157.36,5,20,904.82,180.96,723.86,Cash on Delivery,0
ORD100743,2024-10-06,CUST02663,New,North,Sports & Outdoors,Cycling Helmet,52.31,5,15,300.78,45.12,255.66,UPI,0
ORD102525,2024-10-06,CUST04548,VIP,North,Home & Kitchen,Cookware Set,113.67,3,20,392.16,78.43,313.73,UPI,0
ORD104482,2024-10-06,CUST04793,Returning,South,Apparel,Yoga Pants,22.22,3,10,76.66,7.67,68.99,Credit Card,0
ORD100969,2024-10-06,CUST04330,Returning,South,Beauty & Personal Care,Perfume,52.92,5,0,304.29,0.0,304.29,Debit Card,0
ORD104051,2024-10-06,CUST04752,Returning,North,Beauty & Personal Care,Hair Dryer,51.97,3,0,179.3,0.0,179.3,UPI,0
ORD103843,2024-10-06,CUST03618,New,East,Sports & Outdoors,Water Bottle,126.44,3,0,436.22,0.0,436.22,Debit Card,0
ORD104887,2024-10-06,CUST03570,New,West,Beauty & Personal Care,Electric Trimmer,71.82,3,0,247.78,0.0,247.78,UPI,0
ORD105855,2024-10-06,CUST01931,VIP,Central,Home & Kitchen,Cookware Set,146.9,2,5,337.87,16.89,320.98,Debit Card,0
ORD102997,2024-10-06,CUST04023,New,South,Electronics,Smart Watch,82.78,3,15,285.59,42.84,242.75,Debit Card,0
ORD100840,2024-10-06,CUST03313,Returning,South,Apparel,Denim Jacket,72.33,3,10,249.54,24.95,224.59,UPI,0
ORD102440,2024-10-06,CUST04700,Returning,North,Beauty & Personal Care,Perfume,62.94,3,10,217.14,21.71,195.43,UPI,0
ORD103411,2024-10-07,CUST04842,New,North,Electronics,Smart Watch,111.9,2,0,257.37,0.0,257.37,UPI,0
ORD100956,2024-10-07,CUST02100,Returning,Central,Apparel,Winter Coat,42.08,3,10,145.18,14.52,130.66,UPI,0
ORD101324,2024-10-07,CUST04619,Returning,Central,Home & Kitchen,Blender,43.9,5,0,252.42,0.0,252.42,Net Banking,0
ORD103072,2024-10-07,CUST03365,New,East,Home & Kitchen,Coffee Maker,52.63,5,10,302.62,30.26,272.36,UPI,0
ORD104550,2024-10-07,CUST04271,Returning,West,Apparel,Yoga Pants,30.78,5,0,176.98,0.0,176.98,Net Banking,0
ORD103006,2024-10-07,CUST01005,Returning,North,Electronics,Power Bank,246.38,4,0,1133.35,0.0,1133.35,Credit Card,0
ORD101690,2024-10-07,CUST02460,Returning,North,Sports & Outdoors,Cycling Helmet,102.32,5,10,588.34,58.83,529.51,Debit Card,0
ORD101052,2024-10-07,CUST03030,New,West,Electronics,Wireless Earbuds,104.73,4,0,481.76,0.0,481.76,UPI,0
ORD100162,2024-10-07,CUST02327,VIP,East,Beauty & Personal Care,Face Serum,19.83,8,0,182.44,0.0,182.44,UPI,0
ORD102609,2024-10-08,CUST04219,New,North,Electronics,Smart Watch,56.1,3,0,193.54,0.0,193.54,Net Banking,1
ORD103550,2024-10-08,CUST03057,Returning,East,Electronics,Smart Watch,179.66,8,0,1652.87,0.0,1652.87,Debit Card,0
ORD103811,2024-10-08,CUST03181,Returning,Central,Home & Kitchen,Cookware Set,120.16,4,0,552.74,0.0,552.74,Credit Card,0
ORD100046,2024-10-08,CUST03499,New,Central,Electronics,Bluetooth Speaker,195.82,6,0,1351.16,0.0,1351.16,Debit Card,0
ORD104655,2024-10-09,CUST01555,Returning,North,Sports & Outdoors,Camping Tent,178.49,5,0,1026.32,0.0,1026.32,Debit Card,0
ORD103205,2024-10-09,CUST01667,Returning,West,Beauty & Personal Care,Perfume,67.99,4,0,312.75,0.0,312.75,Net Banking,1
ORD100102,2024-10-09,CUST04672,New,South,Sports & Outdoors,Cycling Helmet,33.59,5,10,193.14,19.31,173.83,Debit Card,0
ORD102238,2024-10-09,CUST03691,New,West,Sports & Outdoors,Water Bottle,68.82,4,10,316.57,31.66,284.91,Credit Card,0
ORD102553,2024-10-09,CUST02961,New,East,Home & Kitchen,Coffee Maker,169.27,4,0,778.64,0.0,778.64,Debit Card,0
ORD102129,2024-10-09,CUST04041,New,East,Electronics,Wireless Earbuds,130.38,1,0,149.94,0.0,149.94,Cash on Delivery,0
ORD100616,2024-10-09,CUST04158,New,North,Beauty & Personal Care,Perfume,53.42,4,5,245.73,12.29,233.44,Debit Card,0
ORD100698,2024-10-09,CUST02316,Returning,West,Beauty & Personal Care,Hair Dryer,32.51,4,0,149.55,0.0,149.55,Credit Card,0
ORD102284,2024-10-09,CUST02944,Returning,South,Electronics,Bluetooth Speaker,215.66,3,5,744.03,37.2,706.83,Credit Card,0
ORD103559,2024-10-09,CUST03052,Returning,North,Home & Kitchen,Cookware Set,99.3,3,0,342.58,0.0,342.58,UPI,0
ORD101085,2024-10-09,CUST03661,Returning,East,Electronics,Power Bank,187.61,2,5,431.5,21.58,409.92,Debit Card,0
ORD102030,2024-10-09,CUST04974,Returning,East,Sports & Outdoors,Dumbbell Set,35.97,6,0,248.19,0.0,248.19,Credit Card,0
ORD104445,2024-10-10,CUST02708,New,West,Apparel,Running Shoes,27.47,1,0,31.59,0.0,31.59,Debit Card,0
ORD101563,2024-10-10,CUST01317,New,West,Apparel,Denim Jacket,30.53,5,5,175.55,8.78,166.77,Debit Card,0
ORD105174,2024-10-10,CUST04877,Returning,East,Sports & Outdoors,Yoga Mat,83.24,9,0,861.53,0.0,861.53,UPI,0
ORD102975,2024-10-10,CUST01711,New,West,Home & Kitchen,Blender,164.74,4,5,757.8,37.89,719.91,Credit Card,1
ORD100185,2024-10-10,CUST01614,Returning,West,Electronics,Wireless Earbuds,99.47,3,0,343.17,0.0,343.17,Credit Card,0
ORD103730,2024-10-10,CUST01540,Returning,central,Electronics,Power Bank,157.86,2,0,363.08,0.0,363.08,Cash on Delivery,0
ORD105672,2024-10-10,CUST02101,Returning,North,Sports & Outdoors,Camping Tent,136.15,6,5,939.44,46.97,892.47,Credit Card,0
ORD102208,2024-10-11,CUST02218,Returning,South,Sports & Outdoors,Cycling Helmet,166.89,4,0,767.69,0.0,767.69,Debit Card,0
ORD102450,2024-10-11,CUST02569,New,Central,Electronics,Bluetooth Speaker,112.91,4,0,519.39,0.0,519.39,UPI,0
ORD102899,2024-10-11,CUST04555,Returning,West,Sports & Outdoors,Dumbbell Set,188.05,2,0,432.51,0.0,432.51,Net Banking,0
ORD104097,2024-10-11,CUST03000,New,East,Home & Kitchen,Cookware Set,105.61,1,0,121.45,0.0,121.45,Debit Card,0
ORD103759,2024-10-11,CUST03284,Returning,North,Apparel,Denim Jacket,99.05,9,0,1025.17,0.0,1025.17,Net Banking,0
ORD104744,2024-10-11,CUST02153,New,West,Beauty & Personal Care,Skincare Kit,9.46,4,0,43.52,0.0,43.52,Credit Card,0
ORD104563,2024-10-11,CUST02503,New,South,Apparel,Yoga Pants,33.24,5,0,191.13,0.0,191.13,Debit Card,0
ORD104366,2024-10-11,CUST02897,New,North,Beauty & Personal Care,Face Serum,,3,0,198.27,0.0,198.27,Debit Card,0
ORD104989,2024-10-11,CUST04178,Returning,North,Sports & Outdoors,Cycling Helmet,85.61,9,0,886.06,0.0,886.06,Credit Card,0
ORD104420,2024-10-11,CUST03545,New,South,Sports & Outdoors,Cycling Helmet,108.1,2,15,248.63,37.29,211.34,UPI,0
ORD100991,2024-10-11,CUST04837,Returning,Central,Beauty & Personal Care,Electric Trimmer,25.89,2,10,59.55,5.96,53.59,UPI,0
ORD105515,2024-10-12,CUST03642,New,North,Home & Kitchen,Blender,87.3,3,0,301.18,0.0,301.18,Debit Card,0
ORD103038,2024-10-12,CUST01198,New,East,Home & Kitchen,Vacuum Cleaner,95.55,2,10,219.76,21.98,197.78,Net Banking,0
ORD104862,2024-10-12,CUST04158,Returning,West,Beauty & Personal Care,Electric Trimmer,32.95,5,0,189.46,0.0,189.46,UPI,0
ORD104038,2024-10-12,CUST01737,New,North,Sports & Outdoors,Yoga Mat,182.78,4,5,840.79,42.04,798.75,Cash on Delivery,0
ORD103672,2024-10-12,CUST03461,New,South,Sports & Outdoors,Yoga Mat,144.47,3,5,498.42,24.92,473.5,UPI,0
ORD104140,2024-10-12,CUST03980,VIP,West,Home & Kitchen,Blender,90.48,2,0,208.1,0.0,208.1,Debit Card,1
ORD102531,2024-10-12,CUST02966,VIP,East,Beauty & Personal Care,Hair Dryer,68.35,2,15,157.2,23.58,133.62,Credit Card,0
ORD103710,2024-10-13,CUST01818,New,Central,Electronics,Smartphone Case,73.84,3,0,254.75,0.0,254.75,UPI,0
ORD100271,2024-10-13,CUST01832,Returning,Central,Home & Kitchen,Coffee Maker,171.04,1,15,196.7,29.5,167.2,Debit Card,1
ORD102569,2024-10-13,CUST01248,New,West,Home & Kitchen,Coffee Maker,151.68,5,0,872.16,0.0,872.16,UPI,0
ORD105949,2024-10-13,CUST03241,VIP,West,Beauty & Personal Care,Hair Dryer,64.54,8,0,593.77,0.0,593.77,Debit Card,0
ORD104811,2024-10-13,CUST01192,Returning,Central,Home & Kitchen,Air Fryer,145.55,3,0,502.15,0.0,502.15,UPI,0
ORD100640,2024-10-14,CUST03638,New,Central,Electronics,Smartphone Case,42.89,1,0,49.32,0.0,49.32,Debit Card,0
ORD105398,2024-10-14,CUST02739,New,North,Sports & Outdoors,Water Bottle,67.76,2,0,155.85,0.0,155.85,UPI,0
ORD102369,2024-10-14,CUST02025,New,West,Apparel,Running Shoes,32.61,3,10,112.5,11.25,101.25,UPI,0
ORD105905,2024-10-14,CUST03320,Returning,North,Electronics,Smartphone Case,132.13,4,0,607.8,0.0,607.8,Credit Card,0
ORD104537,2024-10-14,CUST04206,Returning,South,Home & Kitchen,Cookware Set,115.16,5,0,662.17,0.0,662.17,Credit Card,0
ORD103218,2024-10-14,CUST02044,Returning,Central,Sports & Outdoors,Dumbbell Set,76.07,7,0,612.36,0.0,612.36,Credit Card,1
ORD105648,2024-10-14,CUST03506,VIP,East,Home & Kitchen,Blender,112.64,3,5,388.61,19.43,369.18,UPI,0
ORD100605,2024-10-14,CUST03596,New,Central,Electronics,Smartphone Case,81.32,4,0,374.07,0.0,374.07,UPI,0
ORD103990,2024-10-14,CUST02254,Returning,Central,Apparel,Running Shoes,12.14,7,5,97.73,4.89,92.84,UPI,0
ORD102381,2024-10-14,CUST01902,VIP,East,Home & Kitchen,Cookware Set,90.54,1,10,104.12,10.41,93.71,Credit Card,0
ORD100394,2024-10-15,CUST02300,New,West,Home & Kitchen,Coffee Maker,120.0,3,0,414.0,0.0,414.0,UPI,0
ORD102037,2024-10-15,CUST03931,New,West,Electronics,Wireless Earbuds,224.73,3,5,775.32,38.77,736.55,Net Banking,0
ORD102309,2024-10-15,CUST03716,New,North,Electronics,Power Bank,82.85,5,10,476.39,47.64,428.75,Cash on Delivery,0
ORD100981,2024-10-15,CUST01446,New,West,Sports & Outdoors,Yoga Mat,154.91,3,5,534.44,26.72,507.72,Net Banking,0
ORD103064,2024-10-15,CUST01736,Returning,West,Home & Kitchen,Vacuum Cleaner,94.65,6,0,653.09,0.0,653.09,Debit Card,0
ORD105268,2024-10-15,CUST01158,Returning,East,Electronics,Smart Watch,232.65,3,0,802.64,0.0,802.64,UPI,0
ORD103123,2024-10-15,CUST04592,New,South,Beauty & Personal Care,Perfume,28.62,3,0,98.74,0.0,98.74,Credit Card,0
ORD104904,2024-10-15,CUST01978,Returning,East,Apparel,Cotton T-Shirt,83.99,1,0,96.59,0.0,96.59,UPI,0
ORD102075,2024-10-16,CUST03496,Returning,West,Beauty & Personal Care,Face Serum,21.38,4,0,98.35,0.0,98.35,UPI,0
ORD104897,2024-10-16,CUST02948,New,South,Apparel,Denim Jacket,98.18,5,0,564.53,0.0,564.53,Cash on Delivery,0
ORD105410,2024-10-16,CUST03409,New,South,Electronics,Smartphone Case,57.3,3,0,197.68,0.0,197.68,Net Banking,0
ORD102912,2024-10-16,CUST02495,New,West,Home & Kitchen,Coffee Maker,81.54,4,0,375.08,0.0,375.08,Debit Card,0
ORD100149,2024-10-16,CUST04736,New,South,Home & Kitchen,Coffee Maker,127.58,3,0,440.15,0.0,440.15,Credit Card,0
ORD102838,2024-10-16,CUST01329,Returning,West,Sports & Outdoors,Cycling Helmet,25.69,3,0,88.63,0.0,88.63,UPI,0
ORD101416,2024-10-16,CUST04293,New,South,Electronics,Smart Watch,159.72,5,0,918.39,0.0,918.39,Credit Card,0
ORD104821,2024-10-16,CUST03656,VIP,Central,Sports & Outdoors,Yoga Mat,83.1,4,0,382.26,0.0,382.26,UPI,0
ORD102203,2024-10-16,CUST01830,New,South,Electronics,Smart Watch,222.33,5,0,1278.4,0.0,1278.4,Credit Card,0
ORD103288,2024-10-16,CUST04793,New,North,Beauty & Personal Care,Electric Trimmer,14.07,3,10,48.54,4.85,43.69,Credit Card,0
ORD100460,2024-10-17,CUST01121,VIP,North,Beauty & Personal Care,Skincare Kit,68.6,7,0,552.23,0.0,552.23,Net Banking,0
ORD103593,2024-10-17,CUST02135,New,West,Electronics,Wireless Earbuds,212.11,4,0,975.71,0.0,975.71,UPI,0
ORD100425,2024-10-17,CUST02253,New,West,Apparel,Denim Jacket,63.57,8,15,584.84,87.73,497.11,UPI,0
ORD105586,2024-10-17,CUST04821,New,Central,Beauty & Personal Care,Electric Trimmer,77.42,5,0,445.16,0.0,445.16,UPI,0
ORD100685,2024-10-17,CUST04708,New,North,Home & Kitchen,Air Fryer,155.98,5,5,896.88,44.84,852.04,Cash on Delivery,0
ORD102654,2024-10-17,CUST02280,New,Central,Sports & Outdoors,Dumbbell Set,43.31,5,0,249.03,0.0,249.03,Credit Card,0
ORD102286,2024-10-17,CUST02766,New,North,Electronics,Power Bank,92.21,4,0,424.17,0.0,424.17,UPI,0
ORD105731,2024-10-17,CUST02953,VIP,West,Sports & Outdoors,Dumbbell Set,92.61,4,0,426.01,0.0,426.01,Debit Card,0
ORD100432,2024-10-18,CUST02117,New,North,Electronics,Smart Watch,239.3,5,10,1375.97,137.6,1238.37,Debit Card,0
ORD103589,2024-10-18,CUST02150,New,South,Electronics,Bluetooth Speaker,178.41,4,0,820.69,0.0,820.69,UPI,0
ORD101736,2024-10-18,CUST01560,New,North,Electronics,Smartphone Case,92.49,4,5,425.45,21.27,404.18,Credit Card,0
ORD100621,2024-10-18,CUST03216,Returning,East,Beauty & Personal Care,Electric Trimmer,25.49,3,0,87.94,0.0,87.94,Credit Card,0
ORD104375,2024-10-18,CUST02780,New,North,Beauty & Personal Care,Hair Dryer,71.55,5,10,411.41,41.14,370.27,Debit Card,0
ORD103462,2024-10-18,CUST01040,Returning,East,Apparel,Running Shoes,91.09,5,0,523.77,0.0,523.77,Cash on Delivery,0
ORD102282,2024-10-18,CUST01676,Returning,East,Electronics,Wireless Earbuds,67.49,2,15,155.23,23.28,131.95,Credit Card,0
ORD105399,2024-10-18,CUST02540,New,East,Home & Kitchen,Cookware Set,157.11,4,10,722.71,72.27,650.44,Credit Card,0
ORD100596,2024-10-19,CUST02826,New,South,Electronics,Bluetooth Speaker,38.55,4,0,177.33,0.0,177.33,Debit Card,0
ORD105791,2024-10-19,CUST01192,New,Central,Electronics,Wireless Earbuds,63.87,4,0,293.8,0.0,293.8,Credit Card,0
ORD105485,2024-10-19,CUST01610,New,South,Electronics,Smart Watch,109.21,7,15,879.14,131.87,747.27,Debit Card,0
ORD103330,2024-10-19,CUST02194,Returning,East,Home & Kitchen,Cookware Set,33.0,4,10,151.8,15.18,136.62,UPI,0
ORD103275,2024-10-19,CUST01325,New,East,Home & Kitchen,Vacuum Cleaner,28.93,6,0,199.62,0.0,199.62,Debit Card,1
ORD102134,2024-10-19,CUST03207,New,Central,Electronics,Wireless Earbuds,193.39,6,0,1334.39,0.0,1334.39,Net Banking,0
ORD104650,2024-10-19,CUST04840,New,Central,Apparel,Yoga Pants,57.58,2,5,132.43,6.62,125.81,Credit Card,0
ORD102217,2024-10-19,CUST04644,Returning,Central,Sports & Outdoors,Water Bottle,146.71,4,0,674.87,0.0,674.87,Cash on Delivery,1
ORD104755,2024-10-19,CUST03862,New,Central,Sports & Outdoors,Cycling Helmet,167.42,5,5,962.66,48.13,914.53,Debit Card,0
ORD103720,2024-10-19,CUST03421,VIP,Central,Apparel,Running Shoes,66.67,4,15,306.68,46.0,260.68,UPI,0
ORD102384,2024-10-19,CUST01411,New,West,Electronics,Bluetooth Speaker,247.9,4,15,1140.34,171.05,969.29,UPI,0
ORD104643,2024-10-20,CUST03805,Returning,East,Sports & Outdoors,Cycling Helmet,83.95,1,5,96.54,4.83,91.71,UPI,0
ORD100334,2024-10-20,CUST02421,Returning,West,Home & Kitchen,Vacuum Cleaner,48.77,5,0,280.43,0.0,280.43,UPI,0
ORD103245,2024-10-20,CUST01932,New,Central,Home & Kitchen,Air Fryer,170.85,3,0,589.43,0.0,589.43,Cash on Delivery,0
ORD103676,2024-10-20,CUST01157,New,West,Apparel,Cotton T-Shirt,98.66,5,0,567.29,0.0,567.29,Credit Card,0
ORD100671,2024-10-20,CUST03973,New,East,Home & Kitchen,Blender,29.19,5,0,167.84,0.0,167.84,Debit Card,0
ORD100485,2024-10-20,CUST04334,Returning,South,Beauty & Personal Care,Electric Trimmer,23.0,8,15,211.6,31.74,179.86,UPI,0
ORD100431,2024-10-20,CUST02745,Returning,East,Beauty & Personal Care,Face Serum,7.87,3,0,27.15,0.0,27.15,UPI,0
ORD103173,2024-10-20,CUST01918,Returning,West,Sports & Outdoors,Water Bottle,43.47,1,0,49.99,0.0,49.99,Net Banking,0
ORD104215,2024-10-20,CUST01990,New,East,Apparel,Running Shoes,30.92,4,5,142.23,7.11,135.12,Credit Card,1
ORD103282,2024-10-20,CUST04258,Returning,West,Sports & Outdoors,Cycling Helmet,174.32,3,0,601.4,0.0,601.4,Debit Card,0
ORD101719,2024-10-20,CUST01942,Returning,South,Beauty & Personal Care,Skincare Kit,24.48,7,0,197.06,0.0,197.06,Credit Card,0
ORD103086,2024-10-20,CUST04214,New,West,Apparel,Denim Jacket,15.48,5,0,89.01,0.0,89.01,UPI,0
ORD100278,2024-10-20,CUST02443,Returning,North,Home & Kitchen,Air Fryer,86.43,3,20,298.18,59.64,238.54,Net Banking,1
ORD103465,2024-10-20,CUST02390,New,South,Apparel,Winter Coat,80.84,5,20,464.83,92.97,371.86,Debit Card,0
ORD103049,2024-10-21,CUST03056,New,Central,Beauty & Personal Care,Hair Dryer,85.54,2,15,196.74,29.51,167.23,Debit Card,0
ORD103635,2024-10-21,CUST03130,New,West,Home & Kitchen,Air Fryer,71.47,4,0,328.76,0.0,328.76,Net Banking,0
ORD105046,2024-10-21,CUST03193,Returning,East,Electronics,Bluetooth Speaker,17.82,2,0,40.99,0.0,40.99,UPI,0
ORD104221,2024-10-21,CUST04150,New,South,Electronics,Bluetooth Speaker,30.89,2,0,71.05,0.0,71.05,Cash on Delivery,0
ORD101797,2024-10-21,CUST02688,New,West,Electronics,Smart Watch,182.48,4,0,839.41,0.0,839.41,Cash on Delivery,0
ORD101098,2024-10-21,CUST02118,Returning,North,Apparel,Cotton T-Shirt,48.44,3,0,167.12,0.0,167.12,Net Banking,0
ORD101523,2024-10-21,CUST01170,New,Central,Beauty & Personal Care,Skincare Kit,31.9,4,15,146.74,22.01,124.73,Cash on Delivery,0
ORD100246,2024-10-21,CUST03973,New,North,Beauty & Personal Care,Skincare Kit,35.17,4,0,161.78,0.0,161.78,Debit Card,0
ORD100644,2024-10-21,CUST04867,Returning,Central,Apparel,Denim Jacket,85.92,3,10,296.42,29.64,266.78,UPI,0
ORD104928,2024-10-21,CUST02530,New,Central,Home & Kitchen,Vacuum Cleaner,43.16,2,0,99.27,0.0,99.27,Debit Card,0
ORD102755,2024-10-21,CUST01650,Returning,West,Electronics,Bluetooth Speaker,36.58,3,0,126.2,0.0,126.2,Credit Card,0
ORD105639,2024-10-21,CUST01610,VIP,Central,Electronics,Smartphone Case,116.59,4,10,536.31,53.63,482.68,UPI,1
ORD103474,2024-10-22,CUST01962,Returning,South,Sports & Outdoors,Yoga Mat,140.76,4,0,647.5,0.0,647.5,Credit Card,0
ORD105820,2024-10-22,CUST02604,New,North,Apparel,Cotton T-Shirt,28.39,3,0,97.95,0.0,97.95,UPI,0
ORD105330,2024-10-22,CUST04563,New,East,Apparel,Yoga Pants,115.43,4,5,530.98,26.55,504.43,Debit Card,0
ORD102604,2024-10-22,CUST02108,Returning,Central,Electronics,Smart Watch,173.41,1,20,199.42,39.88,159.54,Net Banking,0
ORD104039,2024-10-22,CUST01095,VIP,South,Home & Kitchen,Vacuum Cleaner,72.91,5,0,419.23,0.0,419.23,Net Banking,0
ORD102449,2024-10-22,CUST03647,Returning,North,Electronics,Smartphone Case,79.68,6,0,549.79,0.0,549.79,Credit Card,0
ORD102200,2024-10-22,CUST01854,Returning,North,Sports & Outdoors,Dumbbell Set,105.54,3,0,364.11,0.0,364.11,Credit Card,0
ORD105157,2024-10-22,CUST02190,New,South,Electronics,Bluetooth Speaker,110.83,4,0,509.82,0.0,509.82,Credit Card,0
ORD104870,2024-10-22,CUST02442,New,West,Sports & Outdoors,Cycling Helmet,46.59,4,0,214.31,0.0,214.31,Credit Card,0
ORD101405,2024-10-22,CUST02971,Returning,North,Beauty & Personal Care,Face Serum,80.2,4,10,368.92,36.89,332.03,Credit Card,0
ORD103149,2024-10-22,CUST04221,Returning,East,Apparel,Running Shoes,63.56,5,0,365.47,0.0,365.47,Credit Card,0
ORD104131,2024-10-22,CUST04931,Returning,North,Home & Kitchen,Blender,109.67,7,0,882.84,0.0,882.84,Credit Card,0
ORD101140,2024-10-22,CUST02603,New,Central,Electronics,Smartphone Case,126.76,3,20,437.32,87.46,349.86,Credit Card,0
ORD104352,2024-10-23,CUST03082,Returning,North,Sports & Outdoors,Camping Tent,145.75,2,5,335.22,16.76,318.46,Credit Card,0
ORD103096,2024-10-23,CUST03779,New,South,Electronics,Smart Watch,89.95,4,5,413.77,20.69,393.08,Debit Card,0
ORD102201,2024-10-23,CUST04133,Returning,South,Beauty & Personal Care,Perfume,89.67,4,5,412.48,20.62,391.86,Net Banking,0
ORD101864,2024-10-23,CUST02827,New,South,Apparel,Yoga Pants,64.19,5,0,369.09,0.0,369.09,UPI,0
ORD100018,2024-10-23,CUST02158,New,South,Home & Kitchen,Blender,51.81,3,10,178.74,17.87,160.87,UPI,0
ORD102267,2024-10-23,CUST03843,Returning,South,Apparel,Denim Jacket,21.29,2,0,48.97,0.0,48.97,Credit Card,0
ORD103035,2024-10-23,CUST01422,New,South,Beauty & Personal Care,Electric Trimmer,67.87,4,0,312.2,0.0,312.2,UPI,0
ORD104463,2024-10-23,CUST01294,Returning,Central,Electronics,Power Bank,96.71,5,15,556.08,83.41,472.67,Debit Card,0
ORD104521,2024-10-23,CUST02052,VIP,North,Electronics,Smartphone Case,66.38,4,0,305.35,0.0,305.35,Debit Card,1
ORD104554,2024-10-23,CUST01792,Returning,East,Apparel,Denim Jacket,70.32,1,0,80.87,0.0,80.87,Credit Card,0
ORD101172,2024-10-23,CUST04711,VIP,South,Beauty & Personal Care,Skincare Kit,87.19,3,0,300.81,0.0,300.81,Credit Card,0
ORD102615,2024-10-23,CUST04214,VIP,South,Home & Kitchen,Cookware Set,114.55,2,0,263.46,0.0,263.46,Debit Card,0
ORD100932,2024-10-23,CUST04277,New,West,Beauty & Personal Care,Hair Dryer,50.71,5,0,291.58,0.0,291.58,Net Banking,0
ORD100544,2024-10-24,CUST03471,Returning,North,Beauty & Personal Care,Hair Dryer,14.07,4,0,64.72,0.0,64.72,Debit Card,0
ORD105620,2024-10-24,CUST01646,Returning,West,Sports & Outdoors,Camping Tent,182.79,6,0,1261.25,0.0,1261.25,Credit Card,0
ORD105493,2024-10-24,CUST04640,New,North,Electronics,Wireless Earbuds,208.34,1,20,239.59,47.92,191.67,UPI,1
ORD102392,2024-10-24,CUST02255,New,South,Electronics,Smart Watch,146.37,5,10,841.63,84.16,757.47,Debit Card,0
ORD102610,2024-10-24,CUST02483,New,East,Apparel,Running Shoes,102.09,3,10,352.21,35.22,316.99,UPI,0
ORD105814,2024-10-24,CUST02038,New,West,Beauty & Personal Care,Skincare Kit,75.09,5,10,431.77,43.18,388.59,Cash on Delivery,0
ORD105332,2024-10-24,CUST01925,VIP,West,Beauty & Personal Care,Face Serum,80.73,2,0,185.68,0.0,185.68,Debit Card,0
ORD100372,2024-10-24,CUST03263,Returning,North,Electronics,Bluetooth Speaker,35.31,4,5,162.43,8.12,154.31,Credit Card,0
ORD100816,2024-10-24,CUST03636,New,East,Sports & Outdoors,Camping Tent,177.56,5,0,1020.97,0.0,1020.97,Net Banking,0
ORD102311,2024-10-24,CUST03837,New,Central,Electronics,Wireless Earbuds,34.04,5,15,195.73,29.36,166.37,Net Banking,0
ORD103536,2024-10-25,CUST03988,Returning,North,Beauty & Personal Care,Electric Trimmer,12.29,4,15,56.53,8.48,48.05,Debit Card,0
ORD102182,2024-10-25,CUST04600,Returning,South,Home & Kitchen,Coffee Maker,130.36,4,10,599.66,59.97,539.69,UPI,0
ORD100191,2024-10-25,CUST01320,Returning,North,Apparel,Winter Coat,38.42,5,5,220.92,11.05,209.87,Debit Card,0
ORD101163,2024-10-25,CUST03156,New,North,Sports & Outdoors,Camping Tent,177.19,5,0,1018.84,0.0,1018.84,Credit Card,0
ORD100543,2024-10-25,CUST02806,Returning,East,Electronics,Bluetooth Speaker,74.67,3,0,257.61,0.0,257.61,Credit Card,0
ORD100943,2024-10-25,CUST02641,Returning,North,Sports & Outdoors,Water Bottle,197.19,4,10,907.07,90.71,816.36,Credit Card,0
ORD102867,2024-10-25,CUST04996,VIP,East,Electronics,Bluetooth Speaker,72.91,3,15,251.54,37.73,213.81,UPI,0
ORD100016,2024-10-25,CUST01684,VIP,North,Beauty & Personal Care,Skincare Kit,60.44,5,5,347.53,17.38,330.15,Net Banking,0
ORD102802,2024-10-25,CUST02515,Returning,East,Electronics,Wireless Earbuds,181.46,4,0,834.72,0.0,834.72,Debit Card,0
ORD103457,2024-10-25,CUST03971,Returning,West,Electronics,Smart Watch,26.75,4,0,123.05,0.0,123.05,UPI,0
ORD104579,2024-10-25,CUST04777,New,South,Sports & Outdoors,Yoga Mat,78.04,4,10,358.98,35.9,323.08,UPI,0
ORD101356,2024-10-25,CUST02055,New,West,Sports & Outdoors,Yoga Mat,42.73,3,0,147.42,0.0,147.42,UPI,0
ORD102730,2024-10-25,CUST04076,New,North,Electronics,Wireless Earbuds,216.5,4,0,995.9,0.0,995.9,Credit Card,0
ORD100496,2024-10-25,CUST02157,VIP,East,Beauty & Personal Care,Face Serum,54.3,3,10,187.33,18.73,168.6,UPI,0
ORD102523,2024-10-25,CUST04973,New,North,Apparel,Winter Coat,77.9,4,0,358.34,0.0,358.34,Net Banking,0
ORD103800,2024-10-26,CUST04999,Returning,North,Sports & Outdoors,Cycling Helmet,17.51,1,0,20.14,0.0,20.14,Credit Card,0
ORD100401,2024-10-26,CUST01872,Returning,West,Home & Kitchen,Cookware Set,107.37,3,0,370.43,0.0,370.43,UPI,0
ORD104858,2024-10-26,CUST01803,New,West,Apparel,Yoga Pants,48.02,6,5,331.34,16.57,314.77,Net Banking,0
ORD101044,2024-10-26,CUST04326,New,South,Electronics,Power Bank,185.73,9,0,1922.31,0.0,1922.31,UPI,0
ORD103199,2024-10-26,CUST02267,New,North,Beauty & Personal Care,Electric Trimmer,24.76,3,0,85.42,0.0,85.42,Credit Card,0
ORD102097,2024-10-26,CUST02483,VIP,East,Electronics,Wireless Earbuds,91.81,2,0,211.16,0.0,211.16,UPI,0
ORD102583,2024-10-26,CUST04776,New,Central,Home & Kitchen,Blender,170.63,3,0,588.67,0.0,588.67,Debit Card,0
ORD104499,2024-10-26,CUST04162,New,North,Home & Kitchen,Vacuum Cleaner,167.71,7,0,1350.07,0.0,1350.07,UPI,0
ORD101500,2024-10-26,CUST01322,New,North,Electronics,Bluetooth Speaker,122.37,6,10,844.35,84.44,759.91,Credit Card,0
ORD105948,2024-10-27,CUST04157,New,South,Sports & Outdoors,Cycling Helmet,133.52,6,10,921.29,92.13,829.16,Credit Card,0
ORD105927,2024-10-27,CUST02542,Returning,West,Electronics,Power Bank,175.6,4,20,807.76,161.55,646.21,UPI,1
ORD101301,2024-10-27,CUST04672,Returning,South,Sports & Outdoors,Cycling Helmet,157.59,4,10,724.91,72.49,652.42,Cash on Delivery,0
ORD102841,2024-10-27,CUST04253,New,South,Home & Kitchen,Vacuum Cleaner,117.08,3,0,403.93,0.0,403.93,Credit Card,0
ORD102320,2024-10-27,CUST03401,VIP,Central,Beauty & Personal Care,Electric Trimmer,31.74,2,0,73.0,0.0,73.0,Debit Card,0
ORD100878,2024-10-27,CUST01226,VIP,West,Electronics,Power Bank,35.22,2,20,81.01,16.2,64.81,Credit Card,0
ORD101148,2024-10-27,CUST04266,VIP,South,Sports & Outdoors,Yoga Mat,148.79,2,0,342.22,0.0,342.22,Credit Card,0
ORD103486,2024-10-27,CUST01514,New,West,Sports & Outdoors,Camping Tent,133.22,5,5,766.01,38.3,727.71,Debit Card,0
ORD103392,2024-10-27,CUST02190,Returning,Central,Apparel,Winter Coat,66.25,4,5,304.75,15.24,289.51,UPI,0
ORD101173,2024-10-27,CUST03036,Returning,West,Apparel,Cotton T-Shirt,53.76,5,10,309.12,30.91,278.21,Debit Card,0
ORD102995,2024-10-27,CUST04759,New,North,Home & Kitchen,Air Fryer,64.86,2,0,149.18,0.0,149.18,Cash on Delivery,0
ORD101805,2024-10-27,CUST03974,Returning,East,Apparel,Cotton T-Shirt,52.77,2,0,121.37,0.0,121.37,Cash on Delivery,0
ORD103303,2024-10-28,CUST02115,New,Central,Electronics,Bluetooth Speaker,76.35,4,0,351.21,0.0,351.21,Debit Card,0
ORD105186,2024-10-28,CUST04647,New,West,Home & Kitchen,Cookware Set,84.02,6,0,579.74,0.0,579.74,Cash on Delivery,0
ORD101615,2024-10-28,CUST02573,Returning,West,Electronics,Smart Watch,64.37,4,10,296.1,29.61,266.49,Credit Card,0
ORD103996,2024-10-28,CUST03239,Returning,West,Electronics,Smartphone Case,114.95,5,20,660.96,132.19,528.77,UPI,0
ORD101640,2024-10-28,CUST02932,VIP,North,Electronics,Bluetooth Speaker,73.86,6,5,509.63,25.48,484.15,UPI,0
ORD100826,2024-10-28,CUST03310,VIP,West,Beauty & Personal Care,Skincare Kit,69.64,7,15,560.6,84.09,476.51,UPI,0
ORD103671,2024-10-29,CUST01816,New,South,Home & Kitchen,Vacuum Cleaner,36.88,3,0,127.24,0.0,127.24,Cash on Delivery,0
ORD104628,2024-10-29,CUST04296,VIP,North,Home & Kitchen,Cookware Set,133.73,2,10,307.58,30.76,276.82,Credit Card,0
ORD103923,2024-10-29,CUST03603,Returning,North,Electronics,Smartphone Case,92.98,2,0,213.85,0.0,213.85,Credit Card,0
ORD100691,2024-10-29,CUST01535,New,North,Electronics,Power Bank,187.58,2,0,431.43,0.0,431.43,Debit Card,0
ORD103357,2024-10-29,CUST03716,New,Central,Apparel,Cotton T-Shirt,20.85,2,0,47.95,0.0,47.95,Debit Card,0
ORD105221,2024-10-29,CUST04682,New,East,Beauty & Personal Care,Electric Trimmer,8.22,3,0,28.36,0.0,28.36,Credit Card,0
ORD104287,2024-10-30,CUST02005,New,Central,Home & Kitchen,Blender,41.27,5,15,237.3,35.6,201.7,Credit Card,0
ORD101061,2024-10-30,CUST01143,New,West,Electronics,Bluetooth Speaker,203.99,4,5,938.35,46.92,891.43,Debit Card,0
ORD103365,2024-10-30,CUST04424,VIP,East,Home & Kitchen,Cookware Set,142.57,7,10,1147.69,114.77,1032.92,UPI,0
ORD103181,2024-10-30,CUST03093,New,East,Home & Kitchen,Cookware Set,88.37,-1,15,203.25,30.49,172.76,Debit Card,0
ORD102126,2024-10-30,CUST04287,New,East,Apparel,Cotton T-Shirt,93.59,4,0,430.51,0.0,430.51,Credit Card,0
ORD102014,2024-10-30,CUST01860,New,West,Apparel,Cotton T-Shirt,17.67,5,0,101.6,0.0,101.6,Credit Card,0
ORD104318,2024-10-30,CUST01566,Returning,West,Beauty & Personal Care,Skincare Kit,31.19,5,20,179.34,35.87,143.47,UPI,0
ORD101496,2024-10-31,CUST03911,Returning,West,Beauty & Personal Care,Hair Dryer,79.01,5,0,454.31,0.0,454.31,Debit Card,0
ORD103270,2024-10-31,CUST02595,New,West,Electronics,Smartphone Case,140.98,7,0,1134.89,0.0,1134.89,Debit Card,0
ORD102342,2024-10-31,CUST02693,Returning,East,Electronics,Smart Watch,239.43,2,0,550.69,0.0,550.69,Debit Card,1
ORD101628,2024-10-31,CUST03022,VIP,West,Sports & Outdoors,Cycling Helmet,126.91,4,0,583.79,0.0,583.79,Cash on Delivery,0
ORD103142,2024-10-31,CUST02366,Returning,Central,Electronics,Power Bank,178.11,5,5,1024.13,51.21,972.92,UPI,0
ORD100320,2024-10-31,CUST02908,Returning,South,Apparel,Running Shoes,20.42,1,0,23.48,0.0,23.48,Credit Card,0
ORD100430,2024-10-31,CUST01668,New,South,Apparel,Cotton T-Shirt,117.68,3,20,406.0,81.2,324.8,Debit Card,0
ORD105308,2024-10-31,CUST03745,New,Central,Electronics,Wireless Earbuds,159.15,1,0,183.02,0.0,183.02,Net Banking,0
ORD101195,2024-10-31,CUST04563,New,Central,Beauty & Personal Care,Hair Dryer,64.64,4,0,297.34,0.0,297.34,Net Banking,0
ORD102722,2024-10-31,CUST02986,New,North,Beauty & Personal Care,Skincare Kit,85.24,2,0,196.05,0.0,196.05,Net Banking,0
ORD102982,2024-10-31,CUST04427,Returning,North,Beauty & Personal Care,Face Serum,13.05,6,0,90.05,0.0,90.05,Credit Card,0
ORD102133,2024-10-31,CUST03879,New,East,Sports & Outdoors,Dumbbell Set,102.5,8,5,943.0,47.15,895.85,UPI,0
ORD102278,2024-10-31,CUST02090,New,East,Beauty & Personal Care,Perfume,76.61,6,5,528.61,26.43,502.18,UPI,0
ORD103615,2024-10-31,CUST02810,New,North,Sports & Outdoors,Yoga Mat,24.44,7,0,196.74,0.0,196.74,UPI,0
ORD105778,2024-11-01,CUST04460,New,Central,Home & Kitchen,Cookware Set,41.43,7,0,333.51,0.0,333.51,Credit Card,0
ORD104692,2024-11-01,CUST02677,Returning,East,Electronics,Bluetooth Speaker,143.79,6,15,992.15,148.82,843.33,Credit Card,0
ORD100662,2024-11-02,CUST04440,Returning,North,Electronics,Power Bank,81.17,3,0,280.04,0.0,280.04,Debit Card,0
ORD100193,2024-11-02,CUST02687,Returning,West,Sports & Outdoors,Dumbbell Set,142.31,4,0,654.63,0.0,654.63,UPI,0
ORD100224,2024-11-02,CUST04654,Returning,East,Apparel,Winter Coat,48.02,3,0,165.67,0.0,165.67,Cash on Delivery,0
ORD104538,2024-11-02,CUST04626,Returning,Central,Apparel,Cotton T-Shirt,114.14,3,0,393.78,0.0,393.78,Credit Card,0
ORD105077,2024-11-02,CUST04584,Returning,South,Beauty & Personal Care,Face Serum,32.44,6,0,223.84,0.0,223.84,UPI,0
ORD102387,2024-11-02,CUST04100,New,South,Apparel,Running Shoes,22.87,7,15,184.1,27.62,156.48,UPI,0
ORD101791,2024-11-02,CUST04485,Returning,South,Sports & Outdoors,Camping Tent,117.55,6,0,811.09,0.0,811.09,UPI,0
ORD101625,2024-11-02,CUST03534,Returning,North,Electronics,Bluetooth Speaker,185.54,8,0,1706.97,0.0,1706.97,Credit Card,0
ORD102834,2024-11-02,CUST04447,New,West,Electronics,Wireless Earbuds,233.12,4,0,1072.35,0.0,1072.35,UPI,0
ORD103350,2024-11-02,CUST02422,New,East,Home & Kitchen,Cookware Set,102.09,3,0,352.21,0.0,352.21,Net Banking,0
ORD102462,2024-11-02,CUST01756,New,West,Electronics,Smart Watch,173.38,3,15,598.16,89.72,508.44,Credit Card,0
ORD104000,2024-11-02,CUST03008,New,South,Electronics,Smartphone Case,240.75,6,5,1661.17,83.06,1578.11,Credit Card,0
ORD100828,2024-11-02,CUST02669,VIP,East,Beauty & Personal Care,Skincare Kit,70.74,3,0,244.05,0.0,244.05,Credit Card,0
ORD103891,2024-11-03,CUST03936,New,South,Sports & Outdoors,Yoga Mat,83.88,8,5,771.7,38.59,733.11,UPI,0
ORD103120,2024-11-03,CUST02298,Returning,South,Electronics,Bluetooth Speaker,166.04,3,10,572.84,57.28,515.56,Cash on Delivery,0
ORD101253,2024-11-03,CUST02436,New,South,Electronics,Smartphone Case,102.37,10,0,1177.25,0.0,1177.25,Net Banking,1
ORD100285,2024-11-03,CUST01810,New,North,Home & Kitchen,Air Fryer,162.29,10,0,1866.33,0.0,1866.33,Net Banking,0
ORD100987,2024-11-03,CUST03993,VIP,South,Home & Kitchen,Cookware Set,78.33,4,0,360.32,0.0,360.32,UPI,0
ORD102198,2024-11-03,CUST03856,New,West,Electronics,Power Bank,16.58,7,0,133.47,0.0,133.47,UPI,0
ORD103277,2024-11-03,CUST04976,VIP,East,Apparel,Cotton T-Shirt,83.55,4,0,384.33,0.0,384.33,Credit Card,1
ORD105888,2024-11-03,CUST03538,New,North,Apparel,Running Shoes,14.91,6,10,102.88,10.29,92.59,Cash on Delivery,0
ORD101798,2024-11-03,CUST04654,New,South,Home & Kitchen,Cookware Set,138.42,7,10,1114.28,111.43,1002.85,UPI,0
ORD103795,2024-11-04,CUST03282,Returning,East,Beauty & Personal Care,Skincare Kit,60.61,8,0,557.61,0.0,557.61,Credit Card,0
ORD100769,2024-11-04,CUST02153,New,South,Sports & Outdoors,Dumbbell Set,153.53,10,0,1765.59,0.0,1765.59,UPI,0
ORD104201,2024-11-04,CUST02149,New,East,Beauty & Personal Care,Perfume,88.01,6,5,607.27,30.36,576.91,Debit Card,0
ORD104565,2024-11-04,CUST04321,New,South,Sports & Outdoors,Cycling Helmet,72.11,10,15,829.26,124.39,704.87,Credit Card,0
ORD103678,2024-11-04,CUST03303,New,North,Sports & Outdoors,Camping Tent,9.02,7,0,72.61,0.0,72.61,Credit Card,0
ORD105371,2024-11-04,CUST04952,Returning,North,Electronics,Wireless Earbuds,127.26,6,0,878.09,0.0,878.09,Debit Card,0
ORD105793,2024-11-04,CUST02355,Returning,East,Home & Kitchen,Blender,130.99,7,5,1054.47,52.72,1001.75,Cash on Delivery,1
ORD103427,2024-11-04,CUST02242,VIP,North,Apparel,Yoga Pants,86.17,8,0,792.76,0.0,792.76,Credit Card,0
ORD104007,2024-11-05,CUST01638,VIP,South,Electronics,Smartphone Case,245.93,7,0,1979.74,0.0,1979.74,Credit Card,0
ORD104788,2024-11-05,CUST02849,VIP,North,Sports & Outdoors,Water Bottle,134.95,6,15,931.15,139.67,791.48,Cash on Delivery,0
ORD105415,2024-11-05,CUST04987,Returning,Central,Electronics,Wireless Earbuds,15.03,8,0,138.28,0.0,138.28,Credit Card,1
ORD102351,2024-11-05,CUST03401,New,Central,Home & Kitchen,Cookware Set,137.12,8,0,1261.5,0.0,1261.5,UPI,0
ORD101649,2024-11-05,CUST02333,Returning,West,Apparel,Running Shoes,33.14,7,15,266.78,40.02,226.76,UPI,0
ORD103770,2024-11-05,CUST01246,New,South,Apparel,Cotton T-Shirt,90.71,4,0,417.27,0.0,417.27,Cash on Delivery,0
ORD105891,2024-11-05,CUST04732,VIP,South,Electronics,Smartphone Case,45.06,11,0,570.01,0.0,570.01,Credit Card,0
ORD100109,2024-11-05,CUST03283,Returning,South,Sports & Outdoors,Dumbbell Set,194.73,6,5,1343.64,67.18,1276.46,Credit Card,0
ORD100498,2024-11-05,CUST01461,Returning,North,Home & Kitchen,Air Fryer,36.06,8,0,331.75,0.0,331.75,Debit Card,0
ORD103025,2024-11-05,CUST03750,VIP,East,Beauty & Personal Care,Skincare Kit,60.58,4,0,278.67,0.0,278.67,Debit Card,0
ORD105445,2024-11-05,CUST02173,Returning,Central,Electronics,Smartphone Case,147.28,6,0,1016.23,0.0,1016.23,UPI,0
ORD104819,2024-11-05,CUST04257,New,North,Home & Kitchen,Blender,62.11,8,0,571.41,0.0,571.41,Net Banking,0
ORD105237,2024-11-06,CUST03575,Returning,Central,Beauty & Personal Care,Skincare Kit,20.92,7,10,168.41,16.84,151.57,Cash on Delivery,0
ORD103115,2024-11-06,CUST03020,VIP,West,Apparel,Winter Coat,70.62,8,0,649.7,0.0,649.7,Debit Card,0
ORD100669,2024-11-06,CUST02628,Returning,East,Apparel,Denim Jacket,72.43,6,5,499.77,24.99,474.78,Debit Card,0
ORD101937,2024-11-06,CUST04599,VIP,East,Sports & Outdoors,Camping Tent,144.73,6,0,998.64,0.0,998.64,Credit Card,0
ORD100696,2024-11-06,CUST01050,Returning,Central,Electronics,Smartphone Case,174.81,4,0,804.13,0.0,804.13,Debit Card,0
ORD101683,2024-11-06,CUST02321,VIP,North,Electronics,Wireless Earbuds,184.18,6,0,1270.84,0.0,1270.84,UPI,0
ORD102568,2024-11-06,CUST02102,New,South,Electronics,Power Bank,44.74,4,15,205.8,30.87,174.93,Credit Card,0
ORD100535,2024-11-06,CUST01531,New,West,Beauty & Personal Care,Electric Trimmer,64.98,7,0,523.09,0.0,523.09,Net Banking,0
ORD105775,2024-11-06,CUST03168,New,Central,Beauty & Personal Care,Electric Trimmer,83.52,7,0,672.34,0.0,672.34,Credit Card,0
ORD102189,2024-11-06,CUST02227,Returning,North,Home & Kitchen,Blender,90.21,6,10,622.45,62.24,560.21,UPI,0
ORD102236,2024-11-06,CUST01970,Returning,North,Electronics,Smart Watch,222.61,6,0,1536.01,0.0,1536.01,Credit Card,0
ORD101348,2024-11-06,CUST02806,Returning,West,Home & Kitchen,Coffee Maker,94.85,4,15,436.31,65.45,370.86,Credit Card,0
ORD103565,2024-11-06,CUST01945,New,East,Home & Kitchen,Blender,21.45,4,10,98.67,9.87,88.8,Debit Card,0
ORD105668,2024-11-07,CUST01896,Returning,North,Beauty & Personal Care,Face Serum,48.83,7,0,393.08,0.0,393.08,Credit Card,0
ORD104782,2024-11-07,CUST04772,New,South,Apparel,Yoga Pants,65.6,6,5,452.64,22.63,430.01,Credit Card,0
ORD103766,2024-11-07,CUST02075,New,Central,Home & Kitchen,Air Fryer,80.36,6,0,554.48,0.0,554.48,Net Banking,0
ORD100187,2024-11-07,CUST01820,Returning,South,Beauty & Personal Care,Electric Trimmer,5.72,6,10,39.47,3.95,35.52,UPI,1
ORD101315,2024-11-07,CUST01998,Returning,South,Beauty & Personal Care,Electric Trimmer,66.3,4,0,304.98,0.0,304.98,Credit Card,0
ORD100747,2024-11-07,CUST01324,VIP,South,Apparel,Winter Coat,96.65,4,5,444.59,22.23,422.36,UPI,0
ORD104535,2024-11-07,CUST01855,New,East,Beauty & Personal Care,Skincare Kit,77.24,6,0,532.96,0.0,532.96,Credit Card,0
ORD101213,2024-11-08,CUST03154,New,Central,Electronics,Power Bank,58.35,4,5,268.41,13.42,254.99,Debit Card,0
ORD104875,2024-11-08,CUST02290,New,Central,Home & Kitchen,Cookware Set,166.25,8,0,1529.5,0.0,1529.5,UPI,0
ORD103307,2024-11-08,CUST01356,VIP,North,Electronics,Smart Watch,73.84,8,5,679.33,33.97,645.36,Credit Card,0
ORD105390,2024-11-08,CUST04976,Returning,South,Home & Kitchen,Coffee Maker,104.43,3,0,360.28,0.0,360.28,Credit Card,0
ORD101758,2024-11-08,CUST03448,New,West,Electronics,Bluetooth Speaker,142.27,6,0,981.66,0.0,981.66,UPI,0
ORD102337,2024-11-08,CUST01487,Returning,Central,Beauty & Personal Care,Hair Dryer,77.82,7,10,626.45,62.65,563.8,UPI,0
ORD105736,2024-11-08,CUST03995,New,South,Beauty & Personal Care,Perfume,22.44,4,0,103.22,0.0,103.22,UPI,0
ORD104763,2024-11-08,CUST03102,Returning,East,Electronics,Wireless Earbuds,209.14,4,0,962.04,0.0,962.04,Credit Card,0
ORD104264,2024-11-09,CUST01638,New,North,Home & Kitchen,Vacuum Cleaner,150.67,6,0,1039.62,0.0,1039.62,Credit Card,0
ORD105041,2024-11-09,CUST03424,New,North,Apparel,Running Shoes,115.71,10,5,1330.66,66.53,1264.13,Cash on Delivery,0
ORD104571,2024-11-09,CUST03743,Returning,West,Apparel,Running Shoes,117.39,7,5,944.99,47.25,897.74,Credit Card,0
ORD102893,2024-11-09,CUST03611,New,North,Electronics,Power Bank,20.16,4,20,92.74,18.55,74.19,Debit Card,0
ORD105900,2024-11-09,CUST03875,New,South,Electronics,Power Bank,44.06,7,0,354.68,0.0,354.68,Credit Card,0
ORD103354,2024-11-09,CUST04357,New,East,Beauty & Personal Care,Hair Dryer,26.03,6,10,179.61,17.96,161.65,Credit Card,0
ORD102930,2024-11-09,CUST04381,New,East,Electronics,Smartphone Case,174.36,7,0,1403.6,0.0,1403.6,UPI,0
ORD104098,2024-11-10,CUST03808,Returning,North,Electronics,Power Bank,177.55,7,0,1429.28,0.0,1429.28,Credit Card,0
ORD102920,2024-11-10,CUST03240,VIP,Central,Home & Kitchen,Vacuum Cleaner,45.68,10,0,525.32,0.0,525.32,Credit Card,0
ORD104453,2024-11-10,CUST04548,Returning,North,Electronics,Smartphone Case,153.88,3,20,530.89,106.18,424.71,UPI,1
ORD104397,2024-11-10,CUST01863,New,West,Apparel,Cotton T-Shirt,59.04,7,0,475.27,0.0,475.27,Credit Card,0
ORD104091,2024-11-11,CUST01487,New,West,Electronics,Power Bank,64.96,7,0,522.93,0.0,522.93,Net Banking,0
ORD102873,2024-11-11,CUST02165,New,South,Electronics,Wireless Earbuds,61.38,10,15,705.87,105.88,599.99,Cash on Delivery,0
ORD103535,2024-11-11,CUST02410,VIP,East,Beauty & Personal Care,Hair Dryer,54.64,11,0,691.2,0.0,691.2,UPI,0
ORD105835,2024-11-11,CUST01670,Returning,East,Apparel,Winter Coat,45.58,6,0,314.5,0.0,314.5,Cash on Delivery,0
ORD104171,2024-11-11,CUST02406,New,South,Sports & Outdoors,Dumbbell Set,32.76,8,15,301.39,45.21,256.18,Cash on Delivery,0
ORD104296,2024-11-11,CUST03518,New,Central,Electronics,Smartphone Case,125.59,3,0,433.29,0.0,433.29,Credit Card,0
ORD103926,2024-11-11,CUST02692,Returning,Central,Home & Kitchen,Blender,43.56,7,0,350.66,0.0,350.66,Net Banking,0
ORD101607,2024-11-11,CUST01561,New,South,Home & Kitchen,Air Fryer,160.05,4,5,736.23,36.81,699.42,Credit Card,0
ORD102048,2024-11-11,CUST01804,New,North,Apparel,Cotton T-Shirt,87.18,8,5,802.06,40.1,761.96,Net Banking,0
ORD100303,2024-11-11,CUST03268,Returning,Central,Sports & Outdoors,Water Bottle,181.92,7,5,1464.46,73.22,1391.24,Credit Card,0
ORD100836,2024-11-12,CUST04375,VIP,South,Electronics,Smart Watch,66.47,4,10,305.76,30.58,275.18,UPI,0
ORD100383,2024-11-12,CUST02603,Returning,South,Beauty & Personal Care,Skincare Kit,75.05,1,0,86.31,0.0,86.31,Credit Card,0
ORD103792,2024-11-12,CUST04421,Returning,East,Home & Kitchen,Cookware Set,176.52,6,0,1217.99,0.0,1217.99,Debit Card,0
ORD100035,2024-11-12,CUST02024,Returning,West,Sports & Outdoors,Camping Tent,55.77,7,0,448.95,0.0,448.95,Credit Card,0
ORD104730,2024-11-12,CUST03951,VIP,Central,Sports & Outdoors,Yoga Mat,172.58,4,0,793.87,0.0,793.87,Debit Card,0
ORD102173,2024-11-12,CUST01645,Returning,East,Apparel,Running Shoes,51.36,4,0,236.26,0.0,236.26,UPI,0
ORD100412,2024-11-12,CUST01809,Returning,North,Apparel,Yoga Pants,106.87,4,5,491.6,24.58,467.02,Debit Card,0
ORD100159,2024-11-12,CUST01745,New,West,Beauty & Personal Care,Electric Trimmer,12.96,4,15,59.62,8.94,50.68,Cash on Delivery,0
ORD104854,2024-11-13,CUST01625,New,North,Electronics,Wireless Earbuds,29.84,1,10,34.32,3.43,30.89,UPI,0
ORD101952,2024-11-13,CUST03640,New,North,Home & Kitchen,Coffee Maker,101.84,4,0,468.46,0.0,468.46,Credit Card,0
ORD105196,2024-11-13,CUST04201,Returning,Central,Sports & Outdoors,Cycling Helmet,65.84,6,15,454.3,68.14,386.16,Credit Card,0
ORD102633,2024-11-13,CUST03635,VIP,Central,Electronics,Smartphone Case,109.14,7,0,878.58,0.0,878.58,Credit Card,0
ORD101115,2024-11-13,CUST03662,Returning,West,Home & Kitchen,Cookware Set,88.78,3,5,306.29,15.31,290.98,Debit Card,0
ORD103528,2024-11-13,CUST03206,New,South,Home & Kitchen,Blender,129.77,7,0,1044.65,0.0,1044.65,UPI,0
ORD100126,2024-11-14,CUST02560,New,North,Beauty & Personal Care,Electric Trimmer,37.16,3,20,128.2,25.64,102.56,Net Banking,0
ORD103153,2024-11-14,CUST02618,New,South,Electronics,Smartphone Case,17.19,4,0,79.07,0.0,79.07,UPI,0
ORD100190,2024-11-14,CUST03224,VIP,South,Home & Kitchen,Blender,63.57,3,15,219.32,32.9,186.42,UPI,0
ORD100222,2024-11-14,CUST04911,Returning,East,Home & Kitchen,Cookware Set,143.4,1,0,164.91,0.0,164.91,Net Banking,0
ORD105800,2024-11-15,CUST02024,Returning,East,Home & Kitchen,Air Fryer,134.98,7,0,1086.59,0.0,1086.59,Debit Card,0
ORD103470,2024-11-15,CUST04163,New,West,Electronics,Smart Watch,178.62,3,0,616.24,0.0,616.24,UPI,0
ORD101330,2024-11-15,CUST01833,Returning,North,Sports & Outdoors,Cycling Helmet,139.45,7,5,1122.57,56.13,1066.44,Debit Card,0
ORD104015,2024-11-15,CUST01926,New,West,Apparel,Winter Coat,95.19,8,0,875.75,0.0,875.75,Credit Card,0
ORD105992,2024-11-15,CUST01400,Returning,Central,Home & Kitchen,Air Fryer,106.23,10,0,1221.64,0.0,1221.64,Credit Card,0
ORD101856,2024-11-15,CUST04573,New,North,Home & Kitchen,Coffee Maker,66.18,7,0,532.75,0.0,532.75,Cash on Delivery,0
ORD100757,2024-11-15,CUST01719,VIP,North,Sports & Outdoors,Cycling Helmet,43.91,6,0,302.98,0.0,302.98,Cash on Delivery,0
ORD105573,2024-11-15,CUST01828,New,South,Electronics,Smartphone Case,143.68,4,0,660.93,0.0,660.93,Cash on Delivery,0
ORD101090,2024-11-15,CUST04392,Returning,Central,Electronics,Wireless Earbuds,133.95,6,5,924.25,46.21,878.04,Credit Card,0
ORD100661,2024-11-15,CUST02150,Returning,South,Sports & Outdoors,Yoga Mat,163.74,6,0,1129.81,0.0,1129.81,Credit Card,0
ORD102739,2024-11-15,CUST02449,VIP,Central,Electronics,Smartphone Case,55.42,4,5,254.93,12.75,242.18,Net Banking,0
ORD104664,2024-11-15,CUST03380,Returning,North,Beauty & Personal Care,Electric Trimmer,60.15,6,0,415.03,0.0,415.03,Debit Card,0
ORD104767,2024-11-15,CUST04307,New,West,Electronics,Bluetooth Speaker,93.74,4,15,431.2,64.68,366.52,Debit Card,0
ORD105903,2024-11-15,CUST04412,VIP,Central,Apparel,Yoga Pants,40.77,4,0,187.54,0.0,187.54,Credit Card,0
ORD103580,2024-11-15,CUST01709,Returning,South,Beauty & Personal Care,Hair Dryer,25.19,6,0,173.81,0.0,173.81,UPI,0
ORD102159,2024-11-15,CUST04937,New,Central,Electronics,Power Bank,96.76,10,0,1112.74,0.0,1112.74,Credit Card,1
ORD100389,2024-11-15,CUST02201,VIP,South,Home & Kitchen,Coffee Maker,68.89,6,20,475.34,95.07,380.27,Debit Card,0
ORD102592,2024-11-16,CUST01198,Returning,West,Electronics,Wireless Earbuds,85.96,3,0,296.56,0.0,296.56,Debit Card,0
ORD102796,2024-11-16,CUST04070,New,East,Sports & Outdoors,Water Bottle,32.36,4,0,148.86,0.0,148.86,Credit Card,0
ORD105133,2024-11-16,CUST01889,New,South,Beauty & Personal Care,Face Serum,47.45,4,0,218.27,0.0,218.27,Debit Card,0
ORD100369,2024-11-16,CUST04948,New,East,Electronics,Bluetooth Speaker,44.7,7,15,359.84,53.98,305.86,Cash on Delivery,0
ORD104430,2024-11-16,CUST02071,New,East,Apparel,Yoga Pants,66.93,6,0,461.82,0.0,461.82,Debit Card,0
ORD101742,2024-11-16,CUST02991,New,South,Apparel,Cotton T-Shirt,46.25,7,0,372.31,0.0,372.31,UPI,0
ORD103883,2024-11-16,CUST04655,New,East,Beauty & Personal Care,Face Serum,11.04,10,15,126.96,19.04,107.92,Credit Card,0
ORD101810,2024-11-16,CUST03777,New,West,Electronics,Smart Watch,107.17,6,0,739.47,0.0,739.47,Debit Card,0
ORD101959,2024-11-17,CUST04311,New,East,Apparel,Yoga Pants,52.11,3,5,179.78,8.99,170.79,Credit Card,0
ORD105293,2024-11-17,CUST04888,New,West,Electronics,Bluetooth Speaker,,8,0,1154.6,0.0,1154.6,Debit Card,1
ORD103873,2024-11-17,CUST01715,VIP,North,Beauty & Personal Care,Face Serum,82.73,4,15,380.56,57.08,323.48,Credit Card,0
ORD102193,2024-11-17,CUST01301,Returning,Central,Home & Kitchen,Cookware Set,68.65,11,0,868.42,0.0,868.42,UPI,0
ORD103785,2024-11-17,CUST04297,New,West,Apparel,Yoga Pants,115.69,4,0,532.17,0.0,532.17,UPI,0
ORD105395,2024-11-17,CUST03580,New,South,Home & Kitchen,Cookware Set,159.19,10,10,1830.68,183.07,1647.61,Credit Card,1
ORD103506,2024-11-17,CUST02375,New,East,Electronics,Power Bank,126.16,6,0,870.5,0.0,870.5,Cash on Delivery,0
ORD103274,2024-11-17,CUST04881,New,East,Electronics,Bluetooth Speaker,69.14,4,0,318.04,0.0,318.04,Cash on Delivery,0
ORD100039,2024-11-17,CUST03144,Returning,Central,Electronics,Bluetooth Speaker,54.44,3,5,187.82,9.39,178.43,UPI,0
ORD101680,2024-11-17,CUST03148,Returning,East,Home & Kitchen,Vacuum Cleaner,59.0,4,5,271.4,13.57,257.83,Debit Card,0
ORD101707,2024-11-17,CUST02061,VIP,South,Sports & Outdoors,Yoga Mat,47.96,8,0,441.23,0.0,441.23,Credit Card,0
ORD102050,2024-11-18,CUST01708,Returning,Central,Apparel,Cotton T-Shirt,49.75,7,0,400.49,0.0,400.49,Credit Card,0
ORD104808,2024-11-18,CUST03601,New,North,Home & Kitchen,Blender,175.96,11,5,2225.89,111.29,2114.6,Cash on Delivery,0
ORD105034,2024-11-18,CUST04172,Returning,Central,Sports & Outdoors,Cycling Helmet,26.58,4,0,122.27,0.0,122.27,UPI,0
ORD104793,2024-11-18,CUST02149,Returning,West,Electronics,Smartphone Case,159.41,8,0,1466.57,0.0,1466.57,Credit Card,0
ORD101583,2024-11-18,CUST04345,Returning,Central,Apparel,Denim Jacket,34.54,3,0,119.16,0.0,119.16,Debit Card,0
ORD103377,2024-11-18,CUST02173,Returning,West,Apparel,Running Shoes,95.2,4,5,437.92,21.9,416.02,Credit Card,0
ORD100315,2024-11-18,CUST03682,New,East,Sports & Outdoors,Yoga Mat,68.05,10,0,782.57,0.0,782.57,UPI,0
ORD102969,2024-11-18,CUST04204,Returning,West,Beauty & Personal Care,Hair Dryer,64.07,6,15,442.08,66.31,375.77,Debit Card,0
ORD105301,2024-11-18,CUST04649,Returning,South,Electronics,Smartphone Case,139.4,6,0,961.86,0.0,961.86,Net Banking,0
ORD101432,2024-11-18,CUST01575,New,South,Electronics,Smartphone Case,112.96,8,5,1039.23,51.96,987.27,Debit Card,0
ORD105768,2024-11-18,CUST04084,Returning,Central,Electronics,Bluetooth Speaker,23.68,1,0,27.23,0.0,27.23,UPI,0
ORD101539,2024-11-19,CUST02960,Returning,North,Sports & Outdoors,Cycling Helmet,180.65,6,15,1246.48,186.97,1059.51,Debit Card,0
ORD101491,2024-11-19,CUST03964,Returning,East,Beauty & Personal Care,Hair Dryer,44.34,4,0,203.96,0.0,203.96,Credit Card,0
ORD100539,2024-11-19,CUST02329,New,East,Apparel,Denim Jacket,57.57,4,5,264.82,13.24,251.58,UPI,0
ORD104302,2024-11-19,CUST02635,New,Central,Beauty & Personal Care,Face Serum,81.88,3,0,282.49,0.0,282.49,UPI,0
ORD103217,2024-11-19,CUST02107,Returning,North,Home & Kitchen,Cookware Set,51.61,3,0,178.05,0.0,178.05,Credit Card,0
ORD101179,2024-11-19,CUST02524,Returning,North,Electronics,Smart Watch,61.46,8,10,565.43,56.54,508.89,Credit Card,0
ORD100732,2024-11-19,CUST04255,New,West,Sports & Outdoors,Yoga Mat,175.2,1,0,201.48,0.0,201.48,Credit Card,0
ORD101887,2024-11-19,CUST04756,Returning,North,Electronics,Power Bank,138.96,3,5,479.41,23.97,455.44,Debit Card,0
ORD103273,2024-11-19,CUST03313,Returning,North,Electronics,Power Bank,61.68,11,0,780.25,0.0,780.25,UPI,0
ORD101827,2024-11-20,CUST02558,New,East,Apparel,Winter Coat,16.01,10,10,184.12,18.41,165.71,UPI,0
ORD102400,2024-11-20,CUST04611,Returning,North,Apparel,Cotton T-Shirt,71.1,4,0,327.06,0.0,327.06,Net Banking,0
ORD102829,2024-11-20,CUST02945,New,North,Sports & Outdoors,Water Bottle,69.46,6,5,479.27,23.96,455.31,Credit Card,0
ORD100988,2024-11-20,CUST03912,Returning,East,Beauty & Personal Care,Face Serum,70.01,8,15,644.09,96.61,547.48,Cash on Delivery,0
ORD101546,2024-11-20,CUST03648,New,Central,Electronics,Smart Watch,59.66,4,10,274.44,27.44,247.0,Cash on Delivery,0
ORD104378,2024-11-20,CUST04972,New,East,Electronics,Wireless Earbuds,203.72,10,0,2342.78,0.0,2342.78,UPI,0
ORD100497,2024-11-20,CUST04239,New,East,Beauty & Personal Care,Hair Dryer,81.93,8,5,753.76,37.69,716.07,UPI,0
ORD102427,2024-11-20,CUST02794,VIP,Central,Electronics,Bluetooth Speaker,92.0,6,10,634.8,63.48,571.32,Cash on Delivery,0
ORD104792,2024-11-20,CUST01267,New,East,Home & Kitchen,Blender,170.39,3,0,587.85,0.0,587.85,Debit Card,0
ORD104433,2024-11-21,CUST01611,VIP,West,Electronics,Wireless Earbuds,205.52,3,0,709.04,0.0,709.04,Debit Card,0
ORD104106,2024-11-21,CUST01952,New,South,Electronics,Smartphone Case,81.35,3,0,280.66,0.0,280.66,UPI,0
ORD100141,2024-11-21,CUST04129,Returning,Central,Apparel,Yoga Pants,38.36,3,0,132.34,0.0,132.34,Debit Card,0
ORD101785,2024-11-21,CUST03295,New,East,Apparel,Running Shoes,78.09,7,15,628.62,94.29,534.33,UPI,0
ORD101984,2024-11-21,CUST02545,Returning,East,Electronics,Bluetooth Speaker,245.78,6,0,1695.88,0.0,1695.88,UPI,0
ORD103502,2024-11-21,CUST01647,Returning,North,Beauty & Personal Care,Face Serum,62.78,3,0,216.59,0.0,216.59,Credit Card,0
ORD101038,2024-11-21,CUST04705,New,West,Beauty & Personal Care,Skincare Kit,42.81,7,0,344.62,0.0,344.62,Debit Card,1
ORD100501,2024-11-21,CUST02573,Returning,East,Sports & Outdoors,Water Bottle,190.2,6,5,1312.38,65.62,1246.76,Debit Card,0
ORD103688,2024-11-21,CUST02443,Returning,West,Sports & Outdoors,Yoga Mat,128.9,3,0,444.71,0.0,444.71,UPI,0
ORD100865,2024-11-22,CUST04488,Returning,North,Home & Kitchen,Blender,39.86,4,0,183.36,0.0,183.36,Debit Card,0
ORD100924,2024-11-22,CUST01809,VIP,Central,Beauty & Personal Care,Hair Dryer,41.41,7,0,333.35,0.0,333.35,Credit Card,0
ORD105652,2024-11-22,CUST01369,New,East,Home & Kitchen,Cookware Set,134.71,3,15,464.75,69.71,395.04,UPI,0
ORD105171,2024-11-22,CUST02141,VIP,South,Sports & Outdoors,Yoga Mat,22.82,4,0,104.97,0.0,104.97,Credit Card,0
ORD100197,2024-11-22,CUST03634,Returning,North,Beauty & Personal Care,Skincare Kit,56.64,4,0,260.54,0.0,260.54,UPI,0
ORD100411,2024-11-22,CUST04034,New,West,Apparel,Running Shoes,19.73,1,10,22.69,2.27,20.42,UPI,0
ORD103026,2024-11-22,CUST04853,VIP,South,Apparel,Running Shoes,86.4,3,10,298.08,29.81,268.27,Debit Card,0
ORD101747,2024-11-23,CUST02802,New,South,Electronics,Smartphone Case,140.0,11,5,1771.0,88.55,1682.45,Credit Card,0
ORD103866,2024-11-23,CUST03510,New,North,Electronics,Power Bank,219.03,6,15,1511.31,226.7,1284.61,Credit Card,0
ORD102459,2024-11-23,CUST02127,Returning,East,Sports & Outdoors,Water Bottle,176.99,4,5,814.15,40.71,773.44,UPI,0
ORD101340,2024-11-23,CUST03589,New,Central,Home & Kitchen,Vacuum Cleaner,97.24,3,5,335.48,16.77,318.71,Credit Card,1
ORD100586,2024-11-23,CUST04651,New,Central,Apparel,Cotton T-Shirt,104.8,4,0,482.08,0.0,482.08,Credit Card,1
ORD103791,2024-11-23,CUST04125,VIP,East,Apparel,Running Shoes,18.44,6,0,127.24,0.0,127.24,UPI,0
ORD101989,2024-11-23,CUST03075,Returning,West,Sports & Outdoors,Yoga Mat,12.31,7,10,99.1,9.91,89.19,Credit Card,0
ORD101611,2024-11-23,CUST01475,New,South,Sports & Outdoors,Water Bottle,165.13,1,0,189.9,0.0,189.9,Debit Card,0
ORD105346,2024-11-23,CUST03772,New,North,Electronics,Smart Watch,29.14,7,0,234.58,0.0,234.58,Debit Card,0
ORD104017,2024-11-23,CUST01401,Returning,North,Electronics,Smartphone Case,138.13,8,0,1270.8,0.0,1270.8,UPI,0
ORD104646,2024-11-23,CUST01313,Returning,North,Electronics,Power Bank,60.7,6,15,418.83,62.82,356.01,UPI,0
ORD105290,2024-11-23,CUST04887,VIP,central,Sports & Outdoors,Yoga Mat,37.26,6,0,257.09,0.0,257.09,UPI,0
ORD102572,2024-11-23,CUST01279,Returning,Central,Beauty & Personal Care,Skincare Kit,43.32,3,0,149.45,0.0,149.45,Credit Card,0
ORD104269,2024-11-24,CUST01207,New,West,Sports & Outdoors,Yoga Mat,150.19,6,0,1036.31,0.0,1036.31,Credit Card,0
ORD105733,2024-11-24,CUST03572,New,Central,Beauty & Personal Care,Skincare Kit,78.62,7,0,632.89,0.0,632.89,Cash on Delivery,0
ORD104443,2024-11-24,CUST02650,New,East,Beauty & Personal Care,Perfume,68.43,7,5,550.86,27.54,523.32,Credit Card,0
ORD105384,2024-11-24,CUST01632,New,East,Apparel,Yoga Pants,105.12,13,10,1571.54,157.15,1414.39,Credit Card,0
ORD105175,2024-11-24,CUST04169,Returning,North,Home & Kitchen,Air Fryer,149.74,1,0,172.2,0.0,172.2,Credit Card,0
ORD104882,2024-11-24,CUST04198,Returning,East,Apparel,Running Shoes,87.17,1,0,100.25,0.0,100.25,UPI,0
ORD104674,2024-11-24,CUST02344,Returning,North,Electronics,Wireless Earbuds,76.34,7,0,614.54,0.0,614.54,UPI,0
ORD103490,2024-11-25,CUST04178,New,South,Sports & Outdoors,Dumbbell Set,143.78,8,5,1322.78,66.14,1256.64,UPI,0
ORD101859,2024-11-25,CUST03068,New,West,Electronics,Wireless Earbuds,20.46,3,0,70.59,0.0,70.59,Credit Card,0
ORD100548,2024-11-25,CUST01831,New,North,Sports & Outdoors,Cycling Helmet,55.35,10,5,636.52,31.83,604.69,Cash on Delivery,0
ORD104837,2024-11-25,CUST03026,New,West,Beauty & Personal Care,Skincare Kit,21.5,6,0,148.35,0.0,148.35,Cash on Delivery,0
ORD103137,2024-11-25,CUST02268,Returning,West,Electronics,Wireless Earbuds,248.85,8,0,2289.42,0.0,2289.42,Credit Card,0
ORD104864,2024-11-25,CUST02268,Returning,West,Home & Kitchen,Air Fryer,138.86,7,5,1117.82,55.89,1061.93,Cash on Delivery,0
ORD100822,2024-11-26,CUST04446,New,West,Electronics,Power Bank,205.25,7,10,1652.26,165.23,1487.03,Debit Card,0
ORD105369,2024-11-26,CUST03137,New,West,Home & Kitchen,Air Fryer,83.03,4,20,381.94,76.39,305.55,Cash on Delivery,0
ORD102822,2024-11-26,CUST01744,New,East,Sports & Outdoors,Water Bottle,149.36,6,10,1030.58,103.06,927.52,Credit Card,0
ORD105252,2024-11-26,CUST03720,New,West,Apparel,Cotton T-Shirt,31.95,6,0,220.45,0.0,220.45,Net Banking,0
ORD101082,2024-11-26,CUST01078,Returning,North,Sports & Outdoors,Cycling Helmet,23.07,3,5,79.59,3.98,75.61,Credit Card,1
ORD103538,2024-11-26,CUST02243,New,South,Home & Kitchen,Vacuum Cleaner,172.96,3,0,596.71,0.0,596.71,Cash on Delivery,0
ORD103931,2024-11-26,CUST02742,New,East,Home & Kitchen,Air Fryer,122.08,6,0,842.35,0.0,842.35,Debit Card,0
ORD102637,2024-11-26,CUST04440,New,North,Electronics,Bluetooth Speaker,132.88,1,0,152.81,0.0,152.81,Credit Card,0
ORD101481,2024-11-27,CUST03727,Returning,North,Sports & Outdoors,Water Bottle,103.94,6,0,717.19,0.0,717.19,UPI,0
ORD100463,2024-11-27,CUST02062,New,Central,Beauty & Personal Care,Perfume,5.27,3,0,18.18,0.0,18.18,Credit Card,0
ORD100402,2024-11-28,CUST02341,Returning,West,Electronics,Wireless Earbuds,68.32,10,0,785.68,0.0,785.68,Cash on Delivery,0
ORD102692,2024-11-28,CUST03863,Returning,West,Home & Kitchen,Cookware Set,158.65,7,5,1277.13,63.86,1213.27,Credit Card,0
ORD105368,2024-11-28,CUST04756,New,North,Home & Kitchen,Air Fryer,162.1,3,0,559.24,0.0,559.24,Debit Card,0
ORD104466,2024-11-28,CUST03389,New,West,Beauty & Personal Care,Skincare Kit,65.41,7,15,526.55,78.98,447.57,UPI,0
ORD103691,2024-11-28,CUST04273,New,East,Beauty & Personal Care,Electric Trimmer,23.46,4,5,107.92,5.4,102.52,Credit Card,0
ORD102717,2024-11-28,CUST01350,VIP,West,Beauty & Personal Care,Perfume,58.84,4,0,270.66,0.0,270.66,UPI,0
ORD100699,2024-11-28,CUST02005,New,Central,Sports & Outdoors,Water Bottle,87.51,4,15,402.55,60.38,342.17,Credit Card,1
ORD103789,2024-11-28,CUST01449,New,West,Apparel,Yoga Pants,38.17,4,0,175.58,0.0,175.58,Credit Card,0
ORD101592,2024-11-28,CUST02767,VIP,South,Beauty & Personal Care,Electric Trimmer,43.46,4,0,199.92,0.0,199.92,UPI,0
ORD105102,2024-11-29,CUST04280,New,East,Electronics,Bluetooth Speaker,89.21,8,0,820.73,0.0,820.73,Credit Card,0
ORD100155,2024-11-29,CUST02234,New,East,Sports & Outdoors,Cycling Helmet,43.97,1,5,50.57,2.53,48.04,Credit Card,0
ORD105818,2024-11-29,CUST03609,New,Central,Sports & Outdoors,Camping Tent,151.9,4,5,698.74,34.94,663.8,Credit Card,0
ORD104825,2024-11-29,CUST03650,Returning,West,Home & Kitchen,Air Fryer,71.67,7,0,576.94,0.0,576.94,Debit Card,0
ORD103793,2024-11-29,CUST02743,New,Central,Electronics,Smartphone Case,133.12,6,20,918.53,183.71,734.82,UPI,0
ORD105138,2024-11-29,CUST02344,New,Central,Apparel,Winter Coat,46.18,13,0,690.39,0.0,690.39,UPI,0
ORD103932,2024-11-29,CUST03285,Returning,South,Home & Kitchen,Vacuum Cleaner,144.43,6,0,996.57,0.0,996.57,Debit Card,0
ORD100558,2024-11-29,CUST02865,VIP,West,Sports & Outdoors,Water Bottle,176.0,6,10,1214.4,121.44,1092.96,Credit Card,0
ORD100880,2024-11-29,CUST04616,New,Central,Electronics,Bluetooth Speaker,40.85,4,10,187.91,18.79,169.12,Credit Card,0
ORD104797,2024-11-29,CUST04673,New,West,Beauty & Personal Care,Skincare Kit,,8,20,143.98,28.8,115.18,Credit Card,0
ORD100210,2024-11-29,CUST01788,Returning,North,Home & Kitchen,Coffee Maker,164.66,4,0,757.44,0.0,757.44,Cash on Delivery,1
ORD101261,2024-11-30,CUST04437,VIP,East,Home & Kitchen,Cookware Set,163.79,8,0,1506.87,0.0,1506.87,UPI,1
ORD103878,2024-11-30,CUST04215,New,West,Apparel,Winter Coat,112.62,8,15,1036.1,155.42,880.68,UPI,0
ORD102224,2024-11-30,CUST02929,Returning,Central,Sports & Outdoors,Dumbbell Set,34.16,11,0,432.12,0.0,432.12,Cash on Delivery,0
ORD105246,2024-11-30,CUST01633,Returning,North,Home & Kitchen,Vacuum Cleaner,94.44,8,0,868.85,0.0,868.85,UPI,0
ORD105595,2024-11-30,CUST02786,New,North,Electronics,Smartphone Case,171.25,8,5,1575.5,78.78,1496.72,Credit Card,0
ORD100037,2024-11-30,CUST01441,Returning,North,Sports & Outdoors,Dumbbell Set,87.71,7,0,706.07,0.0,706.07,UPI,0
ORD104045,2024-11-30,CUST02830,Returning,South,Beauty & Personal Care,Perfume,42.42,8,0,390.26,0.0,390.26,UPI,0
ORD101617,2024-11-30,CUST01342,Returning,West,Home & Kitchen,Cookware Set,23.41,4,5,107.69,5.38,102.31,Cash on Delivery,1
ORD101646,2024-11-30,CUST04306,New,East,Home & Kitchen,Cookware Set,65.04,3,0,224.39,0.0,224.39,UPI,0
ORD104093,2024-11-30,CUST01302,Returning,West,Home & Kitchen,Coffee Maker,97.31,6,0,671.44,0.0,671.44,Credit Card,0
ORD101844,2024-11-30,CUST04472,New,East,Sports & Outdoors,Dumbbell Set,136.79,8,5,1258.47,62.92,1195.55,Cash on Delivery,0
ORD105358,2024-11-30,CUST03832,New,East,Apparel,Winter Coat,88.27,7,0,710.57,0.0,710.57,UPI,0
ORD100357,2024-11-30,CUST02260,Returning,Central,Beauty & Personal Care,Perfume,27.07,4,15,124.52,18.68,105.84,Debit Card,0
ORD102466,2024-11-30,CUST03980,New,Central,Sports & Outdoors,Yoga Mat,170.2,7,0,1370.11,0.0,1370.11,Net Banking,0
ORD102635,2024-12-01,CUST02735,New,East,Apparel,Yoga Pants,96.99,8,0,892.31,0.0,892.31,Credit Card,0
ORD103520,2024-12-01,CUST03657,Returning,East,Electronics,Bluetooth Speaker,22.08,6,0,152.35,0.0,152.35,UPI,0
ORD102999,2024-12-01,CUST04812,New,South,Beauty & Personal Care,Electric Trimmer,48.54,6,0,334.93,0.0,334.93,UPI,1
ORD101185,2024-12-01,CUST02472,VIP,Central,Electronics,Bluetooth Speaker,167.03,10,0,1920.84,0.0,1920.84,UPI,0
ORD100005,2024-12-01,CUST04188,Returning,North,Apparel,Running Shoes,47.6,3,0,164.22,0.0,164.22,UPI,0
ORD105143,2024-12-01,CUST01205,Returning,West,Electronics,Smartphone Case,180.45,4,20,830.07,166.01,664.06,Debit Card,0
ORD103219,2024-12-01,CUST02009,New,East,Sports & Outdoors,Dumbbell Set,148.38,7,5,1194.46,59.72,1134.74,UPI,0
ORD104202,2024-12-01,CUST03248,New,East,Beauty & Personal Care,Electric Trimmer,5.34,4,5,24.56,1.23,23.33,Net Banking,0
ORD100085,2024-12-02,CUST01445,New,North,Electronics,Smart Watch,59.37,7,0,477.93,0.0,477.93,Credit Card,0
ORD104115,2024-12-02,CUST03597,Returning,Central,Electronics,Smartphone Case,18.62,8,0,171.3,0.0,171.3,Credit Card,0
ORD105394,2024-12-02,CUST04248,New,North,Home & Kitchen,Blender,93.0,6,0,641.7,0.0,641.7,Credit Card,0
ORD102318,2024-12-02,CUST03945,Returning,South,Electronics,Smart Watch,18.53,3,5,63.93,3.2,60.73,UPI,0
ORD103084,2024-12-02,CUST04773,Returning,South,Home & Kitchen,Coffee Maker,53.22,3,5,183.61,9.18,174.43,UPI,0
ORD101333,2024-12-02,CUST02753,Returning,East,Beauty & Personal Care,Skincare Kit,29.55,4,15,135.93,20.39,115.54,UPI,0
ORD105107,2024-12-02,CUST01519,New,East,Apparel,Running Shoes,47.5,1,0,54.62,0.0,54.62,UPI,0
ORD105193,2024-12-02,CUST02054,Returning,Central,Sports & Outdoors,Dumbbell Set,50.66,8,10,466.07,46.61,419.46,Credit Card,0
ORD103568,2024-12-03,CUST03062,New,North,Electronics,Power Bank,106.61,4,0,490.41,0.0,490.41,Cash on Delivery,0
ORD100073,2024-12-03,CUST04811,New,East,Beauty & Personal Care,Skincare Kit,28.08,7,0,226.04,0.0,226.04,UPI,0
ORD102468,2024-12-03,CUST02190,New,North,Sports & Outdoors,Camping Tent,36.25,6,0,250.12,0.0,250.12,Credit Card,0
ORD103644,2024-12-03,CUST03763,New,East,Apparel,Denim Jacket,81.1,1,0,93.26,0.0,93.26,UPI,0
ORD105603,2024-12-03,CUST02948,New,South,Home & Kitchen,Blender,179.15,3,5,618.07,30.9,587.17,Debit Card,0
ORD102431,2024-12-03,CUST02926,New,South,Home & Kitchen,Coffee Maker,101.08,7,0,813.69,0.0,813.69,Debit Card,0
ORD102639,2024-12-03,CUST01600,New,South,Home & Kitchen,Cookware Set,172.51,4,0,793.55,0.0,793.55,Credit Card,0
ORD103499,2024-12-04,CUST03481,New,Central,Home & Kitchen,Coffee Maker,77.57,4,0,356.82,0.0,356.82,Net Banking,1
ORD100454,2024-12-04,CUST04087,New,East,Beauty & Personal Care,Face Serum,59.09,7,0,475.67,0.0,475.67,Debit Card,0
ORD103228,2024-12-04,CUST04391,New,Central,Apparel,Yoga Pants,75.21,4,0,345.97,0.0,345.97,UPI,0
ORD100787,2024-12-04,CUST01913,New,East,Electronics,Power Bank,118.43,8,0,1089.56,0.0,1089.56,Credit Card,0
ORD104713,2024-12-04,CUST04070,New,West,Beauty & Personal Care,Skincare Kit,48.47,1,0,55.74,0.0,55.74,Credit Card,0
ORD102736,2024-12-04,CUST03909,Returning,West,Home & Kitchen,Cookware Set,140.35,10,5,1614.02,80.7,1533.32,Credit Card,0
ORD101679,2024-12-04,CUST03078,Returning,Central,Electronics,Wireless Earbuds,97.99,3,0,338.07,0.0,338.07,Credit Card,0
ORD103243,2024-12-04,CUST02139,Returning,South,Electronics,Wireless Earbuds,217.23,1,15,249.81,37.47,212.34,Credit Card,0
ORD102044,2024-12-04,CUST04603,New,South,Home & Kitchen,Vacuum Cleaner,171.13,7,5,1377.6,68.88,1308.72,UPI,0
ORD100704,2024-12-04,CUST04358,Returning,West,Sports & Outdoors,Water Bottle,47.41,7,0,381.65,0.0,381.65,UPI,0
ORD102901,2024-12-04,CUST04527,VIP,South,Electronics,Wireless Earbuds,236.27,8,0,2173.68,0.0,2173.68,Debit Card,0
ORD102784,2024-12-04,CUST02923,Returning,West,Apparel,Winter Coat,66.82,4,0,307.37,0.0,307.37,Cash on Delivery,0
ORD101672,2024-12-05,CUST01861,New,North,Electronics,Wireless Earbuds,160.96,8,5,1480.83,74.04,1406.79,UPI,0
ORD101502,2024-12-05,CUST02536,New,Central,Home & Kitchen,Blender,164.23,4,0,755.46,0.0,755.46,Debit Card,0
ORD101339,2024-12-05,CUST04916,New,West,Apparel,Running Shoes,24.92,6,0,171.95,0.0,171.95,UPI,0
ORD105883,2024-12-06,CUST02797,New,Central,Home & Kitchen,Vacuum Cleaner,162.19,3,0,559.56,0.0,559.56,Credit Card,0
ORD100300,2024-12-06,CUST01157,Returning,North,Home & Kitchen,Air Fryer,77.49,7,0,623.79,0.0,623.79,UPI,0
ORD101712,2024-12-07,CUST01656,Returning,Central,Apparel,Running Shoes,15.43,6,0,106.47,0.0,106.47,Net Banking,0
ORD101943,2024-12-07,CUST03083,Returning,South,Electronics,Smartphone Case,229.72,7,10,1849.25,184.92,1664.33,Credit Card,0
ORD104071,2024-12-07,CUST01505,Returning,West,Home & Kitchen,Blender,26.94,10,10,309.81,30.98,278.83,Cash on Delivery,0
ORD101267,2024-12-07,CUST04557,New,East,Home & Kitchen,Vacuum Cleaner,101.66,6,15,701.45,105.22,596.23,Cash on Delivery,0
ORD102242,2024-12-08,CUST02960,Returning,Central,Electronics,Smartphone Case,110.73,7,0,891.38,0.0,891.38,Debit Card,0
ORD105062,2024-12-08,CUST04755,New,Central,Apparel,Denim Jacket,96.09,8,0,884.03,0.0,884.03,Credit Card,0
ORD103128,2024-12-08,CUST03777,New,East,Beauty & Personal Care,Electric Trimmer,52.34,8,0,481.53,0.0,481.53,Cash on Delivery,0
ORD102473,2024-12-08,CUST04516,Returning,South,Sports & Outdoors,Cycling Helmet,179.91,4,0,827.59,0.0,827.59,UPI,0
ORD103412,2024-12-08,CUST01099,Returning,South,Sports & Outdoors,Cycling Helmet,196.74,3,0,678.75,0.0,678.75,Net Banking,0
ORD102861,2024-12-08,CUST03615,Returning,East,Home & Kitchen,Cookware Set,52.84,4,0,243.06,0.0,243.06,Debit Card,0
ORD105418,2024-12-09,CUST02622,Returning,Central,Electronics,Bluetooth Speaker,228.01,6,5,1573.27,78.66,1494.61,Cash on Delivery,0
ORD100716,2024-12-09,CUST02647,New,North,Electronics,Smartphone Case,99.62,3,0,343.69,0.0,343.69,Credit Card,0
ORD102936,2024-12-09,CUST02137,New,West,Beauty & Personal Care,Hair Dryer,67.47,8,0,620.72,0.0,620.72,Credit Card,0
ORD104036,2024-12-09,CUST03970,Returning,South,Beauty & Personal Care,Face Serum,62.65,8,0,576.38,0.0,576.38,UPI,0
ORD100742,2024-12-09,CUST03906,VIP,West,Home & Kitchen,Air Fryer,108.8,4,5,500.48,25.02,475.46,Net Banking,0
ORD105892,2024-12-09,CUST04066,VIP,West,Sports & Outdoors,Yoga Mat,97.15,6,0,670.34,0.0,670.34,Credit Card,0
ORD104866,2024-12-09,CUST01662,New,North,Apparel,Yoga Pants,41.8,7,5,336.49,16.82,319.67,UPI,0
ORD101264,2024-12-09,CUST03130,Returning,East,Electronics,Bluetooth Speaker,31.99,6,0,220.73,0.0,220.73,Debit Card,0
ORD104844,2024-12-09,CUST03410,VIP,East,Home & Kitchen,Cookware Set,129.06,10,0,1484.19,0.0,1484.19,UPI,0
ORD105426,2024-12-10,CUST01429,New,South,Sports & Outdoors,Camping Tent,16.43,8,0,151.16,0.0,151.16,Debit Card,0
ORD100225,2024-12-10,CUST04094,Returning,South,Apparel,Yoga Pants,84.35,3,0,291.01,0.0,291.01,Credit Card,0
ORD102758,2024-12-10,CUST03284,Returning,East,Home & Kitchen,Air Fryer,146.65,3,0,505.94,0.0,505.94,Credit Card,0
ORD101166,2024-12-10,CUST02418,New,North,Apparel,Yoga Pants,87.38,6,0,602.92,0.0,602.92,UPI,0
ORD101510,2024-12-10,CUST02753,Returning,North,Beauty & Personal Care,Skincare Kit,31.68,8,0,291.46,0.0,291.46,UPI,0
ORD105824,2024-12-10,CUST03570,Returning,West,Apparel,Denim Jacket,18.94,3,10,65.34,6.53,58.81,UPI,0
ORD101410,2024-12-10,CUST02315,VIP,East,Electronics,Wireless Earbuds,19.51,3,20,67.31,13.46,53.85,Credit Card,0
ORD100934,2024-12-10,CUST04346,Returning,North,Home & Kitchen,Vacuum Cleaner,55.43,3,5,191.23,9.56,181.67,Debit Card,0
ORD102775,2024-12-10,CUST03004,Returning,East,Home & Kitchen,Vacuum Cleaner,87.43,6,0,603.27,0.0,603.27,Credit Card,0
ORD100182,2024-12-10,CUST03686,Returning,East,Sports & Outdoors,Camping Tent,65.39,6,0,451.19,0.0,451.19,UPI,0
ORD101519,2024-12-11,CUST02572,VIP,South,Beauty & Personal Care,Hair Dryer,86.03,3,0,296.8,0.0,296.8,UPI,0
ORD102078,2024-12-11,CUST04096,New,Central,Sports & Outdoors,Camping Tent,135.54,8,0,1246.97,0.0,1246.97,UPI,0
ORD101423,2024-12-11,CUST03056,New,West,Beauty & Personal Care,Perfume,89.1,7,5,717.25,35.86,681.39,Net Banking,0
ORD105830,2024-12-11,CUST03584,New,North,Sports & Outdoors,Dumbbell Set,137.1,4,0,630.66,0.0,630.66,UPI,1
ORD105716,2024-12-11,CUST04475,VIP,South,Sports & Outdoors,Cycling Helmet,42.46,7,0,341.8,0.0,341.8,Debit Card,0
ORD100252,2024-12-11,CUST02572,New,Central,Sports & Outdoors,Camping Tent,101.95,6,5,703.46,35.17,668.29,UPI,1
ORD105339,2024-12-12,CUST03607,New,South,Beauty & Personal Care,Perfume,69.6,3,0,240.12,0.0,240.12,Credit Card,0
ORD105093,2024-12-12,CUST01005,Returning,West,Sports & Outdoors,Water Bottle,116.62,7,0,938.79,0.0,938.79,Credit Card,0
ORD105211,2024-12-12,CUST03253,Returning,West,Home & Kitchen,Blender,162.81,1,0,187.23,0.0,187.23,Credit Card,0
ORD101103,2024-12-12,CUST02147,Returning,East,Electronics,Wireless Earbuds,79.39,7,0,639.09,0.0,639.09,UPI,0
ORD102251,2024-12-12,CUST03115,New,East,Electronics,Bluetooth Speaker,224.52,4,0,1032.79,0.0,1032.79,Credit Card,0
ORD103297,2024-12-13,CUST04461,Returning,North,Apparel,Running Shoes,92.0,8,5,846.4,42.32,804.08,Credit Card,1
ORD104566,2024-12-13,CUST01127,VIP,South,Beauty & Personal Care,Skincare Kit,11.86,7,5,95.47,4.77,90.7,UPI,0
ORD103707,2024-12-13,CUST02365,Returning,East,Apparel,Running Shoes,28.31,3,0,97.67,0.0,97.67,Debit Card,0
ORD101374,2024-12-13,CUST04850,New,North,Beauty & Personal Care,Perfume,27.63,6,0,190.65,0.0,190.65,Cash on Delivery,0
ORD103101,2024-12-13,CUST02153,Returning,South,Apparel,Yoga Pants,117.06,8,0,1076.95,0.0,1076.95,Credit Card,1
ORD101870,2024-12-14,CUST03521,New,West,Apparel,Yoga Pants,61.06,7,0,491.53,0.0,491.53,Credit Card,1
ORD105165,2024-12-14,CUST03565,Returning,North,Apparel,Winter Coat,22.15,6,0,152.83,0.0,152.83,Debit Card,0
ORD100894,2024-12-14,CUST02263,New,East,Home & Kitchen,Vacuum Cleaner,108.55,18,0,2246.98,0.0,2246.98,UPI,0
ORD104483,2024-12-14,CUST04114,New,North,Beauty & Personal Care,Perfume,8.23,6,15,56.79,8.52,48.27,UPI,0
ORD100634,2024-12-14,CUST02887,New,East,Apparel,Denim Jacket,69.83,8,5,642.44,32.12,610.32,UPI,0
ORD100748,2024-12-14,CUST04721,New,South,Sports & Outdoors,Camping Tent,61.14,6,0,421.87,0.0,421.87,UPI,0
ORD101799,2024-12-14,CUST04645,Returning,West,Home & Kitchen,Vacuum Cleaner,77.85,6,0,537.16,0.0,537.16,Cash on Delivery,0
ORD105539,2024-12-14,CUST04322,Returning,West,Electronics,Smartphone Case,227.27,4,5,1045.44,52.27,993.17,Credit Card,0
ORD104281,2024-12-14,CUST01367,VIP,North,Sports & Outdoors,Water Bottle,150.79,6,10,1040.45,104.05,936.4,Debit Card,0
ORD101281,2024-12-14,CUST01044,New,Central,Beauty & Personal Care,Electric Trimmer,18.47,4,20,84.96,16.99,67.97,Credit Card,0
ORD103906,2024-12-14,CUST01789,New,West,Electronics,Bluetooth Speaker,237.8,7,15,1914.29,287.14,1627.15,Cash on Delivery,0
ORD103498,2024-12-15,CUST01405,VIP,Central,Sports & Outdoors,Yoga Mat,55.08,4,5,253.37,12.67,240.7,UPI,0
ORD100963,2024-12-15,CUST04283,New,East,Sports & Outdoors,Cycling Helmet,40.34,11,5,510.3,25.52,484.78,UPI,0
ORD104877,2024-12-15,CUST01406,Returning,North,Electronics,Power Bank,64.85,7,0,522.04,0.0,522.04,UPI,0
ORD102116,2024-12-15,CUST01935,Returning,West,Home & Kitchen,Vacuum Cleaner,31.18,8,5,286.86,14.34,272.52,UPI,0
ORD102502,2024-12-15,CUST04036,New,East,Beauty & Personal Care,Hair Dryer,24.71,4,0,113.67,0.0,113.67,Cash on Delivery,0
ORD104028,2024-12-15,CUST02227,Returning,East,Beauty & Personal Care,Hair Dryer,29.35,6,5,202.52,10.13,192.39,Cash on Delivery,0
ORD104216,2024-12-16,CUST04621,New,Central,Sports & Outdoors,Yoga Mat,197.48,6,0,1362.61,0.0,1362.61,Cash on Delivery,0
ORD101682,2024-12-16,CUST04803,New,Central,Electronics,Bluetooth Speaker,16.43,4,0,75.58,0.0,75.58,UPI,0
ORD104743,2024-12-16,CUST02932,New,Central,Home & Kitchen,Cookware Set,36.56,4,0,168.18,0.0,168.18,UPI,0
ORD101825,2024-12-16,CUST02397,Returning,North,Home & Kitchen,Coffee Maker,88.04,7,5,708.72,35.44,673.28,Net Banking,0
ORD103656,2024-12-16,CUST04642,New,West,Electronics,Bluetooth Speaker,42.5,1,0,48.87,0.0,48.87,Credit Card,0
ORD104658,2024-12-16,CUST01420,New,Central,Home & Kitchen,Vacuum Cleaner,167.43,4,0,770.18,0.0,770.18,Credit Card,0
ORD100758,2024-12-17,CUST02685,VIP,West,Electronics,Wireless Earbuds,45.85,6,5,316.37,15.82,300.55,UPI,0
ORD101767,2024-12-17,CUST03389,New,East,Sports & Outdoors,Water Bottle,111.52,4,20,512.99,102.6,410.39,UPI,0
ORD105362,2024-12-17,CUST01469,VIP,Central,Electronics,Smartphone Case,86.46,1,0,99.43,0.0,99.43,Cash on Delivery,0
ORD105124,2024-12-17,CUST02260,New,West,Apparel,Cotton T-Shirt,45.17,8,0,415.56,0.0,415.56,Credit Card,0
ORD104012,2024-12-18,CUST04820,Returning,East,Electronics,Smart Watch,201.9,7,15,1625.29,243.79,1381.5,Net Banking,0
ORD105823,2024-12-18,CUST03692,New,South,Electronics,Bluetooth Speaker,66.2,8,5,609.04,30.45,578.59,UPI,0
ORD104640,2024-12-18,CUST04732,New,North,Apparel,Cotton T-Shirt,89.3,1,5,102.69,5.13,97.56,Credit Card,0
ORD105555,2024-12-18,CUST03212,New,East,Home & Kitchen,Coffee Maker,144.2,1,0,165.83,0.0,165.83,Debit Card,0
ORD101633,2024-12-18,CUST02727,New,North,Home & Kitchen,Air Fryer,93.41,3,0,322.26,0.0,322.26,UPI,0
ORD103105,2024-12-18,CUST01418,Returning,West,Home & Kitchen,Coffee Maker,146.81,3,5,506.49,25.32,481.17,Debit Card,0
ORD100568,2024-12-18,CUST03650,New,East,Home & Kitchen,Air Fryer,131.45,6,5,907.0,45.35,861.65,Debit Card,0
ORD104332,2024-12-19,CUST02866,VIP,South,Apparel,Winter Coat,49.85,6,0,343.96,0.0,343.96,Credit Card,0
ORD104697,2024-12-19,CUST04970,New,West,Apparel,Running Shoes,36.38,6,5,251.02,12.55,238.47,Debit Card,0
ORD101968,2024-12-19,CUST03351,Returning,West,Home & Kitchen,Cookware Set,58.05,6,15,400.54,60.08,340.46,Debit Card,0
ORD100866,2024-12-19,CUST03267,VIP,North,Electronics,Smart Watch,23.04,6,0,158.98,0.0,158.98,UPI,0
ORD105258,2024-12-20,CUST02532,New,West,Sports & Outdoors,Yoga Mat,88.17,7,0,709.77,0.0,709.77,Credit Card,0
ORD100088,2024-12-20,CUST04974,New,North,Electronics,Power Bank,237.01,6,10,1635.37,163.54,1471.83,Cash on Delivery,1
ORD105180,2024-12-20,CUST03376,New,North,Apparel,Denim Jacket,56.38,3,0,194.51,0.0,194.51,UPI,0
ORD102176,2024-12-20,CUST04638,New,South,Home & Kitchen,Cookware Set,51.22,6,5,353.42,17.67,335.75,Credit Card,0
ORD105747,2024-12-20,CUST03190,New,West,Home & Kitchen,Blender,68.65,6,0,473.69,0.0,473.69,UPI,0
ORD105089,2024-12-20,CUST04809,New,West,Home & Kitchen,Coffee Maker,102.29,6,0,705.8,0.0,705.8,Credit Card,1
ORD103807,2024-12-20,CUST03043,Returning,Central,Sports & Outdoors,Camping Tent,190.82,8,0,1755.54,0.0,1755.54,UPI,0
ORD105050,2024-12-20,CUST02420,New,North,Apparel,Denim Jacket,75.69,7,0,609.3,0.0,609.3,Credit Card,0
ORD105955,2024-12-20,CUST02759,New,South,Home & Kitchen,Vacuum Cleaner,105.38,11,0,1333.06,0.0,1333.06,Debit Card,0
ORD105988,2024-12-20,CUST03355,VIP,West,Electronics,Smart Watch,29.6,4,15,136.16,20.42,115.74,Credit Card,0
ORD100302,2024-12-20,CUST03457,VIP,North,Sports & Outdoors,Camping Tent,32.76,4,0,150.7,0.0,150.7,Credit Card,0
ORD105463,2024-12-20,CUST01083,New,East,Apparel,Denim Jacket,108.84,14,15,1752.32,262.85,1489.47,Cash on Delivery,0
ORD105615,2024-12-20,CUST03197,VIP,East,Apparel,Yoga Pants,50.5,4,0,232.3,0.0,232.3,Credit Card,0
ORD103522,2024-12-20,CUST02797,New,North,Beauty & Personal Care,Electric Trimmer,11.98,4,5,55.11,2.76,52.35,Net Banking,0
ORD104436,2024-12-21,CUST03853,New,Central,Sports & Outdoors,Yoga Mat,162.6,7,15,1308.93,196.34,1112.59,Cash on Delivery,0
ORD103918,2024-12-21,CUST04769,New,North,Apparel,Winter Coat,50.76,4,0,233.5,0.0,233.5,Cash on Delivery,0
ORD104901,2024-12-21,CUST04561,New,Central,Electronics,Bluetooth Speaker,101.28,7,20,815.3,163.06,652.24,UPI,0
ORD104557,2024-12-21,CUST02029,VIP,West,Sports & Outdoors,Yoga Mat,66.86,4,5,307.56,15.38,292.18,UPI,0
ORD104709,2024-12-21,CUST04758,New,Central,Sports & Outdoors,Dumbbell Set,129.31,4,5,594.83,29.74,565.09,Debit Card,0
ORD104932,2024-12-21,CUST01272,VIP,East,Electronics,Smartphone Case,199.62,6,10,1377.38,137.74,1239.64,Net Banking,1
ORD105709,2024-12-21,CUST03498,New,West,Beauty & Personal Care,Face Serum,73.01,3,0,251.88,0.0,251.88,Cash on Delivery,0
ORD101768,2024-12-21,CUST03883,VIP,West,Beauty & Personal Care,Skincare Kit,43.77,6,0,302.01,0.0,302.01,Credit Card,0
ORD105575,2024-12-21,CUST01996,New,North,Home & Kitchen,Cookware Set,48.92,4,0,225.03,0.0,225.03,UPI,0
ORD101287,2024-12-21,CUST02369,Returning,West,Home & Kitchen,Vacuum Cleaner,109.82,4,0,505.17,0.0,505.17,Credit Card,0
ORD105146,2024-12-22,CUST04488,Returning,Central,Apparel,Running Shoes,30.02,1,0,34.52,0.0,34.52,UPI,0
ORD103200,2024-12-22,CUST04074,VIP,West,Home & Kitchen,Coffee Maker,93.57,10,0,1076.05,0.0,1076.05,Credit Card,0
ORD104883,2024-12-22,CUST03699,Returning,Central,Electronics,Bluetooth Speaker,55.18,1,5,63.46,3.17,60.29,Credit Card,0
ORD101460,2024-12-22,CUST04900,Returning,North,Electronics,Smartphone Case,95.07,1,15,109.33,16.4,92.93,UPI,0
ORD101192,2024-12-23,CUST03575,Returning,East,Home & Kitchen,Cookware Set,51.08,7,0,411.19,0.0,411.19,UPI,0
ORD101863,2024-12-23,CUST01861,New,West,Home & Kitchen,Blender,66.06,6,0,455.81,0.0,455.81,Credit Card,0
ORD103709,2024-12-23,CUST01530,New,Central,Electronics,Smartphone Case,168.98,8,0,1554.62,0.0,1554.62,UPI,0
ORD105867,2024-12-24,CUST04905,Returning,Central,Apparel,Running Shoes,82.22,1,0,94.55,0.0,94.55,UPI,0
ORD103040,2024-12-24,CUST01224,Returning,Central,Home & Kitchen,Air Fryer,166.46,4,0,765.72,0.0,765.72,UPI,0
ORD100973,2024-12-24,CUST03971,Returning,Central,Sports & Outdoors,Cycling Helmet,124.8,6,5,861.12,43.06,818.06,Cash on Delivery,0
ORD100708,2024-12-24,CUST04630,Returning,South,Apparel,Winter Coat,71.39,3,0,246.3,0.0,246.3,UPI,0
ORD105853,2024-12-24,CUST03701,New,East,Electronics,Bluetooth Speaker,150.07,7,0,1208.06,0.0,1208.06,Cash on Delivery,0
ORD103014,2024-12-25,CUST04904,New,West,Electronics,Bluetooth Speaker,165.2,4,0,759.92,0.0,759.92,UPI,0
ORD103698,2024-12-25,CUST04284,New,East,Apparel,Cotton T-Shirt,54.17,7,20,436.07,87.21,348.86,Credit Card,0
ORD101877,2024-12-25,CUST04374,Returning,Central,Electronics,Bluetooth Speaker,179.4,6,0,1237.86,0.0,1237.86,Credit Card,0
ORD100087,2024-12-25,CUST03102,Returning,South,Electronics,Power Bank,238.75,8,5,2196.5,109.82,2086.68,Debit Card,0
ORD105201,2024-12-25,CUST02169,New,South,Electronics,Power Bank,103.52,7,5,833.34,41.67,791.67,UPI,0
ORD102588,2024-12-25,CUST01165,Returning,North,Sports & Outdoors,Yoga Mat,116.51,1,15,133.99,20.1,113.89,Cash on Delivery,0
ORD105112,2024-12-25,CUST01885,Returning,East,Electronics,Power Bank,203.38,7,0,1637.21,0.0,1637.21,UPI,0
ORD101022,2024-12-25,CUST04700,Returning,Central,Apparel,Winter Coat,33.54,4,0,154.28,0.0,154.28,Net Banking,0
ORD102804,2024-12-25,CUST03238,New,East,Beauty & Personal Care,Skincare Kit,58.59,6,5,404.27,20.21,384.06,Debit Card,0
ORD102074,2024-12-25,CUST01568,Returning,East,Electronics,Smartphone Case,211.94,8,5,1949.85,97.49,1852.36,Debit Card,0
ORD100127,2024-12-26,CUST02353,New,North,Beauty & Personal Care,Perfume,17.21,7,0,138.54,0.0,138.54,Credit Card,0
ORD102503,2024-12-26,CUST01075,Returning,South,Electronics,Smartphone Case,195.45,4,0,899.07,0.0,899.07,Credit Card,0
ORD102165,2024-12-26,CUST04156,New,East,Apparel,Denim Jacket,114.23,8,10,1050.92,105.09,945.83,Credit Card,0
ORD104531,2024-12-26,CUST01960,Returning,North,Apparel,Running Shoes,116.02,7,0,933.96,0.0,933.96,Debit Card,0
ORD105521,2024-12-26,CUST04935,VIP,West,Electronics,Smartphone Case,111.82,8,0,1028.74,0.0,1028.74,Credit Card,0
ORD103622,2024-12-26,CUST02738,Returning,West,Electronics,Power Bank,152.46,10,0,1753.29,0.0,1753.29,UPI,0
ORD104260,2024-12-26,CUST03181,VIP,East,Apparel,Cotton T-Shirt,58.16,6,0,401.3,0.0,401.3,Cash on Delivery,0
ORD105331,2024-12-26,CUST04225,Returning,East,Electronics,Wireless Earbuds,243.41,8,20,2239.37,447.87,1791.5,Credit Card,0
ORD101759,2024-12-26,CUST02574,VIP,South,Apparel,Running Shoes,32.43,13,10,484.83,48.48,436.35,Net Banking,0
ORD103663,2024-12-26,CUST01448,Returning,East,Apparel,Running Shoes,17.44,7,5,140.39,7.02,133.37,Debit Card,0
ORD102916,2024-12-26,CUST03007,Returning,North,Electronics,Smartphone Case,180.77,3,15,623.66,93.55,530.11,Credit Card,0
ORD101129,2024-12-26,CUST01887,New,South,Electronics,Smart Watch,184.54,8,0,1697.77,0.0,1697.77,Debit Card,0
ORD100870,2024-12-26,CUST03324,New,East,Electronics,Power Bank,146.9,3,15,506.81,76.02,430.79,Debit Card,0
ORD104900,2024-12-26,CUST01746,Returning,North,Electronics,Wireless Earbuds,173.85,1,20,199.93,39.99,159.94,Credit Card,0
ORD105313,2024-12-26,CUST04123,New,South,Apparel,Denim Jacket,86.69,4,0,398.77,0.0,398.77,UPI,0
ORD103527,2024-12-26,CUST04774,Returning,South,Electronics,Bluetooth Speaker,183.06,3,15,631.56,94.73,536.83,Credit Card,0
ORD105233,2024-12-26,CUST04298,Returning,central,Electronics,Power Bank,199.9,4,0,919.54,0.0,919.54,Debit Card,0
ORD104143,2024-12-26,CUST02441,Returning,East,Beauty & Personal Care,Hair Dryer,74.59,6,0,514.67,0.0,514.67,Net Banking,0
ORD105546,2024-12-27,CUST02645,Returning,East,Beauty & Personal Care,Electric Trimmer,59.97,4,0,275.86,0.0,275.86,UPI,0
ORD100518,2024-12-27,CUST02843,New,Central,Sports & Outdoors,Yoga Mat,132.56,8,0,1219.55,0.0,1219.55,Credit Card,0
ORD100083,2024-12-27,CUST01545,New,Central,Apparel,Yoga Pants,24.2,6,0,166.98,0.0,166.98,Credit Card,0
ORD103272,2024-12-27,CUST02639,Returning,North,Home & Kitchen,Air Fryer,177.16,4,0,814.94,0.0,814.94,Net Banking,0
ORD101285,2024-12-27,CUST02603,Returning,North,Apparel,Winter Coat,41.82,4,0,192.37,0.0,192.37,UPI,0
ORD101434,2024-12-27,CUST02739,Returning,Central,Apparel,Running Shoes,66.02,4,0,303.69,0.0,303.69,Cash on Delivery,0
ORD104724,2024-12-27,CUST02277,VIP,East,Sports & Outdoors,Yoga Mat,41.91,6,10,289.18,28.92,260.26,Net Banking,0
ORD100399,2024-12-27,CUST01260,Returning,South,Apparel,Yoga Pants,64.69,4,0,297.57,0.0,297.57,UPI,0
ORD101306,2024-12-27,CUST03462,Returning,East,Sports & Outdoors,Cycling Helmet,56.47,6,10,389.64,38.96,350.68,Debit Card,0
ORD103095,2024-12-27,CUST04661,Returning,Central,Sports & Outdoors,Yoga Mat,45.4,8,15,417.68,62.65,355.03,Cash on Delivery,0
ORD102259,2024-12-27,CUST04973,Returning,North,Sports & Outdoors,Cycling Helmet,167.6,10,0,1927.4,0.0,1927.4,UPI,0
ORD101407,2024-12-27,CUST03190,New,East,Electronics,Power Bank,160.01,10,0,1840.11,0.0,1840.11,UPI,0
ORD101538,2024-12-27,CUST01715,Returning,South,Electronics,Wireless Earbuds,30.66,6,5,211.55,10.58,200.97,UPI,0
ORD105792,2024-12-28,CUST04353,Returning,Central,Apparel,Denim Jacket,73.3,4,10,337.18,33.72,303.46,UPI,1
ORD103159,2024-12-28,CUST02743,Returning,West,Apparel,Cotton T-Shirt,72.14,6,0,497.77,0.0,497.77,Debit Card,0
ORD100124,2024-12-28,CUST02745,New,North,Home & Kitchen,Coffee Maker,43.38,7,0,349.21,0.0,349.21,UPI,0
ORD103738,2024-12-28,CUST01715,Returning,Central,Electronics,Smartphone Case,211.67,6,0,1460.52,0.0,1460.52,Credit Card,0
ORD102715,2024-12-28,CUST03011,Returning,East,Sports & Outdoors,Camping Tent,199.34,6,0,1375.45,0.0,1375.45,Net Banking,0
ORD103015,2024-12-28,CUST01008,VIP,West,Beauty & Personal Care,Electric Trimmer,16.84,6,15,116.2,17.43,98.77,UPI,0
ORD104203,2024-12-28,CUST02908,New,East,Electronics,Bluetooth Speaker,71.16,6,5,491.0,24.55,466.45,Credit Card,0
ORD104974,2024-12-28,CUST04380,Returning,East,Beauty & Personal Care,Hair Dryer,47.73,7,20,384.23,76.85,307.38,Debit Card,0
ORD103980,2024-12-28,CUST02839,Returning,South,Home & Kitchen,Vacuum Cleaner,45.38,3,10,156.56,15.66,140.9,Net Banking,0
ORD100555,2024-12-29,CUST04289,New,West,Electronics,Smart Watch,26.54,6,15,183.13,27.47,155.66,Credit Card,0
ORD101780,2024-12-29,CUST04618,New,East,Electronics,Bluetooth Speaker,166.75,4,0,767.05,0.0,767.05,Debit Card,0
ORD102817,2024-12-29,CUST03375,New,West,Apparel,Denim Jacket,23.04,4,15,105.98,15.9,90.08,Credit Card,0
ORD100533,2024-12-29,CUST04696,New,West,Sports & Outdoors,Water Bottle,33.09,4,0,152.21,0.0,152.21,Net Banking,0
ORD103819,2024-12-29,CUST03567,New,North,Electronics,Wireless Earbuds,158.05,6,0,1090.55,0.0,1090.55,UPI,0
ORD104152,2024-12-29,CUST04247,New,North,Home & Kitchen,Air Fryer,126.32,3,0,435.8,0.0,435.8,UPI,0
ORD103694,2024-12-29,CUST02435,VIP,Central,Home & Kitchen,Coffee Maker,158.01,8,0,1453.69,0.0,1453.69,UPI,0
ORD105807,2024-12-29,CUST02648,Returning,North,Electronics,Smartphone Case,229.7,3,15,792.46,118.87,673.59,Cash on Delivery,0
ORD102852,2024-12-30,CUST04467,New,Central,Home & Kitchen,Vacuum Cleaner,95.26,8,0,876.39,0.0,876.39,Debit Card,0
ORD100223,2024-12-30,CUST03709,New,Central,Home & Kitchen,Air Fryer,95.31,3,15,328.82,49.32,279.5,Debit Card,0
ORD100075,2024-12-30,CUST03803,Returning,Central,Beauty & Personal Care,Perfume,5.75,4,0,26.45,0.0,26.45,Credit Card,0
ORD105873,2024-12-30,CUST03625,New,Central,Sports & Outdoors,Dumbbell Set,160.31,6,0,1106.14,0.0,1106.14,Credit Card,0
ORD100847,2024-12-30,CUST03750,Returning,West,Home & Kitchen,Cookware Set,102.07,6,10,704.28,70.43,633.85,Credit Card,0
ORD103203,2024-12-30,CUST02563,Returning,South,Electronics,Power Bank,173.85,6,0,1199.56,0.0,1199.56,Credit Card,0
ORD104750,2024-12-30,CUST01387,New,South,Sports & Outdoors,Camping Tent,102.37,6,0,706.35,0.0,706.35,UPI,0
ORD101667,2024-12-31,CUST01685,Returning,West,Sports & Outdoors,Dumbbell Set,187.25,10,20,2153.38,430.68,1722.7,Credit Card,0
ORD105048,2024-12-31,CUST02643,Returning,West,Apparel,Cotton T-Shirt,24.69,4,0,113.57,0.0,113.57,Credit Card,0
ORD103503,2024-12-31,CUST01949,New,South,Home & Kitchen,Coffee Maker,122.43,4,0,563.18,0.0,563.18,Credit Card,0
ORD102445,2024-12-31,CUST03571,Returning,West,Electronics,Smart Watch,116.83,3,0,403.06,0.0,403.06,UPI,0
ORD101325,2024-12-31,CUST01761,New,North,Electronics,Smartphone Case,162.67,7,0,1309.49,0.0,1309.49,Debit Card,0
ORD105862,2024-12-31,CUST03003,Returning,Central,Home & Kitchen,Air Fryer,68.75,3,5,237.19,11.86,225.33,Credit Card,0
ORD102669,2024-12-31,CUST03147,Returning,North,Beauty & Personal Care,Skincare Kit,37.92,6,0,261.65,0.0,261.65,Cash on Delivery,0
ORD104301,2024-12-31,CUST03760,Returning,South,Electronics,Smartphone Case,96.13,7,0,773.85,0.0,773.85,Net Banking,0
ORD105130,2024-12-31,CUST02989,Returning,Central,Apparel,Cotton T-Shirt,38.99,6,10,269.03,26.9,242.13,Debit Card,0
